stable_index,thread_url,comment_id,parent_id,body,score,created_utc,author_anon
0,https://www.reddit.com/r/VictoriasSecret/comments/1o7rlmq/fashion_show_2025_opinions/,njpqysq,t3_1o7rlmq,"Very meh. 

Too much focus on the performers. Lots of stiff models.",61,1760573957.0,User_1
1,https://www.reddit.com/r/VictoriasSecret/comments/1o7rlmq/fashion_show_2025_opinions/,njpq9dd,t3_1o7rlmq,"I did not like the end at all. I think they should’ve had more looks with the angels walking around Missy Elliot like they did with the other artists. I felt like I was watching a concert at the end, it didn’t feel like VS at all.",68,1760573713.0,User_2
2,https://www.reddit.com/r/VictoriasSecret/comments/1o7rlmq/fashion_show_2025_opinions/,njpr3mx,t3_1o7rlmq,We have had better fashion shows tbh.. I watched the live stream on my TikTok & I didn’t like the camera angles. Plus I felt like the show went by wayyy too fast. I missed how the old performances in a straight runway rather than like the circle? Also I didn’t care for the VS PINK looks :/ I just really liked the old style fashion shows 😭 but that’s just my opinion! Lol,20,1760574004.0,User_3
3,https://www.reddit.com/r/VictoriasSecret/comments/1o7rlmq/fashion_show_2025_opinions/,njpyvkz,t3_1o7rlmq,"It was better than the last one, like no slick back pony tails but still a bit disappointing. I feel like the stylist completely changed…. It’s still nothing compared to the ones they did in like 2010-2018",19,1760576816.0,User_4
4,https://www.reddit.com/r/VictoriasSecret/comments/1o7rlmq/fashion_show_2025_opinions/,njptfr2,t3_1o7rlmq,"Bring back glitz, more emphasis on showing the product versus layers, extravagant wings & a fantasy bra please 🪽😇",19,1760574848.0,user_deleted
5,https://www.reddit.com/r/VictoriasSecret/comments/1o7rlmq/fashion_show_2025_opinions/,njq8zlq,t3_1o7rlmq,It was WAYYYYY BETTER than last year.  I personally really liked it,12,1760580536.0,User_5
6,https://www.reddit.com/r/VictoriasSecret/comments/1o7rlmq/fashion_show_2025_opinions/,njqalhq,t3_1o7rlmq,I love the karol G portion! She was giving the old sexy VS vibes and the black theme they did. I was super excited for madison beer but idk i didnt like the songs she was singing or something,11,1760581154.0,User_6
7,https://www.reddit.com/r/VictoriasSecret/comments/1o7rlmq/fashion_show_2025_opinions/,njqj73l,t3_1o7rlmq,new models need to step it up because the OGs are carrying!,10,1760584615.0,User_7
8,https://www.reddit.com/r/VictoriasSecret/comments/1o7rlmq/fashion_show_2025_opinions/,njptrbf,t3_1o7rlmq,"Very mid, like some of the designs were very lackluster and just odd and not in a fashionably strange way? Like that bra over the tee shirt tucked into panties... A lot of the girls looked a bit unsure of themselves, like was the runway slippery? The hair was hit or miss, like some of the hair was too straight and flat with no volume... And I also felt like there was a noticeable amount of filler and face-lift-tight faces. Idk just not enough expression or flair for me.",21,1760574964.0,User_8
9,https://www.reddit.com/r/VictoriasSecret/comments/1o7rlmq/fashion_show_2025_opinions/,njq8o9o,t3_1o7rlmq,"I said this on the other discussion thread, but one of the biggest benefits of previous shows was that it was edited. I understand the live element is more beneficial for social media, but the show does better being edited together from multiple walks.

The outfits were much better this year, as was the hair (thank you blow outs and volume) but with the way models were walking the outfits couldn’t be emphasized as much. 

Ultimately, the VS Fashion show is a hybrid of fashion show and concert for their holiday collection. Just let it be that!",9,1760580419.0,User_9
10,https://www.reddit.com/r/VictoriasSecret/comments/1o7rlmq/fashion_show_2025_opinions/,njq10rc,t3_1o7rlmq,"I liked most of it! Agree that there’s some stuff to be improved upon though, but it was definitely an effort",7,1760577598.0,User_10
11,https://www.reddit.com/r/VictoriasSecret/comments/1o7rlmq/fashion_show_2025_opinions/,njqgqv3,t3_1o7rlmq,"Net improvement from 2024, but definitely room to grow. The Karol G portion was my favorite, got a glimpse into the ""very sexy"" red that VS is known for. I knew the looks for PINK would be unpopular, but since it is geared towards younger girls, I was happy to see more coverage. The end was just odd and random. No hate to Missy Elliot, she can put on an amazing performance, but the last section of a fashion show with no models?? With this said, no slickback in sight!",7,1760583593.0,User_11
12,https://www.reddit.com/r/VictoriasSecret/comments/1o7rlmq/fashion_show_2025_opinions/,njprnab,t3_1o7rlmq,I honestly feel like VS needs to start being beauty exclusive again…. A lot of these models seemed very pedestrian like school principal at 2 VS runway at 4 type of vibes. It’s okay for brands to highlight a certain look.,28,1760574201.0,User_12
13,https://www.reddit.com/r/VictoriasSecret/comments/1o7rlmq/fashion_show_2025_opinions/,njqgqdb,t3_1o7rlmq,Felt like performers line up could have been better tbh. Sabrina Carpenter would be perfect especially with the new album. Along with Katseye,7,1760583587.0,User_13
14,https://www.reddit.com/r/VictoriasSecret/comments/1o7rlmq/fashion_show_2025_opinions/,njr4402,t3_1o7rlmq,"An improvement from last year for sure but still needs a ton of improvement. Skip the pre show (which weirdly was supposed to be 30 minutes but ran for 47 and the show didn’t even start until another 5 minutes after that).  Better and more clear theming. Pink section had no clear theme at all, Need better outfits all around. More glitz, glamour and glitter. Bring back the fantasy bra.  Influencers need to go, models only. Also need models that have more attitude, sass and personality and don’t do the typical high fashion walk. Remember 1 girl who blew a kiss stone faced twice, didn’t smile, wink, nothing. I also agree with those who say that the show suffers from being live. Prerecorded is better as everyone gives their best walk and we wouldn’t have had to listen to a terrible performance as they could’ve redone it or chosen to lip sync after they got feedback. I also think the show is missing those little bits where they give us a behind the scenes look at casting, designing the pieces and the fantasy bra, getting to see the reaction of the model who will wear the fantasy bra, etc. Also ending on a 10 minute long performance with no models walking was a terrible choice. ",7,1760595045.0,User_14
15,https://www.reddit.com/r/VictoriasSecret/comments/1o7rlmq/fashion_show_2025_opinions/,njpudwv,t3_1o7rlmq,Better than last year but still mehh. The music didnt correlate with some of the outfits and the newer models were very stiff. I know they are trying to be more inclusive but influencers shouldn't be on the runway as models. The OG models blew the newer ones out of the water. Also where the heck is the fantasy bra?,11,1760575191.0,User_15
16,https://www.reddit.com/r/VictoriasSecret/comments/1o7rlmq/fashion_show_2025_opinions/,njqd0ml,t3_1o7rlmq,"Better than the last years but nowhere near as iconic as its heyday. They really need to stop giving any spotlights to influencers and obviously fake/plastic bodies. The OGs still cannot be beat, they all had their own personalities and sass in a way that’s authentic, it’s so obviously the difference between the previous models to the social medial personalities. 
Outfits were also just okay, some good ones but others seemed to just want to be different for the sake of being different, rather than showcasing any artistry or glamor",6,1760582102.0,User_16
17,https://www.reddit.com/r/VictoriasSecret/comments/1o7rlmq/fashion_show_2025_opinions/,njqroiw,t3_1o7rlmq,I think it improved but it somehow lacked themeing. like the songs didnt really match the theme of each section except karol g. and the themes were too vague. i feel like it was missing design/creative elements. Many of the models seemed to lack confidance.,6,1760588457.0,User_17
18,https://www.reddit.com/r/VictoriasSecret/comments/1o7rlmq/fashion_show_2025_opinions/,njqt4rg,t3_1o7rlmq,"love the first part of the Karol G section, Bella Hadid opening was amazing! She absolutely killed it. The Pink section was awful and super pedestrian. Wish they could remix the songs better, the transition between each song was awkward. It's like they played 30 seconds of each song that dont go together.",5,1760589175.0,User_18
19,https://www.reddit.com/r/VictoriasSecret/comments/1o7rlmq/fashion_show_2025_opinions/,njr8aqn,t3_1o7rlmq,I was watching the buildup and the hair stylist was saying how they were bringing back blowouts but making them ‘sleeker and more modern’ and I was instantly like NOOOO. And we ended up with hair that for the most part looked like blowouts that had just fallen flat? The old hair is iconic. What is so hard 😭😂,6,1760597473.0,user_deleted
20,https://www.reddit.com/r/VictoriasSecret/comments/1o7rlmq/fashion_show_2025_opinions/,njppyk4,t3_1o7rlmq,Chop,9,1760573612.0,user_deleted
21,https://www.reddit.com/r/VictoriasSecret/comments/1o7rlmq/fashion_show_2025_opinions/,njq72c9,t3_1o7rlmq,"I loved seeing Missy perform, and I liked the different wings.",6,1760579830.0,User_19
22,https://www.reddit.com/r/VictoriasSecret/comments/1o7rlmq/fashion_show_2025_opinions/,njr4txw,t3_1o7rlmq,They brought back the old hair so that makes me happy as well as some classic VS models,5,1760595459.0,User_20
23,https://www.reddit.com/r/VictoriasSecret/comments/1o7rlmq/fashion_show_2025_opinions/,njq5obb,t3_1o7rlmq,"It was an improvement from last year - I loved some looks , others not so much. & I agree with the other commenter that they need to go back to being beauty exclusive. The whole reason I admired Victoria’s Secret & loved watching the fashion shows growing up was bc they were selling a fantasy. & that was so fun to watch bc it isn’t the norm!",6,1760579319.0,User_21
24,https://www.reddit.com/r/VictoriasSecret/comments/1o7rlmq/fashion_show_2025_opinions/,njqsdo6,t3_1o7rlmq,3.5 out of 5 ,3,1760588798.0,User_22
25,https://www.reddit.com/r/VictoriasSecret/comments/1o7rlmq/fashion_show_2025_opinions/,njqy32t,t3_1o7rlmq,"Definitely much better than last years show, however! I found none of them really had any excitement - usually they’re bubbly and confident walking the stage. They all looked uncomfortable and nervous. Which is why they need to stop with this BS of having insta models/influencers instead of actual models. There were just so many randoms!! The OGs were great but even they didn’t seem that ecstatic. Bella seemed really off also :( 

The performers weren’t that great either and I felt like they had so many??? Like it was a concert with ‘models’",3,1760591709.0,User_23
26,https://www.reddit.com/r/VictoriasSecret/comments/1o7rlmq/fashion_show_2025_opinions/,njr6sw6,t3_1o7rlmq,"honestly compared to last year’s show, it’s definitely an improvement. they really listened to their audience in terms of the looks, hair, glam, glitter, etc. the ending was a bit of a mess i’ll admit. this year’s show was definitely a step in the right direction from VS.

i give it a solid 7.5/10, i really liked this year’s show, although there’s still a few key things missing from the original shows.",3,1760596613.0,User_24
27,https://www.reddit.com/r/VictoriasSecret/comments/1o7rlmq/fashion_show_2025_opinions/,njrjwj6,t3_1o7rlmq,"It was an improvement but they have more changee to make so that it is ideal.
1. No breaks between the catwalks. In the past they used to interbiew the girls or film them during fun activities and it would honestly keep you so engaged.
2. No backstage filming. We had 2 moments with the models filmed backstage during the runway and in one of them we only saw the girls's backs. Seeing the girls's reaction to the other girls on stage made me wish i was also part of the ""VS family"".
3. Costuming themes. I understand that they probably did almost any theme we could come up with but i would rather see reinterpretations over bad/vague themes like this year's. During the interviews they kept mentioning they wanted this year to feel super fun and the themes didn't make it fun.
4. Costumes. The wings this year compared to last year? Big improvement. But the actual rest of the costumes to me looked just as cheap as last year. They kept talking about how you can buy everything you see on the runway and it showed that selling those things was more of a priority than creating the mesmerizing fantasy we used to have in the past. When i saw fully clothed models in daily attire on the rumway i thought i lost it. I saw one or two fun outfits from pink that felt more like the good old days but it was a rarity.
5. Performers. This year i felt like they clearly prioritized artists that would also love to be literally angels, not actual talents that would enhance the performance. Only pretty faces that we could also see in underwear and that they could also give wings to (not everyone on stage needs to have wings). My boyfriend said the music felt like lift music besides the last performance.",3,1760604701.0,User_25
28,https://www.reddit.com/r/VictoriasSecret/comments/1o7rlmq/fashion_show_2025_opinions/,njpqxg6,t3_1o7rlmq,Missy Elliot’s performance was tacky and there was no segment,12,1760573944.0,User_26
29,https://www.reddit.com/r/VictoriasSecret/comments/1o7rlmq/fashion_show_2025_opinions/,njsdib4,t3_1o7rlmq,"I didn’t get the theme at all, felt very thrown together last minute.",2,1760619184.0,User_27
30,https://www.reddit.com/r/VictoriasSecret/comments/1o7rlmq/fashion_show_2025_opinions/,nju0u7f,t3_1o7rlmq,"Much better than last year. Not the same as the old shows but I enjoyed it for the most part. The influencer and celebrities have got to go, though. There’s a noticeable difference and they look out of place on the runway.",2,1760637354.0,User_28
31,https://www.reddit.com/r/VictoriasSecret/comments/1o7rlmq/fashion_show_2025_opinions/,nk76yob,t3_1o7rlmq,"As someone who use to watch the VS show religiously, this show was not it. The looks were lackluster and the walks were atrocious, mostly from the influencers, athletes, and celebrities. They should have had someone train and critique them on their walks because they looked awkward and uncomfortable.",2,1760819983.0,User_29
32,https://www.reddit.com/r/VictoriasSecret/comments/1o7rlmq/fashion_show_2025_opinions/,njq06ee,t3_1o7rlmq,Especially towards the end it felt like they were trying too much to go with the savage x Fenty shows vibe (which I loved so much 😩),3,1760577291.0,User_30
33,https://www.reddit.com/r/VictoriasSecret/comments/1o7rlmq/fashion_show_2025_opinions/,njq0d6t,t3_1o7rlmq,"Overall improvement, but Missy stole the show! I loved all the dancing, the lights, the energy! Why didn’t they deliver the same for the models?",1,1760577359.0,User_31
34,https://www.reddit.com/r/VictoriasSecret/comments/1o7rlmq/fashion_show_2025_opinions/,njql6x6,t3_1o7rlmq,better but still FAR from what it once was … the outfits still look so cheap and there are too many models,1,1760585479.0,User_32
35,https://www.reddit.com/r/VictoriasSecret/comments/1o7rlmq/fashion_show_2025_opinions/,njs4ify,t3_1o7rlmq,"The entire PINK collection was hideous, and the models who had to walk it were done so dirty. All that was accompanied by TWICE and their shaky live vocals, which were not the best they've done.",1,1760615675.0,User_33
36,https://www.reddit.com/r/VictoriasSecret/comments/1o7rlmq/fashion_show_2025_opinions/,nju8orl,t3_1o7rlmq,"I think it was a big step in the right direction! I loved all the different wings and most of the VS segment outfits. The VS PINK halftime was okay, the outfits felt really lazily put together and most of the models walks were terrible. Overall, it was significantly better than the last show and I really hope they keep this momentum so the next one is even better. 

The only thing that 100% has to go is the influencers walking the runway!! They need to bring back vetting models from all over the world, making sure their walks are perfect and fully preparing them for the show!! Don't get me wrong, I love the inclusivity but there are professional models of all different shapes and sizes who know how to captivate an audience and walk the runway. I know they only include them to create buzz around the show but it really gets tiring to watch.",1,1760639701.0,User_34
37,https://www.reddit.com/r/VictoriasSecret/comments/1o7rlmq/fashion_show_2025_opinions/,njvi52b,t3_1o7rlmq,"they need to bring back BETTER THEMES like i swear nowadays it’s just like red, gold, black, etc color section but there’s no theme anymore. I miss when we had like cool unique ideas like british invasion & the circus theme. Also the outfits and wings still look cheap (esp shoes they need to bring back the custom heels/boots)",1,1760653893.0,User_35
38,https://www.reddit.com/r/VictoriasSecret/comments/1o7rlmq/fashion_show_2025_opinions/,njwjg71,t3_1o7rlmq,"for me it was like they showered the models with massive spray tan, the show was flat for me ",1,1760667152.0,User_36
39,https://www.reddit.com/r/VictoriasSecret/comments/1o7rlmq/fashion_show_2025_opinions/,njwma8h,t3_1o7rlmq,missy elliots performance was strangely long without any models,1,1760668167.0,User_37
40,https://www.reddit.com/r/VictoriasSecret/comments/1o7rlmq/fashion_show_2025_opinions/,njzeaip,t3_1o7rlmq,show was good until they brought ashley graham out models are supposed to look good,1,1760713329.0,User_38
41,https://www.reddit.com/r/VictoriasSecret/comments/1o7rlmq/fashion_show_2025_opinions/,nk06zh5,t3_1o7rlmq,I thought it was amazing! So fun,1,1760721827.0,User_39
42,https://www.reddit.com/r/VictoriasSecret/comments/1o7rlmq/fashion_show_2025_opinions/,nk37yk9,t3_1o7rlmq,"Watch the docudrama about the rise and fall of Victoria's Secret and you will understand a lot of the changes; nobody wants to go back to an Epstein world. Frankly, I'm surprised the angels are back even if they are iconic and what most of us grew up knowing.",1,1760760052.0,User_40
43,https://www.reddit.com/r/VictoriasSecret/comments/1o7rlmq/fashion_show_2025_opinions/,nk56x5s,t3_1o7rlmq,"I liked the last show in 2024 a bit more. The reason is I liked the actual lingerie pieces better in 2024--there were so many new styles shown during the show and more new styles were available to buy post-show. And the artists were so much better: Black Pink, Cher, Tyla, Orianthi. Plus the ""black tie"" section in 2025 was a copy of the ""heroes"" section in 2024 (black lace), and the ""hot pursuit"" section in 2025 was a copy of ""unwrap the magic"" in 2024 (the color vermillion). I do not like Missy Elliot (this is just my personal taste in music), but even if I did like her, I wouldn't like how the end of the show was just her long concert ending the show, no additional models, and she was in front of the models at the finale walk.

This time, the outfits and wings were way better (ie the clothes and ornaments on top of the lingerie were much more inspired, not the lingerie itself). The energy was better compared to 2024. There is one innovative look which I will buy (showgirl), and another I might buy (beautiful bows). I love the color mint crush, so I will definitely purchase this, but the actual bra design is not new.",1,1760796900.0,User_41
44,https://www.reddit.com/r/VictoriasSecret/comments/1o7rlmq/fashion_show_2025_opinions/,nk6kv8y,t3_1o7rlmq,I have yet to watch it but the best one they ever had was 2018 or 2019 - whatever the last one was before they went body positive.,1,1760812797.0,User_42
45,https://www.reddit.com/r/VictoriasSecret/comments/1o7rlmq/fashion_show_2025_opinions/,nkbsgoe,t3_1o7rlmq,I seen a video of the models twerking. I didn’t even bother to watch it after that. I wish it was like it used to be.,1,1760890305.0,User_43
46,https://www.reddit.com/r/VictoriasSecret/comments/1o7rlmq/fashion_show_2025_opinions/,nkd2cyj,t3_1o7rlmq,"Its not real anymore like before. The start is also very stupied. Its like a cheap remake of the original show. 
And to much focus on the artists. I dont care the artists and this year the music was too boring.",1,1760903449.0,User_44
47,https://www.reddit.com/r/VictoriasSecret/comments/1o7rlmq/fashion_show_2025_opinions/,nl5v0vv,t3_1o7rlmq,The retro or 1990s early 2000s music towards the end was off since it wasn’t balanced with a strong fashion aesthetic ( in the end). Heavy focus on the musicians and not the models. I liked the consistency of the themes and the flirtyness. LOVED the masquerade mask wing. This was an example of the spontaneous and limited creative moments the show had. All in all the show was a spectacle. ,1,1761323741.0,User_45
48,https://www.reddit.com/r/VictoriasSecret/comments/1o7rlmq/fashion_show_2025_opinions/,nm20xxb,t3_1o7rlmq,"What was with the two different bras and 2 different panties on the models???? It's not fashionable..it's so stupid.
And now they're using those photos to show in the galleries of said bras and panties..... Like you can't even see it really so just why?",1,1761763592.0,User_46
49,https://www.reddit.com/r/VictoriasSecret/comments/1o7rlmq/fashion_show_2025_opinions/,nm91nf0,t3_1o7rlmq,"i thought there was a lot of weird messages...from celestial, to good vs evil, to literately masked people fighting aliens with clowns, and they all wave as we watch their show...wake up. They want us to be scared, just be aware that not everything is as it seems.",1,1761854335.0,User_47
50,https://www.reddit.com/r/VictoriasSecret/comments/1o7rlmq/fashion_show_2025_opinions/,nn5fqts,t3_1o7rlmq,Better than its been in a while but nothing competes with the shows in 2003-2005 NEVER WILL,1,1762301284.0,User_48
51,https://www.reddit.com/r/VictoriasSecret/comments/1o7rlmq/fashion_show_2025_opinions/,njq1nyu,t3_1o7rlmq,Horrible,1,1760577836.0,User_49
52,https://www.reddit.com/r/VictoriasSecret/comments/1o7rlmq/fashion_show_2025_opinions/,njqkrlx,t3_1o7rlmq,i had to turn it off when the k pop stars started singing. it was so bad 😖,1,1760585294.0,User_50
53,https://www.reddit.com/r/VictoriasSecret/comments/1o7rlmq/fashion_show_2025_opinions/,njqlsd7,t3_1o7rlmq,I’ve seen pretty much ALL of the vsfs and I don’t understand these comments. This show reminded me of the OG fashion show days. I thought it was great!!,1,1760585746.0,User_51
54,https://www.reddit.com/r/VictoriasSecret/comments/1o7rlmq/fashion_show_2025_opinions/,njrcz23,t3_1o7rlmq,"Opinions? Well,if anyone else would have fails as much at their jobs would have been sacked. 

I miss to see models. This is their full time job,to take care of their bodies. 

Why some of them are looking like they work a regular full time jib,take care of the kids,household etc. Why are they looking like regular people? 

I am a straight woman,my eyes crave the beauty this VS shoes used to have. 

I want to see those ideal bodies that maybe neither of the model have all the time. 

I used to be wowed all the time when this shows were on because I could not turn my head around and see someone with that body walking on the street or being in a bikini at the beach.

It was like a type of magic. Like those unicorns that appeared just once a year and even the production of the show was way better back then. ",1,1760600313.0,User_52
55,https://www.reddit.com/r/VictoriasSecret/comments/1o7rlmq/fashion_show_2025_opinions/,njpri45,t3_1o7rlmq,"Loved the PINK and just do that... Viewership was at peak too. Figure it out VS!

I do not like how what they are modeling is no where near what is available for purchase also.",-2,1760574149.0,User_53
56,https://www.reddit.com/r/VictoriasSecret/comments/1o7rlmq/fashion_show_2025_opinions/,njqsjbm,t1_njpqysq,The models were low energy. Like what the hell...you can go on tik tok and they have compilations of gigi Hadid 2025 vs 2015 or other models and its like night and day their energy and mood! What the hell happened???,13,1760588875.0,User_22
57,https://www.reddit.com/r/VictoriasSecret/comments/1o7rlmq/fashion_show_2025_opinions/,njqsnhz,t1_njpq9dd,Aesthetically they did not go together at all,5,1760588934.0,User_22
58,https://www.reddit.com/r/VictoriasSecret/comments/1o7rlmq/fashion_show_2025_opinions/,nkuaifr,t1_njpq9dd,"Agree. Next year, they need to do better.",2,1761164614.0,User_54
59,https://www.reddit.com/r/VictoriasSecret/comments/1o7rlmq/fashion_show_2025_opinions/,njreyxz,t1_njpq9dd,Completely agree with this.,1,1760601568.0,User_55
60,https://www.reddit.com/r/VictoriasSecret/comments/1o7rlmq/fashion_show_2025_opinions/,njsg1cx,t1_njpr3mx,because before is not a live telecast they have time to edit and shoot it twice unlike today it's a live telecast connected in different social media platforms that's why they don't have time to edit,2,1760620079.0,User_56
61,https://www.reddit.com/r/VictoriasSecret/comments/1o7rlmq/fashion_show_2025_opinions/,njq4y9e,t1_njpyvkz,I have a feeling they don't have as big of a budget as they use to for the fashion show. Plus the fantasy bra is missing from the last two shows,10,1760579053.0,User_15
62,https://www.reddit.com/r/VictoriasSecret/comments/1o7rlmq/fashion_show_2025_opinions/,njr4qsw,t1_njqalhq,I think her section was the best one by far!,1,1760595408.0,User_14
63,https://www.reddit.com/r/VictoriasSecret/comments/1o7rlmq/fashion_show_2025_opinions/,njpu1rg,t1_njprnab,"I agree. There was a noticeable difference in the walks, expression, and composure of pro models versus the people who seemed to be social media personalities. It was very hit or miss.",19,1760575068.0,User_8
64,https://www.reddit.com/r/VictoriasSecret/comments/1o7rlmq/fashion_show_2025_opinions/,njqlvdt,t1_njprnab,Did we see the same show? These girls were gorgeous and it had the same vibe as the OG shows?,4,1760585784.0,User_51
65,https://www.reddit.com/r/VictoriasSecret/comments/1o7rlmq/fashion_show_2025_opinions/,nk211ng,t1_njqgqdb,maybe one day! but Younchae is only turning 18 this december and it wouldn't be very appropriate. In 2-3 years absolutely! (btw i'm not saying that even now they wouldn't perform amazingly but as this is the lingerie fashion show),2,1760743191.0,User_57
66,https://www.reddit.com/r/VictoriasSecret/comments/1o7rlmq/fashion_show_2025_opinions/,njwd1ma,t1_njqgqdb,Omg I thought of Katseye too!,1,1760664909.0,User_58
67,https://www.reddit.com/r/VictoriasSecret/comments/1o7rlmq/fashion_show_2025_opinions/,nk7f8e8,t1_njqgqdb,I was thinking Sabrina carpenter and Addison Rae would have been sooo good.,1,1760822759.0,User_59
68,https://www.reddit.com/r/VictoriasSecret/comments/1o7rlmq/fashion_show_2025_opinions/,njr8g0d,t1_njr4txw,They only half brought it back tho 😭 them blowouts were not big and bouncy,4,1760597555.0,user_deleted
69,https://www.reddit.com/r/VictoriasSecret/comments/1o7rlmq/fashion_show_2025_opinions/,njptmve,t1_njpqxg6,"I don't feel the performance was tacky, but it didn't make sense in this setting.  All the other performers perform while the models are walking a set.  It was weird.  And they had plenty of live performers and had models walking to mixes.  It was poorly organized.",18,1760574921.0,User_60
70,https://www.reddit.com/r/VictoriasSecret/comments/1o7rlmq/fashion_show_2025_opinions/,njpslze,t1_njpqxg6,tacky?? what was tacky abt it? weird,12,1760574549.0,user_deleted
71,https://www.reddit.com/r/VictoriasSecret/comments/1o7rlmq/fashion_show_2025_opinions/,njqm2yv,t1_njqkrlx,lol I know! That performance was awful,1,1760585877.0,User_51
72,https://www.reddit.com/r/VictoriasSecret/comments/1o7rlmq/fashion_show_2025_opinions/,nk09txf,t1_njqsjbm,right?? like that's why the older vs shows were so good...it's because the models were actually excited to be there,3,1760722673.0,User_61
73,https://www.reddit.com/r/VictoriasSecret/comments/1o7rlmq/fashion_show_2025_opinions/,njs3ieg,t1_njqsnhz,It actually ruined it lol,3,1760615250.0,User_2
74,https://www.reddit.com/r/VictoriasSecret/comments/1o7rlmq/fashion_show_2025_opinions/,njqacsn,t1_njq4y9e,Yeah i think it is also a budget issue. You cant do shows like that with a smaller budget and everything being so costly in this day and age,7,1760581061.0,User_6
75,https://www.reddit.com/r/VictoriasSecret/comments/1o7rlmq/fashion_show_2025_opinions/,njr1in2,t1_njqlvdt,"I didn’t say they were ugly, but it’s still my opinion.",5,1760593585.0,User_12
76,https://www.reddit.com/r/popculturechat/comments/1o7t451/the_victorias_secret_fashion_show_2025/,njsbv0a,t3_1o7t451,"📌READ BEFORE COMMENTING

OnlyStans mode has been activated for this post. This means the discussion is for active members of the community only. 

If you have landed in this thread from Trending or r/all, you must have at least 300 subreddit karma to be considered an active member of our community to comment.

r/popculturechat takes these measures to stay true to our goal of being an inclusive sub for civil discussion, to talk about celebrities and pop culture without bigotry and personal attacks.

Thank you for understanding & have a great day! ☺️",1,1760618586.0,User_62
77,https://www.reddit.com/r/popculturechat/comments/1o7t451/the_victorias_secret_fashion_show_2025/,njqaucb,t3_1o7t451,"https://preview.redd.it/onjpdn3yvdvf1.jpeg?width=1206&format=pjpg&auto=webp&s=1473a7224b63a4ba550c4188f54d8f157675d93b

Who thought this was a good idea???",4872,1760581251.0,User_63
78,https://www.reddit.com/r/popculturechat/comments/1o7t451/the_victorias_secret_fashion_show_2025/,njq1562,t3_1o7t451,They did Gigi so dirty with that white outfit 😂😂 where are my girls arms,2581,1760577643.0,User_64
79,https://www.reddit.com/r/popculturechat/comments/1o7t451/the_victorias_secret_fashion_show_2025/,njq1hqi,t3_1o7t451,Is it just me or was Bella visibly struggling at the end? She looked like she was either going to pass out or the wings were too heavy 😪.,2140,1760577773.0,User_65
80,https://www.reddit.com/r/popculturechat/comments/1o7t451/the_victorias_secret_fashion_show_2025/,njq3qem,t3_1o7t451,"https://preview.redd.it/mcjpvm63odvf1.jpeg?width=1365&format=pjpg&auto=webp&s=196aca735fe8c1c7c1cb60b97be8b45b5cfa5340

Daiane Sodre",1039,1760578603.0,User_66
81,https://www.reddit.com/r/popculturechat/comments/1o7t451/the_victorias_secret_fashion_show_2025/,njqc97j,t3_1o7t451,"https://preview.redd.it/52p44dflxdvf1.jpeg?width=1200&format=pjpg&auto=webp&s=4de08db99c27ae3acc741ea6b15a7b821268014f

Lily Aldridge",709,1760581801.0,User_66
82,https://www.reddit.com/r/popculturechat/comments/1o7t451/the_victorias_secret_fashion_show_2025/,njq18yg,t3_1o7t451,"https://preview.redd.it/ccq9p2jcldvf1.jpeg?width=1366&format=pjpg&auto=webp&s=1fbd11eee993827d094dd7363ef6fd2777b7fb43

Candice Swanepoel",1775,1760577682.0,User_66
83,https://www.reddit.com/r/popculturechat/comments/1o7t451/the_victorias_secret_fashion_show_2025/,njqgpl9,t3_1o7t451,I'm gonna get down voted to hell but to me the vibe is gorgeous women in very cheap-looking underwhelming lingerie. VS can't seem to get it right. Plus the nepo element is tiring.,1430,1760583578.0,User_67
84,https://www.reddit.com/r/popculturechat/comments/1o7t451/the_victorias_secret_fashion_show_2025/,njq3dss,t3_1o7t451,"https://preview.redd.it/i6iiqf5pndvf1.jpeg?width=2273&format=pjpg&auto=webp&s=f58af3998fb774fb7356aa454c2d6d86d71092c2

Barbara Palvin",950,1760578472.0,User_66
85,https://www.reddit.com/r/popculturechat/comments/1o7t451/the_victorias_secret_fashion_show_2025/,njq5xzo,t3_1o7t451,The nepos were out in full force!,1834,1760579420.0,User_68
86,https://www.reddit.com/r/popculturechat/comments/1o7t451/the_victorias_secret_fashion_show_2025/,njq1eub,t3_1o7t451,"https://preview.redd.it/hzzi7l7jldvf1.jpeg?width=1365&format=pjpg&auto=webp&s=5885e0a3ff6c1cf54f48f3f6b4002cb7c3a13adb

Alessandra Ambrosio",1385,1760577743.0,User_66
87,https://www.reddit.com/r/popculturechat/comments/1o7t451/the_victorias_secret_fashion_show_2025/,njqf96i,t3_1o7t451,"https://preview.redd.it/jinkx3l41evf1.jpeg?width=1200&format=pjpg&auto=webp&s=b92ef6e41bcc92369fdeff926dc5dd1f09bbd244

Adut Akech",549,1760582989.0,User_66
88,https://www.reddit.com/r/popculturechat/comments/1o7t451/the_victorias_secret_fashion_show_2025/,njq1nwk,t3_1o7t451,"https://preview.redd.it/ynz9wmzsldvf1.jpeg?width=1365&format=pjpg&auto=webp&s=97bed5d8dc16f699c4ffa63b8cd0daf508314f53

Anok Yai",1317,1760577836.0,User_66
89,https://www.reddit.com/r/popculturechat/comments/1o7t451/the_victorias_secret_fashion_show_2025/,njq9akd,t3_1o7t451,"https://preview.redd.it/8y58nxk6udvf1.jpeg?width=703&format=pjpg&auto=webp&s=f91ad2ca761bb6ae167a88634e649ee96c908987

Awar Odhiang",288,1760580653.0,User_66
90,https://www.reddit.com/r/popculturechat/comments/1o7t451/the_victorias_secret_fashion_show_2025/,njq22qd,t3_1o7t451,"https://preview.redd.it/qi3o34b9mdvf1.jpeg?width=1139&format=pjpg&auto=webp&s=1a70fb7b567f213c7de012f13ff8af73fc2fa104

Joan Smalls",502,1760577989.0,User_66
91,https://www.reddit.com/r/popculturechat/comments/1o7t451/the_victorias_secret_fashion_show_2025/,njq4zie,t3_1o7t451,"https://preview.redd.it/cmqhmwlgpdvf1.jpeg?width=1365&format=pjpg&auto=webp&s=a38c4001225d3f69ac8b11ac5857882ed3967be1

Abény Nhial",804,1760579066.0,User_66
92,https://www.reddit.com/r/popculturechat/comments/1o7t451/the_victorias_secret_fashion_show_2025/,njq6hv1,t3_1o7t451,"https://preview.redd.it/svvyhm44rdvf1.jpeg?width=1365&format=pjpg&auto=webp&s=f8a1edf1557853f6524d2bd19f2e323d1cebb09b

Yoon Young Bae",338,1760579621.0,User_66
93,https://www.reddit.com/r/popculturechat/comments/1o7t451/the_victorias_secret_fashion_show_2025/,njqbp6e,t3_1o7t451,"https://preview.redd.it/y2imkkzxwdvf1.jpeg?width=1200&format=pjpg&auto=webp&s=785c2dc932b4f72043849879fe734688c5d1b2ca

Behati Prinsloo",614,1760581582.0,User_66
94,https://www.reddit.com/r/popculturechat/comments/1o7t451/the_victorias_secret_fashion_show_2025/,njq6z1c,t3_1o7t451,the layered outfits are hideous. VS is so bad at layering even in their style guides,324,1760579796.0,User_69
95,https://www.reddit.com/r/popculturechat/comments/1o7t451/the_victorias_secret_fashion_show_2025/,njqf6in,t3_1o7t451,"https://preview.redd.it/ef9q0rg11evf1.jpeg?width=1200&format=pjpg&auto=webp&s=0529330d6eb05431099b40c10b49466dc2b0231f

Yumi Nu",224,1760582960.0,User_66
96,https://www.reddit.com/r/popculturechat/comments/1o7t451/the_victorias_secret_fashion_show_2025/,njq6b66,t3_1o7t451,"https://preview.redd.it/rh3yiovwqdvf1.jpeg?width=1365&format=pjpg&auto=webp&s=14368d45cf2497ec55175ffa4938d22037787a1b

Sherry Shi",318,1760579553.0,User_66
97,https://www.reddit.com/r/popculturechat/comments/1o7t451/the_victorias_secret_fashion_show_2025/,njqav4p,t3_1o7t451,"How come so many of these models are wearing bras that don't actually fit them?!

Christ for a lingerie company, you'd think they could figure that out",458,1760581259.0,User_70
98,https://www.reddit.com/r/popculturechat/comments/1o7t451/the_victorias_secret_fashion_show_2025/,njq65es,t3_1o7t451,"https://preview.redd.it/wwmds6iqqdvf1.jpeg?width=1366&format=pjpg&auto=webp&s=39fb88a15773ad6e653ac3c9572a820d95ade016

Mathilda Gvarliani",294,1760579495.0,User_66
99,https://www.reddit.com/r/popculturechat/comments/1o7t451/the_victorias_secret_fashion_show_2025/,njq6g4w,t3_1o7t451,"![gif](giphy|4KMduk6fuPJTi)

I’m showing my age but the lingerie and costumes look cheap. I miss 90’s and 2000’s VS constantly. It started becoming cheap and tacky in the late 2000’s and early 2010’s when the Pink brand took over.",1141,1760579603.0,User_71
100,https://www.reddit.com/r/popculturechat/comments/1o7t451/the_victorias_secret_fashion_show_2025/,njq1hrv,t3_1o7t451,"https://preview.redd.it/0p3nqycmldvf1.jpeg?width=1365&format=pjpg&auto=webp&s=7eea0b33e6461fd1d098253a305035617082d79f

Emeline Hoareau",481,1760577773.0,User_66
101,https://www.reddit.com/r/popculturechat/comments/1o7t451/the_victorias_secret_fashion_show_2025/,njqbx3q,t3_1o7t451,"https://preview.redd.it/w9zfyq67xdvf1.jpeg?width=1365&format=pjpg&auto=webp&s=a983c0bc55bcef8e021ecc6945e3672eb2488daf

Maty Fall",443,1760581668.0,User_66
102,https://www.reddit.com/r/popculturechat/comments/1o7t451/the_victorias_secret_fashion_show_2025/,njq2otv,t3_1o7t451,"https://preview.redd.it/lap5wlrxmdvf1.jpeg?width=1365&format=pjpg&auto=webp&s=174333140c19223e31f6f00bc90fba730ab2266e

Xiao Wen Ju",558,1760578216.0,User_66
103,https://www.reddit.com/r/popculturechat/comments/1o7t451/the_victorias_secret_fashion_show_2025/,njqjxy6,t3_1o7t451,"https://preview.redd.it/xtw6qnuw6evf1.jpeg?width=1200&format=pjpg&auto=webp&s=716ba3c7cc5ed2311a574e64beffdfbd9222c0c4

Grace Elizabeth",169,1760584935.0,User_66
104,https://www.reddit.com/r/popculturechat/comments/1o7t451/the_victorias_secret_fashion_show_2025/,njq7xl3,t3_1o7t451,"https://preview.redd.it/ikizhueosdvf1.jpeg?width=1200&format=pjpg&auto=webp&s=534142d747db9b6ae41a421b6a06602d51fb3699

Adriana Lima",337,1760580147.0,User_66
105,https://www.reddit.com/r/popculturechat/comments/1o7t451/the_victorias_secret_fashion_show_2025/,njqf3v8,t3_1o7t451,"https://preview.redd.it/5a2dotdy0evf1.jpeg?width=1365&format=pjpg&auto=webp&s=29665c5f64dc0068f574957bd019a5528d50ab12

Liu Wen",303,1760582930.0,User_66
106,https://www.reddit.com/r/popculturechat/comments/1o7t451/the_victorias_secret_fashion_show_2025/,njq2koa,t3_1o7t451,"https://preview.redd.it/cw9jym5tmdvf1.jpeg?width=1365&format=pjpg&auto=webp&s=aad9a07687ebfb0199bfda706a31a2c50a60418b

Yasmin Wijnaldum",243,1760578173.0,User_66
107,https://www.reddit.com/r/popculturechat/comments/1o7t451/the_victorias_secret_fashion_show_2025/,njq4shv,t3_1o7t451,"https://preview.redd.it/c9ri0xp8pdvf1.jpeg?width=1366&format=pjpg&auto=webp&s=cd1144ece4fc0e8051fe394d705ad09246720e12

Blesnya Minher",131,1760578992.0,User_66
108,https://www.reddit.com/r/popculturechat/comments/1o7t451/the_victorias_secret_fashion_show_2025/,njqdxt7,t3_1o7t451,"https://preview.redd.it/0l76qvzkzdvf1.jpeg?width=1200&format=pjpg&auto=webp&s=cbe8b9d1eae7d29aa35a8f5cd36439d8e1280217

Daniella Halfon",126,1760582470.0,User_66
109,https://www.reddit.com/r/popculturechat/comments/1o7t451/the_victorias_secret_fashion_show_2025/,njqljbv,t3_1o7t451,PINK is abominable. Ruined so many looks,176,1760585634.0,User_72
110,https://www.reddit.com/r/popculturechat/comments/1o7t451/the_victorias_secret_fashion_show_2025/,njqdhnv,t3_1o7t451,"https://preview.redd.it/eln0qrv1zdvf1.jpeg?width=1200&format=pjpg&auto=webp&s=8917180ec2fde72ea7aee0cf588ae7d2e7b1ff8d

Irina Shayk",173,1760582291.0,User_66
111,https://www.reddit.com/r/popculturechat/comments/1o7t451/the_victorias_secret_fashion_show_2025/,njq6kip,t3_1o7t451,They did Gigi wrong with those wings. The ones she had last year were better.,116,1760579648.0,User_73
112,https://www.reddit.com/r/popculturechat/comments/1o7t451/the_victorias_secret_fashion_show_2025/,njq5egt,t3_1o7t451,Suni Lee looked so pretty!!,58,1760579220.0,User_74
113,https://www.reddit.com/r/popculturechat/comments/1o7t451/the_victorias_secret_fashion_show_2025/,njq9fif,t3_1o7t451,"Do they get to keep the underwear?

I have been wondering this since 2005.",58,1760580705.0,User_75
114,https://www.reddit.com/r/popculturechat/comments/1o7t451/the_victorias_secret_fashion_show_2025/,njqiux6,t3_1o7t451,"https://preview.redd.it/d78k988j5evf1.jpeg?width=1200&format=pjpg&auto=webp&s=02eca4a40bc0b937999ed4d2758889ad7a055cfb

Devyn Garcia",55,1760584471.0,User_66
115,https://www.reddit.com/r/popculturechat/comments/1o7t451/the_victorias_secret_fashion_show_2025/,njq8zy3,t3_1o7t451,Anok Yai is another world kind of beautiful.,203,1760580540.0,User_76
116,https://www.reddit.com/r/popculturechat/comments/1o7t451/the_victorias_secret_fashion_show_2025/,njq4wc4,t3_1o7t451,"some of these outfits are meh, but they all look absolutely stunning.

Kinda off topic, but also on topic, I loved Gigis post this morning, of her daughter’s school lunch, saying VSFS mornings are different this time around.

https://preview.redd.it/m1gaop6apdvf1.jpeg?width=1290&format=pjpg&auto=webp&s=ab307a05e4c3f28a244aed711a0dc79590eb6524",566,1760579032.0,User_77
117,https://www.reddit.com/r/popculturechat/comments/1o7t451/the_victorias_secret_fashion_show_2025/,njqygva,t3_1o7t451,Gorgeous women wearing hideous lingerie.,47,1760591914.0,User_78
118,https://www.reddit.com/r/popculturechat/comments/1o7t451/the_victorias_secret_fashion_show_2025/,njq3djj,t3_1o7t451,"Maybe I'm just old, but none of this wows me. Has VS gone downhill. or have I just seen too much underwear in my life?",654,1760578469.0,User_79
119,https://www.reddit.com/r/popculturechat/comments/1o7t451/the_victorias_secret_fashion_show_2025/,njq5x8s,t3_1o7t451,Some of those wings look like really second-rate craft projects. ,87,1760579412.0,User_80
120,https://www.reddit.com/r/popculturechat/comments/1o7t451/the_victorias_secret_fashion_show_2025/,njq8hkr,t3_1o7t451,"https://preview.redd.it/efom4i9atdvf1.jpeg?width=1200&format=pjpg&auto=webp&s=e9bae69e67e96288027e6908585fdc28e10797ef

Ashley Graham",309,1760580351.0,User_66
121,https://www.reddit.com/r/popculturechat/comments/1o7t451/the_victorias_secret_fashion_show_2025/,njqaifu,t3_1o7t451,Some of these looks are recycled ,42,1760581122.0,User_81
122,https://www.reddit.com/r/popculturechat/comments/1o7t451/the_victorias_secret_fashion_show_2025/,njq2mx8,t3_1o7t451,This doesn’t hit the same anymore,362,1760578196.0,User_82
123,https://www.reddit.com/r/popculturechat/comments/1o7t451/the_victorias_secret_fashion_show_2025/,njrbp02,t3_1o7t451,"The last one is giving ""Can't hold us down"" and not in a good way...

https://preview.redd.it/x7jcv3t9efvf1.jpeg?width=600&format=pjpg&auto=webp&s=20045105a6952ad537069c49f4c40fc43aa21ec7",41,1760599513.0,User_83
124,https://www.reddit.com/r/popculturechat/comments/1o7t451/the_victorias_secret_fashion_show_2025/,njq8zq2,t3_1o7t451,"https://preview.redd.it/gkuzyn7utdvf1.jpeg?width=1200&format=pjpg&auto=webp&s=4397c2a26d13644ca5f8e7348fefc21b2ec09eee

Doutzen Kroes",99,1760580538.0,User_66
125,https://www.reddit.com/r/popculturechat/comments/1o7t451/the_victorias_secret_fashion_show_2025/,njq9zj2,t3_1o7t451,"Wait, jasmine tookes me emotional. I’ve never seen a pregnant model on a runway before. She looks beautiful!!! 🥹",150,1760580918.0,User_84
126,https://www.reddit.com/r/popculturechat/comments/1o7t451/the_victorias_secret_fashion_show_2025/,njqexum,t3_1o7t451,"https://preview.redd.it/89gph4ar0evf1.jpeg?width=1366&format=pjpg&auto=webp&s=218992d4ef5478a5d22b2561581014fbc4a4dc27

Sunisa Lee",193,1760582865.0,User_66
127,https://www.reddit.com/r/popculturechat/comments/1o7t451/the_victorias_secret_fashion_show_2025/,njq4ur9,t3_1o7t451,⁠I don’t think I’ve seen Imaan Hammam before. What a vision!,29,1760579015.0,User_85
128,https://www.reddit.com/r/popculturechat/comments/1o7t451/the_victorias_secret_fashion_show_2025/,njqaodt,t3_1o7t451,"Some of those wings look so heavy! Imagine having to walk on that slippery floor in heels while balancing them. I feel like they can make nice, light wings and skip those monstrosities.",30,1760581185.0,User_86
129,https://www.reddit.com/r/popculturechat/comments/1o7t451/the_victorias_secret_fashion_show_2025/,njqhnun,t3_1o7t451,That is the most uninspired and boring lingerie I’ve seen since the 90’s. My fave show was the 2013 one.,36,1760583968.0,User_87
130,https://www.reddit.com/r/popculturechat/comments/1o7t451/the_victorias_secret_fashion_show_2025/,njqo8n9,t3_1o7t451,"Jasmine Tookes looks AMAZING.

I HATE almost everything else. Why are the outfits so godawful ugly this year? Messy layered underwear? Who the hell is this for? And some of the wings are dreadful. Bottom tier year, OMG. 😱",59,1760586841.0,User_88
131,https://www.reddit.com/r/popculturechat/comments/1o7t451/the_victorias_secret_fashion_show_2025/,njq26ga,t3_1o7t451,![gif](giphy|tRKepbmSCy75u),212,1760578027.0,User_89
132,https://www.reddit.com/r/popculturechat/comments/1o7t451/the_victorias_secret_fashion_show_2025/,njq7git,t3_1o7t451,Some of these look so cheap idk ://,83,1760579972.0,User_90
133,https://www.reddit.com/r/popculturechat/comments/1o7t451/the_victorias_secret_fashion_show_2025/,njq28tc,t3_1o7t451,"https://preview.redd.it/6lgyll7gmdvf1.jpeg?width=1755&format=pjpg&auto=webp&s=64e085fc10b694d5a126c20b3744312904b1c32d

Bella Hadid",149,1760578053.0,User_66
134,https://www.reddit.com/r/popculturechat/comments/1o7t451/the_victorias_secret_fashion_show_2025/,njqb4px,t3_1o7t451,I’m confused… did they all do their hair and makeup st home? Where’s the blowouts? The angle-esque makeup?,123,1760581361.0,User_84
135,https://www.reddit.com/r/popculturechat/comments/1o7t451/the_victorias_secret_fashion_show_2025/,njq9v0c,t3_1o7t451,"https://preview.redd.it/e506d7ttudvf1.jpeg?width=1200&format=pjpg&auto=webp&s=a95f70315c9a6efacdd297707e68dec7c04d07fd

Gabriela Moura",104,1760580870.0,User_66
136,https://www.reddit.com/r/popculturechat/comments/1o7t451/the_victorias_secret_fashion_show_2025/,njq5tpx,t3_1o7t451,"https://preview.redd.it/hz7950xdqdvf1.jpeg?width=1200&format=pjpg&auto=webp&s=9537bc75351221e2a7d707814aa3df21fa20c25c

Neelam Gill",119,1760579376.0,User_66
137,https://www.reddit.com/r/popculturechat/comments/1o7t451/the_victorias_secret_fashion_show_2025/,njq6c9j,t3_1o7t451,6 giving chastity belt. 🤨,24,1760579564.0,User_91
138,https://www.reddit.com/r/popculturechat/comments/1o7t451/the_victorias_secret_fashion_show_2025/,njqbhhl,t3_1o7t451,Anok Yai… I’m speechless every single time. She is literal perfection!,24,1760581500.0,User_92
139,https://www.reddit.com/r/popculturechat/comments/1o7t451/the_victorias_secret_fashion_show_2025/,njqtfqj,t3_1o7t451,MRS. BARBARA SPROUSE 🔥🔥🔥😍😍😍😍,28,1760589327.0,User_93
140,https://www.reddit.com/r/popculturechat/comments/1o7t451/the_victorias_secret_fashion_show_2025/,njqw6vz,t3_1o7t451,Barbara Sprouse looked the absolute best of the night. That color on her was everything!!!,27,1760590718.0,User_94
141,https://www.reddit.com/r/popculturechat/comments/1o7t451/the_victorias_secret_fashion_show_2025/,njsjgy6,t3_1o7t451,Was the budget $1000???? Why is it giving SHEIN?,30,1760621273.0,User_95
142,https://www.reddit.com/r/popculturechat/comments/1o7t451/the_victorias_secret_fashion_show_2025/,njq440b,t3_1o7t451,"https://preview.redd.it/d1v6mlzhodvf1.jpeg?width=1600&format=pjpg&auto=webp&s=8771508531320a4d6553ad0dbe4544e3e0b7d32a

Karol G",166,1760578742.0,User_66
143,https://www.reddit.com/r/popculturechat/comments/1o7t451/the_victorias_secret_fashion_show_2025/,njqe72g,t3_1o7t451,"https://preview.redd.it/cc6mz7rvzdvf1.jpeg?width=1200&format=pjpg&auto=webp&s=c9e0c24d5b5146a02008dcb481ec1c510d3b76c7

Valentina Castro",46,1760582570.0,User_66
144,https://www.reddit.com/r/popculturechat/comments/1o7t451/the_victorias_secret_fashion_show_2025/,njq39fw,t3_1o7t451,"https://preview.redd.it/2gzw6aekndvf1.jpeg?width=2731&format=pjpg&auto=webp&s=329af0cdab592b31398bcb0dbb665951150fe9bf

Barbie Ferreira",179,1760578427.0,User_66
145,https://www.reddit.com/r/popculturechat/comments/1o7t451/the_victorias_secret_fashion_show_2025/,njqall1,t3_1o7t451,"https://preview.redd.it/h3lv8g9ovdvf1.jpeg?width=1200&format=pjpg&auto=webp&s=87048fb84e7e7d5cdd87f44ae9ad5e4089473cdc

Stella Maxwell",67,1760581155.0,User_66
146,https://www.reddit.com/r/popculturechat/comments/1o7t451/the_victorias_secret_fashion_show_2025/,njr40f2,t3_1o7t451,"VS is trash, founder is on Epstein’s list, why are we still doing this shit?",90,1760594986.0,User_96
147,https://www.reddit.com/r/popculturechat/comments/1o7t451/the_victorias_secret_fashion_show_2025/,njq6zdd,t3_1o7t451,"What gets me while watching this is that a large chunk of these models are mothers. 

As a mom, I feel represented :) (albeit 50 lbs too heavy to walk that runway).",111,1760579799.0,User_97
148,https://www.reddit.com/r/popculturechat/comments/1o7t451/the_victorias_secret_fashion_show_2025/,njqi6yg,t3_1o7t451,"https://preview.redd.it/lgzox7bp4evf1.jpeg?width=1200&format=pjpg&auto=webp&s=f284572004cd8a6ae09b65dbd43575b92d2782e7

Angelina Kendall",43,1760584191.0,User_66
149,https://www.reddit.com/r/popculturechat/comments/1o7t451/the_victorias_secret_fashion_show_2025/,njr1kyq,t3_1o7t451,"This might be my unpopular opinion but most of the outfits look tacky, the makeup isn't great (where are the days when we used to get the voluminous bouncy hair on angels?). This show wasn't great, they are trying hard to bounce back but its not happening!",68,1760593621.0,User_98
150,https://www.reddit.com/r/popculturechat/comments/1o7t451/the_victorias_secret_fashion_show_2025/,njqnx5c,t3_1o7t451,"https://preview.redd.it/dsebczh4cevf1.jpeg?width=1365&format=pjpg&auto=webp&s=352dae7913bf2d115911e04ef857fdf023a26f08

Nayeon from TWICE",91,1760586698.0,User_66
151,https://www.reddit.com/r/popculturechat/comments/1o7t451/the_victorias_secret_fashion_show_2025/,njqbzx3,t3_1o7t451,Candice for the win,22,1760581699.0,User_99
152,https://www.reddit.com/r/popculturechat/comments/1o7t451/the_victorias_secret_fashion_show_2025/,njq5m47,t3_1o7t451,"They’re all gorgeous women who look stunning but I’m so tired of decades of the same VS lingerie. There are so many wonderful bra silhouettes, unique underwear, embellishments that they can explore.",55,1760579297.0,User_100
153,https://www.reddit.com/r/popculturechat/comments/1o7t451/the_victorias_secret_fashion_show_2025/,njqabw8,t3_1o7t451,"me rn

![gif](giphy|3oEhmNLxk9uiTbL9Be)",103,1760581051.0,User_101
154,https://www.reddit.com/r/popculturechat/comments/1o7t451/the_victorias_secret_fashion_show_2025/,njqprnl,t3_1o7t451,"I’m so dumb, idk why I thought the last person was Emma chamberlain 😭",19,1760587549.0,User_102
155,https://www.reddit.com/r/popculturechat/comments/1o7t451/the_victorias_secret_fashion_show_2025/,njq80ng,t3_1o7t451,"https://preview.redd.it/7r5l28krsdvf1.jpeg?width=1200&format=pjpg&auto=webp&s=c07bb78f4937c88564bbfc641d111e2c7c5c586c

Angel Reese",160,1760580178.0,User_66
156,https://www.reddit.com/r/popculturechat/comments/1o7t451/the_victorias_secret_fashion_show_2025/,njqbthj,t3_1o7t451,"https://preview.redd.it/8zawpd03xdvf1.jpeg?width=1200&format=pjpg&auto=webp&s=f6695e726d059c393c1baf36b41c25f6fca3bd0f

Josey Muckosky",33,1760581629.0,User_66
157,https://www.reddit.com/r/popculturechat/comments/1o7t451/the_victorias_secret_fashion_show_2025/,njqe365,t3_1o7t451,"https://preview.redd.it/srx8239rzdvf1.jpeg?width=1365&format=pjpg&auto=webp&s=f8f7fe792e11786cfea7ca771c5ddfad577a62c9

Luna Yohannan",31,1760582527.0,User_66
158,https://www.reddit.com/r/popculturechat/comments/1o7t451/the_victorias_secret_fashion_show_2025/,njqod2x,t3_1o7t451,![gif](giphy|QZ0UB3nJtVNn2),35,1760586898.0,User_103
159,https://www.reddit.com/r/popculturechat/comments/1o7t451/the_victorias_secret_fashion_show_2025/,njqocwl,t3_1o7t451,Legit shocked by the diversity of models and body shapes. Is VS on a damage control campaign post-Les Wexner scandal or trying to stay in business?,75,1760586896.0,User_104
160,https://www.reddit.com/r/popculturechat/comments/1o7t451/the_victorias_secret_fashion_show_2025/,njq5qj5,t3_1o7t451,Gigi is kind of underwhelming. Odd,51,1760579342.0,User_105
161,https://www.reddit.com/r/popculturechat/comments/1o7t451/the_victorias_secret_fashion_show_2025/,njq4ezq,t3_1o7t451,The two nepo babies looking like shit not surprising. Jude and Kate's spawn. Everyone else looks stunning. Victoria secret should have been like this keep og angels and allow beautiful plus sized models.,99,1760578853.0,user_deleted
162,https://www.reddit.com/r/popculturechat/comments/1o7t451/the_victorias_secret_fashion_show_2025/,njs5c9r,t3_1o7t451,these all look so cheap and sad,15,1760616018.0,User_106
163,https://www.reddit.com/r/popculturechat/comments/1o7t451/the_victorias_secret_fashion_show_2025/,njq58yi,t3_1o7t451,Quen deserves a better look than this.,31,1760579164.0,User_107
164,https://www.reddit.com/r/popculturechat/comments/1o7t451/the_victorias_secret_fashion_show_2025/,njq5gqc,t3_1o7t451,"![gif](giphy|RKS1pHGiUUZ2g)

I’ll be having a snack if anyone needs me.",29,1760579243.0,User_108
165,https://www.reddit.com/r/popculturechat/comments/1o7t451/the_victorias_secret_fashion_show_2025/,njqh2jg,t3_1o7t451,"https://preview.redd.it/wwgpeecb3evf1.jpeg?width=1200&format=pjpg&auto=webp&s=547183f67bc4a79b21e672fca08be63da484cf73

Ashlyn Erickson",34,1760583724.0,User_66
166,https://www.reddit.com/r/popculturechat/comments/1o7t451/the_victorias_secret_fashion_show_2025/,njq28tj,t3_1o7t451,No. 7 looks like a chastity belt,11,1760578053.0,User_109
167,https://www.reddit.com/r/popculturechat/comments/1o7t451/the_victorias_secret_fashion_show_2025/,njrdg0h,t3_1o7t451,Its Nepo fest today eh,14,1760600609.0,User_110
168,https://www.reddit.com/r/popculturechat/comments/1o7t451/the_victorias_secret_fashion_show_2025/,njqghxy,t3_1o7t451,"https://preview.redd.it/e20lzyam2evf1.jpeg?width=1200&format=pjpg&auto=webp&s=df5bf996bd840211be786cd261ad6085645a17e6

Mekdalawit Mequanent",37,1760583490.0,User_66
169,https://www.reddit.com/r/popculturechat/comments/1o7t451/the_victorias_secret_fashion_show_2025/,njq338t,t3_1o7t451,Why is NO ONE talking about Angel Reese? She killed it! Loved seeing athletes there!,126,1760578363.0,User_111
170,https://www.reddit.com/r/popculturechat/comments/1o7t451/the_victorias_secret_fashion_show_2025/,njq2iox,t3_1o7t451,Number 6 looks so sad,11,1760578153.0,User_112
171,https://www.reddit.com/r/popculturechat/comments/1o7t451/the_victorias_secret_fashion_show_2025/,njqzmdg,t3_1o7t451,"I’m so confused about what happened during this show, it just seemed it was not rehearsed or something, like it was just thrown together. Production value, outfits and everything. 
The models are all beautiful, but they all only had like one look or maybe 2, the wings were not fitting right or being stable, there was zero energy with some and lots with others, many seemed impacted by the outfits, technical difficulties, it seemed like with some performers. Many of these same models have been in other shows and this one came out way differently. I am so confused! Loved the representation, different body types and of course seeing the OGs. ",12,1760592534.0,User_113
172,https://www.reddit.com/r/popculturechat/comments/1o7t451/the_victorias_secret_fashion_show_2025/,njr8e2p,t3_1o7t451,"I don’t want to be mean but unfortunately I am, why is everything Iris law does so cringe",12,1760597524.0,User_114
173,https://www.reddit.com/r/popculturechat/comments/1o7t451/the_victorias_secret_fashion_show_2025/,njq9cca,t3_1o7t451,Emily ratajkowski and anok yai had the best outfit + runway feels of the night imo. Alex cosanis red look and Barbra palvins were a close second tho for sure,24,1760580671.0,User_115
174,https://www.reddit.com/r/popculturechat/comments/1o7t451/the_victorias_secret_fashion_show_2025/,njqaog1,t3_1o7t451,Queen Missy Elliott was unbelievable!,28,1760581186.0,User_116
175,https://www.reddit.com/r/popculturechat/comments/1o7t451/the_victorias_secret_fashion_show_2025/,njq8zre,t3_1o7t451,Omg I love. A mix of OG models and new models,12,1760580538.0,User_117
176,https://www.reddit.com/r/popculturechat/comments/1o7t451/the_victorias_secret_fashion_show_2025/,njqky9x,t3_1o7t451,"I like several overall looks, but the lingerie/pieces generally look cheap & boring
 
Maybe better styling would have helped? the same generic hair & makeup isn't serving",11,1760585375.0,User_118
177,https://www.reddit.com/r/popculturechat/comments/1o7t451/the_victorias_secret_fashion_show_2025/,njq7w9z,t3_1o7t451,"Songs sucks af and themes too. OG’s carried. Went to watch 2010s VSFS, it was bright, lively and the models were vibing to songs but this year? Models were just bumping that.",43,1760580133.0,User_119
178,https://www.reddit.com/r/popculturechat/comments/1o7t451/the_victorias_secret_fashion_show_2025/,njqlb11,t3_1o7t451,![gif](giphy|xT8qB8YvduMuybqHSw),27,1760585531.0,User_120
179,https://www.reddit.com/r/popculturechat/comments/1o7t451/the_victorias_secret_fashion_show_2025/,njq41vi,t3_1o7t451,"https://preview.redd.it/ywkbnh7fodvf1.jpeg?width=1755&format=pjpg&auto=webp&s=29325c6460d3da0f7b95b27c452efa9260d90cd9

Madison Beer",64,1760578721.0,User_66
180,https://www.reddit.com/r/popculturechat/comments/1o7t451/the_victorias_secret_fashion_show_2025/,njq8c0o,t3_1o7t451,"I’m impressed, rather inclusive",21,1760580294.0,User_121
181,https://www.reddit.com/r/popculturechat/comments/1o7t451/the_victorias_secret_fashion_show_2025/,njr7bqn,t3_1o7t451,"I used to gogo dance. I always remember thinking VS was elegant but some of these girls look like me 4 vodka Red Bulls in a wear house. Don’t mean this as they look bad, it just looks very cheap compared to those breath taking detailed bras and wings. The stage sets, the themes, the artists… When Rihanna sang Diamond I had chilllls at the end in 2014 I think? This looks like really pretty ladies lookin gorgeous in any lingerie set you can buy that fits you.",19,1760596916.0,User_122
182,https://www.reddit.com/r/popculturechat/comments/1o7t451/the_victorias_secret_fashion_show_2025/,nju6bx5,t3_1o7t451,Honestly it’s the same thing every year. Nothing new or inspiring. Glad they have some body representation but at this point even that feels so performative,9,1760638991.0,User_123
183,https://www.reddit.com/r/popculturechat/comments/1o7t451/the_victorias_secret_fashion_show_2025/,njq3kv0,t3_1o7t451,"https://preview.redd.it/llu72xywndvf1.jpeg?width=1536&format=pjpg&auto=webp&s=c3ef0e07c453a850be4b3d082e26a4c9ef3eef7b

Alex Consani",67,1760578545.0,User_66
184,https://www.reddit.com/r/popculturechat/comments/1o7t451/the_victorias_secret_fashion_show_2025/,njqyj7b,t3_1o7t451,"I need to eat healthy, exercise and grow 10 inches 🥲",18,1760591949.0,User_124
185,https://www.reddit.com/r/popculturechat/comments/1o7t451/the_victorias_secret_fashion_show_2025/,njqk3bd,t3_1o7t451,"Jasmine Tookes, #19, looks like a goddess",8,1760585000.0,User_125
186,https://www.reddit.com/r/popculturechat/comments/1o7t451/the_victorias_secret_fashion_show_2025/,njt4x8s,t3_1o7t451,Barbara is other worldly gorgeous,8,1760628014.0,User_126
187,https://www.reddit.com/r/popculturechat/comments/1o7t451/the_victorias_secret_fashion_show_2025/,njt84wo,t3_1o7t451,Is it just me or is a lot of this very cheap looking?,8,1760628976.0,User_127
188,https://www.reddit.com/r/popculturechat/comments/1o7t451/the_victorias_secret_fashion_show_2025/,njsa1j5,t3_1o7t451,i’m sorry bella is looking like melanias daughter,16,1760617893.0,User_128
189,https://www.reddit.com/r/popculturechat/comments/1o7t451/the_victorias_secret_fashion_show_2025/,njqcqiz,t3_1o7t451,The OGs were breathtaking!,21,1760581990.0,User_129
190,https://www.reddit.com/r/popculturechat/comments/1o7t451/the_victorias_secret_fashion_show_2025/,njqfetm,t3_1o7t451,"https://preview.redd.it/k6yx817b1evf1.jpeg?width=1200&format=pjpg&auto=webp&s=84e92b34ab485b105dfa939fc68633c3472cb47a

Abby Champion",25,1760583051.0,User_66
191,https://www.reddit.com/r/popculturechat/comments/1o7t451/the_victorias_secret_fashion_show_2025/,njq5qfh,t3_1o7t451,"https://preview.redd.it/spol97vlpdvf1.jpeg?width=1320&format=pjpg&auto=webp&s=498cd19aa35b14973c777e0b1e5785cbf7129315

Quen Blackwell. Such a stunner, so proud of her!",50,1760579341.0,User_130
192,https://www.reddit.com/r/popculturechat/comments/1o7t451/the_victorias_secret_fashion_show_2025/,njqkj8o,t3_1o7t451,Anok Yai's fucking face my WORD 😍,5,1760585192.0,User_131
193,https://www.reddit.com/r/popculturechat/comments/1o7t451/the_victorias_secret_fashion_show_2025/,njqwlsk,t3_1o7t451,So much better then last year but still didnt have the same fun vibe as the og shows. Why was everything so dark. I wish they bought back for fun themes,6,1760590930.0,User_132
194,https://www.reddit.com/r/popculturechat/comments/1o7t451/the_victorias_secret_fashion_show_2025/,njrxh79,t3_1o7t451,I hated this years fashion show. It looked so cheap and it showed with this day and age economy. What's up with the budget?!?!,9,1760612492.0,User_133
195,https://www.reddit.com/r/popculturechat/comments/1o7t451/the_victorias_secret_fashion_show_2025/,njtx4gm,t3_1o7t451,anok is probably the most beautiful woman i have ever seen,8,1760636289.0,User_134
196,https://www.reddit.com/r/popculturechat/comments/1o7t451/the_victorias_secret_fashion_show_2025/,njqve5m,t3_1o7t451,"I didn't watch the show, but I still have opinions lol. I feel like the Victoria's secret show doesn't hit the same as before because of its history. Growing up as a mixed individual who's femme and plus sized, the angels represented a standard that couldn't be met. They were all white, straight sized, and tall and of course beautiful, all traits that should still be represented (because there's nothing wrong with them at all). When people wanted to see something different the show vanished instead. Now it's back, more diverse than ever, which is wonderful but it feels superficial I guess?


I've gone to their stores a lot in recent years for their fragrances and found that I wasn't always welcome there. My size is not in the store, the plus sized models in the show probably couldn't actually buy from vs in person either. I've had employees give me mean looks and they even asked my friend(also plus sized) if they wanted to be measured because their size wasn't in the store it would be online. We just wanted to admire some undies while shopping for body spray. A store that doesn't carry plus sizes does so because they don't want plus size people in their stores. They also made a different friend of mine feel unwelcome by repeatedly ignoring their request for a fitting room when my friend can find their size in store but they still were ignored for being lgbtq.



I love seeing plus size models, diversity in race/ethnicities, and genders but it feels like a very hollow victory for diversity and representation.",42,1760590312.0,User_135
197,https://www.reddit.com/r/popculturechat/comments/1o7t451/the_victorias_secret_fashion_show_2025/,njq8gu1,t3_1o7t451,"Boring

![gif](giphy|RKS1pHGiUUZ2g)",13,1760580343.0,User_136
198,https://www.reddit.com/r/popculturechat/comments/1o7t451/the_victorias_secret_fashion_show_2025/,njsidvf,t3_1o7t451,"Stunning women. Cheap, ill fitting, tacky clothes that make no damn sense.",13,1760620899.0,User_137
199,https://www.reddit.com/r/popculturechat/comments/1o7t451/the_victorias_secret_fashion_show_2025/,njqcghy,t3_1o7t451,My wife's comment was that most women wouldn't ever watch this...as she sat next to me and watched.,7,1760581880.0,User_138
200,https://www.reddit.com/r/popculturechat/comments/1o7t451/the_victorias_secret_fashion_show_2025/,njqcp3u,t3_1o7t451,"Ms. Yai, I am at your feet 🧎🏾‍♀️🧎🏾‍♀️🧎🏾‍♀️",5,1760581975.0,User_139
201,https://www.reddit.com/r/popculturechat/comments/1o7t451/the_victorias_secret_fashion_show_2025/,njqd0cv,t3_1o7t451,"All the ""flower"" themed outfits, 🩷🩷🩷  SO DARN SEXY!",7,1760582099.0,User_140
202,https://www.reddit.com/r/popculturechat/comments/1o7t451/the_victorias_secret_fashion_show_2025/,njqieet,t3_1o7t451,"Who is this Angel Reese person, she literally took my breath away??? ",5,1760584278.0,User_141
203,https://www.reddit.com/r/popculturechat/comments/1o7t451/the_victorias_secret_fashion_show_2025/,njqkey4,t3_1o7t451,Anok Yai is so unbelievably gorgeous I can't understand how she's real,6,1760585141.0,User_142
204,https://www.reddit.com/r/popculturechat/comments/1o7t451/the_victorias_secret_fashion_show_2025/,njqolw2,t3_1o7t451,Imaan!!!!😍,6,1760587009.0,User_143
205,https://www.reddit.com/r/popculturechat/comments/1o7t451/the_victorias_secret_fashion_show_2025/,njqtvhj,t3_1o7t451,Tbh it took me 3 times scrolling thru the pics to identify Bella and Gigi. Wow.,5,1760589546.0,User_144
206,https://www.reddit.com/r/popculturechat/comments/1o7t451/the_victorias_secret_fashion_show_2025/,njq4tqc,t3_1o7t451,"ugh anok looks better every time i see her 🤭🫶🏾🩷🩷 Angel is looking VERY MUCH like an angel! And i’m always so so happy to see Barbara, she’s one of the most beautiful women i’ve ever seen. this show is already MILES better than last year’s from what i’ve seen. the people want FUN! PINK! RHINESTONES! GLAM!

https://i.redd.it/1n9xonr9pdvf1.gif",19,1760579004.0,User_145
207,https://www.reddit.com/r/popculturechat/comments/1o7t451/the_victorias_secret_fashion_show_2025/,njsdvfh,t3_1o7t451,"None of these make me feel the same way the old VS fashion show did /: I remember watching the old version and thinking, “Wow, they literally look like angels, I wish that was me…” but now when I watch, it’s just like, “Yep, that’s a woman wearing lingerie. Okay, next.” There’s nothing about it that inspires me to go out the next day and buy as much VS and Pink as I can afford so I can look like the Angels like the old show did",19,1760619312.0,User_146
208,https://www.reddit.com/r/popculturechat/comments/1o7t451/the_victorias_secret_fashion_show_2025/,njq3w2h,t3_1o7t451,"VS is at least 20 years behind acknowledging that plus size women exist and are attractive, so this is not a compliment to them, but these curvy women are hot as hell omg",74,1760578662.0,User_147
209,https://www.reddit.com/r/popculturechat/comments/1o7t451/the_victorias_secret_fashion_show_2025/,njq3w3d,t3_1o7t451,Wow it is so ugly,19,1760578662.0,User_148
210,https://www.reddit.com/r/popculturechat/comments/1o7t451/the_victorias_secret_fashion_show_2025/,njqteyh,t3_1o7t451,Honestly it’s refreshing to see some diversity finally at these events both by body and skin!! Although the actual garments are pretty…boring?,17,1760589316.0,User_144
211,https://www.reddit.com/r/popculturechat/comments/1o7t451/the_victorias_secret_fashion_show_2025/,njqedb8,t3_1o7t451,"https://preview.redd.it/z9byj9030evf1.jpeg?width=1200&format=pjpg&auto=webp&s=917d53f8e67f396e1a8dfb13eaeeed6d63827386

Summer Dirx",14,1760582639.0,User_66
212,https://www.reddit.com/r/popculturechat/comments/1o7t451/the_victorias_secret_fashion_show_2025/,njq24qz,t3_1o7t451,"https://preview.redd.it/7sq201ebmdvf1.jpeg?width=1397&format=pjpg&auto=webp&s=2e09f79496575b22d46c3a6e275b3193d78ea115

Gigi Hadid",38,1760578009.0,User_66
213,https://www.reddit.com/r/popculturechat/comments/1o7t451/the_victorias_secret_fashion_show_2025/,njrbbul,t3_1o7t451,"I'm so, so disinterested in Victoria's Secret. Okay, so they were rude and offputting about being inclusive back in the day, so shut down. They're now back with an incredibly forced attempt at ""inclusivity"" to try and retain some form of customer base.


The thing is, through this all, regardless of which models they choose...their underwear has always, and still to this day, looked cheap. Their sizing is still crap and their products look so cheap and tacky that I wouldn't be seen dead wearing them. And that's coming from me, a pole dancer. If the pole girlies think your products look too trashy, you know it's bad.",10,1760599284.0,User_149
214,https://www.reddit.com/r/popculturechat/comments/1o7t451/the_victorias_secret_fashion_show_2025/,njqk7k1,t3_1o7t451,I need the behind the scenes on quen Blackwell being a VS angel asap,5,1760585051.0,User_72
215,https://www.reddit.com/r/popculturechat/comments/1o7t451/the_victorias_secret_fashion_show_2025/,njqnm0g,t3_1o7t451,Wow really something for everyone,4,1760586560.0,User_150
216,https://www.reddit.com/r/popculturechat/comments/1o7t451/the_victorias_secret_fashion_show_2025/,njqtn78,t3_1o7t451,Angels body is tea,5,1760589432.0,User_151
217,https://www.reddit.com/r/popculturechat/comments/1o7t451/the_victorias_secret_fashion_show_2025/,njr7bq6,t3_1o7t451,"I was so happy to see Adriana Lima, Barbara Palvin, and Ashley Graham…some of my favorites of all time. I used to like the Hadids but i am sorta indifferent now. It is funny though that Lisa Rinna’s daughter Delilah is walking with them, they were her inspiration lol

I have never seen Devyn Garcia before but she is gorgeous!",4,1760596915.0,User_152
218,https://www.reddit.com/r/popculturechat/comments/1o7t451/the_victorias_secret_fashion_show_2025/,njr9n5a,t3_1o7t451,Oh my god… I hate EVERY look. Wow,6,1760598258.0,User_153
219,https://www.reddit.com/r/popculturechat/comments/1o7t451/the_victorias_secret_fashion_show_2025/,njs0ce1,t3_1o7t451,Iris law does not belong on that stage. Maybe it’s her awful personality leaking through but I just don’t get it,5,1760613850.0,User_154
220,https://www.reddit.com/r/popculturechat/comments/1o7t451/the_victorias_secret_fashion_show_2025/,njslprt,t3_1o7t451,I’m loving the variety in body types.,4,1760622035.0,User_155
221,https://www.reddit.com/r/popculturechat/comments/1o7t451/the_victorias_secret_fashion_show_2025/,njuxzal,t3_1o7t451,"Everyone is mentioning the outfits looking tacky or that they don't fit the models correctly and I'm just here wondering why no-one seems to have a shoe that fits?!

They all seem to be pushing out the front of the shoes, or their toes look crushed into them, or both! Did VS just not have the budget for different shoe sizes this year?",5,1760647277.0,User_156
222,https://www.reddit.com/r/popculturechat/comments/1o7t451/the_victorias_secret_fashion_show_2025/,njve72a,t3_1o7t451,ANGEL REESE FTW💓,6,1760652523.0,User_157
223,https://www.reddit.com/r/popculturechat/comments/1o7t451/the_victorias_secret_fashion_show_2025/,njvjhll,t3_1o7t451,I am not a fan of actual models being phased out for “influencers”,5,1760654372.0,User_158
224,https://www.reddit.com/r/popculturechat/comments/1o7t451/the_victorias_secret_fashion_show_2025/,njxb8k9,t3_1o7t451,Modeling for Victoria's Secret whilst pregnant is ICONIC,6,1760678942.0,User_159
225,https://www.reddit.com/r/popculturechat/comments/1o7t451/the_victorias_secret_fashion_show_2025/,njr0tyq,t3_1o7t451,This is still a thing?,10,1760593204.0,User_160
226,https://www.reddit.com/r/popculturechat/comments/1o7t451/the_victorias_secret_fashion_show_2025/,njqphst,t3_1o7t451,I love that they showcased a pregnant model!,18,1760587420.0,User_161
227,https://www.reddit.com/r/popculturechat/comments/1o7t451/the_victorias_secret_fashion_show_2025/,njqj7q6,t3_1o7t451,I've never been those that can't tell the difference between Adriana Lima and Irina Shayk until today.,4,1760584622.0,User_162
228,https://www.reddit.com/r/popculturechat/comments/1o7t451/the_victorias_secret_fashion_show_2025/,njqjhji,t3_1o7t451,"the layering on a lot of these is awful but on Precious Lee it is a CRIME she is so stunning, why did they do thissssssss 
these women are beautiful and I want them to have their moment but…having this event still feels wild as hell to me. it feels so absolutely absurd given the state of things. if it felt…artistic in any way I think I would feel a tiny bit better about it but it doesn’t.  it just feels gaudy. for lack of a better term.",4,1760584739.0,User_163
229,https://www.reddit.com/r/popculturechat/comments/1o7t451/the_victorias_secret_fashion_show_2025/,njqpv7y,t3_1o7t451,The first girl is EVERYTHING 😍,5,1760587595.0,User_164
230,https://www.reddit.com/r/popculturechat/comments/1o7t451/the_victorias_secret_fashion_show_2025/,njrcq89,t3_1o7t451,"Ahh anok yai, the most beautiful woman in the world",4,1760600161.0,User_165
231,https://www.reddit.com/r/popculturechat/comments/1o7t451/the_victorias_secret_fashion_show_2025/,njs29s0,t3_1o7t451,![gif](giphy|tFqhymAmWlkXK),3,1760614718.0,user_deleted
232,https://www.reddit.com/r/popculturechat/comments/1o7t451/the_victorias_secret_fashion_show_2025/,njsnisn,t3_1o7t451,"Barbara Palvins look is incredible, wow! Also kind of shocked to see Doutzen, didn’t she stop modeling after she fell into all the weird anti-vax stuff?",4,1760622636.0,User_166
233,https://www.reddit.com/r/popculturechat/comments/1o7t451/the_victorias_secret_fashion_show_2025/,njqeq6z,t3_1o7t451,"https://preview.redd.it/ilb51bbi0evf1.jpeg?width=1200&format=pjpg&auto=webp&s=7847316fe5acb1be364fc7b0f6a674b31af676fd

Paloma Elsesser",26,1760582781.0,User_66
234,https://www.reddit.com/r/popculturechat/comments/1o7t451/the_victorias_secret_fashion_show_2025/,njq45o7,t3_1o7t451,Kinda boring,11,1760578759.0,User_167
235,https://www.reddit.com/r/popculturechat/comments/1o7t451/the_victorias_secret_fashion_show_2025/,njqaxaw,t3_1o7t451,Picture 11 of Bella does eat though.,6,1760581282.0,User_76
236,https://www.reddit.com/r/popculturechat/comments/1o7t451/the_victorias_secret_fashion_show_2025/,njqbc00,t3_1o7t451,It always looks cheaply made. Also feels a bit déjà vu with some of the outfits.,7,1760581441.0,User_168
237,https://www.reddit.com/r/popculturechat/comments/1o7t451/the_victorias_secret_fashion_show_2025/,njqhams,t3_1o7t451,Doutzen looks angelic,7,1760583816.0,User_169
238,https://www.reddit.com/r/popculturechat/comments/1o7t451/the_victorias_secret_fashion_show_2025/,njqi6k8,t3_1o7t451,So happy to see plus size models they are gorgeous!,6,1760584186.0,User_170
239,https://www.reddit.com/r/popculturechat/comments/1o7t451/the_victorias_secret_fashion_show_2025/,njqn4rr,t3_1o7t451,It’s so nice to see VS embrace so many different kinds of beautiful women. Bravo.,7,1760586346.0,User_171
240,https://www.reddit.com/r/popculturechat/comments/1o7t451/the_victorias_secret_fashion_show_2025/,njqri3c,t3_1o7t451,Is it me or has this run its course?,5,1760588370.0,User_172
241,https://www.reddit.com/r/popculturechat/comments/1o7t451/the_victorias_secret_fashion_show_2025/,njqzoey,t3_1o7t451,As much as I love the versatility and the fact that they don’t just allow the one body type - I just still don’t understand why the idea of ‘plus size’ always has to include flat stomachs. It’s like plus size models have to have slim faces and slim stomached to be accepted as a model and it’s frustrating because that’s not always reality,16,1760592565.0,User_173
242,https://www.reddit.com/r/popculturechat/comments/1o7t451/the_victorias_secret_fashion_show_2025/,njqblii,t3_1o7t451,I need to grow six inches in height and lose more weight and exercise like I’m running from a hell hound ☹️,12,1760581543.0,User_174
243,https://www.reddit.com/r/popculturechat/comments/1o7t451/the_victorias_secret_fashion_show_2025/,njqklce,t3_1o7t451,It ain’t what it t used to be. That looks like a Frederick’s of Hollywood catalog from the 80’s.,11,1760585218.0,User_175
244,https://www.reddit.com/r/popculturechat/comments/1o7t451/the_victorias_secret_fashion_show_2025/,njq7t7f,t3_1o7t451,"I love Doutzen, I’m glad to see her back! 

Some of these are amazing looks and others leave me confused hahaha",6,1760580102.0,User_176
245,https://www.reddit.com/r/popculturechat/comments/1o7t451/the_victorias_secret_fashion_show_2025/,njqgkhl,t3_1o7t451,they're still doing this shit? barf.,5,1760583519.0,User_177
246,https://www.reddit.com/r/popculturechat/comments/1o7t451/the_victorias_secret_fashion_show_2025/,njqlm67,t3_1o7t451,Why is the mode in pic 12 wearing a bra and panties under the swimsuit?,7,1760585668.0,User_178
247,https://www.reddit.com/r/popculturechat/comments/1o7t451/the_victorias_secret_fashion_show_2025/,njr0ad5,t3_1o7t451,the women with normal bodies made this watchable,6,1760592902.0,User_179
248,https://www.reddit.com/r/popculturechat/comments/1o7t451/the_victorias_secret_fashion_show_2025/,njr9rzs,t3_1o7t451,No tea no shade but… some of these… they let anyone become a model these days 👀,6,1760598338.0,User_180
249,https://www.reddit.com/r/popculturechat/comments/1o7t451/the_victorias_secret_fashion_show_2025/,njreryx,t3_1o7t451,Is angel Reese the basketball player?,6,1760601449.0,User_181
250,https://www.reddit.com/r/popculturechat/comments/1o7t451/the_victorias_secret_fashion_show_2025/,njq3wbv,t3_1o7t451,I thought Bella was sick,6,1760578665.0,User_182
251,https://www.reddit.com/r/popculturechat/comments/1o7t451/the_victorias_secret_fashion_show_2025/,njqtrfh,t3_1o7t451,"Meh. The angels used to be perfection, top models, the best of the best, so what’s with half of these people? I hate that they have gone influencer route.",18,1760589490.0,User_183
252,https://www.reddit.com/r/popculturechat/comments/1o7t451/the_victorias_secret_fashion_show_2025/,njqc69j,t3_1o7t451,Mother of pearl ✨,3,1760581768.0,User_184
253,https://www.reddit.com/r/popculturechat/comments/1o7t451/the_victorias_secret_fashion_show_2025/,njqcxcv,t3_1o7t451,i mean… better than the dumpster fire that was last year’s,3,1760582065.0,User_185
254,https://www.reddit.com/r/popculturechat/comments/1o7t451/the_victorias_secret_fashion_show_2025/,njqd6na,t3_1o7t451,Holy shit number four 🥵,3,1760582168.0,User_186
255,https://www.reddit.com/r/popculturechat/comments/1o7t451/the_victorias_secret_fashion_show_2025/,njqpffs,t3_1o7t451,"Angel Reese looks absolutely beautiful!! 😍😍 I’m not too crazy about all the outfits, but I love the inclusivity! It’s a nice thing to see!",3,1760587389.0,User_187
256,https://www.reddit.com/r/popculturechat/comments/1o7t451/the_victorias_secret_fashion_show_2025/,njr2fpm,t3_1o7t451,Barbara Palvin 😍👏,3,1760594099.0,User_188
257,https://www.reddit.com/r/popculturechat/comments/1o7t451/the_victorias_secret_fashion_show_2025/,njr9ih1,t3_1o7t451,Anok Yai is so beautiful.,3,1760598180.0,User_189
258,https://www.reddit.com/r/popculturechat/comments/1o7t451/the_victorias_secret_fashion_show_2025/,njrd0ci,t3_1o7t451,I wonder if Gigi and Irina said hi 🫢,3,1760600336.0,User_190
259,https://www.reddit.com/r/popculturechat/comments/1o7t451/the_victorias_secret_fashion_show_2025/,njrzygp,t3_1o7t451,"https://preview.redd.it/y7zgab2ckgvf1.png?width=504&format=png&auto=webp&s=1ce03d5acc5069077515f8ee0e0cb131e4227f2d

WHOS WITH ME ? <3",3,1760613673.0,user_deleted
260,https://www.reddit.com/r/popculturechat/comments/1o7t451/the_victorias_secret_fashion_show_2025/,njsnbg3,t3_1o7t451,"some of the design choices are... interesting, to say the least

but it makes me so happy to see some bodies that look closer to mine on display! one day i hope we will have true body diversity at the victoria's secret show. but we're slowly getting there.",3,1760622567.0,User_191
261,https://www.reddit.com/r/popculturechat/comments/1o7t451/the_victorias_secret_fashion_show_2025/,njsoswc,t3_1o7t451,Lila Moss?! I thought she was an east Asian model and had to look up who was in that photo.,3,1760623055.0,User_192
262,https://www.reddit.com/r/popculturechat/comments/1o7t451/the_victorias_secret_fashion_show_2025/,njt5d6k,t3_1o7t451,Was there even a theme this year? I genuinely can't tell because everything looks so random and disjointed,3,1760628148.0,User_193
263,https://www.reddit.com/r/popculturechat/comments/1o7t451/the_victorias_secret_fashion_show_2025/,njt6zyh,t3_1o7t451,Barbara ATE,3,1760628636.0,User_194
264,https://www.reddit.com/r/popculturechat/comments/1o7t451/the_victorias_secret_fashion_show_2025/,njte16s,t3_1o7t451,"The majority of the lingerie looks cheap. And they get no kudos from me for having a plus size model when the largest size they sell is a XXL, which isn’t even a plus size.",3,1760630710.0,User_195
265,https://www.reddit.com/r/popculturechat/comments/1o7t451/the_victorias_secret_fashion_show_2025/,njvzdam,t3_1o7t451,Obviously everyone is gorgeous. But no one looks happy? I remember VS shows in the past they seemed happy. This feels kinda distopian?,3,1760660068.0,User_196
266,https://www.reddit.com/r/popculturechat/comments/1o7t451/the_victorias_secret_fashion_show_2025/,njwe55c,t3_1o7t451,"Bella Hadid always steals the show , she is hands down the most beautiful along with her sister.",3,1760665290.0,User_197
267,https://www.reddit.com/r/popculturechat/comments/1o7t451/the_victorias_secret_fashion_show_2025/,njwzrsp,t3_1o7t451,I love that they included a pregnant model in the line up!!! ,3,1760673374.0,User_198
268,https://www.reddit.com/r/popculturechat/comments/1o7t451/the_victorias_secret_fashion_show_2025/,njqbthl,t3_1o7t451,I thought Bella was in some hospital bed in Brussels fighting Lyme disease?,9,1760581629.0,User_99
269,https://www.reddit.com/r/popculturechat/comments/1o7t451/the_victorias_secret_fashion_show_2025/,njqb1uk,t3_1o7t451,"the only ones not underwhelming are the ogs, but even then most of their outfits look terrible",4,1760581331.0,User_199
270,https://www.reddit.com/r/popculturechat/comments/1o7t451/the_victorias_secret_fashion_show_2025/,njrgljy,t3_1o7t451,"LOVING the variety of the women, hating the fact that so many of them are in ill fitting shoes! So dangerous.",5,1760602593.0,User_200
271,https://www.reddit.com/r/popculturechat/comments/1o7t451/the_victorias_secret_fashion_show_2025/,njrk00n,t3_1o7t451,"There’s an active discussion on TikTok, with people being upset because they want to see “unaittainable looks” from the angels and it’s not giving this year.

It made me think we might need to bring bullying back a bit because in what world do these people look like the average TikTok commenter on their best day lol",6,1760604763.0,User_201
272,https://www.reddit.com/r/popculturechat/comments/1o7t451/the_victorias_secret_fashion_show_2025/,njqblnm,t3_1o7t451,I swear the models were way more beautiful back in the 2000’s to 2013’s,15,1760581545.0,User_202
273,https://www.reddit.com/r/popculturechat/comments/1o7t451/the_victorias_secret_fashion_show_2025/,njq8ado,t3_1o7t451,Bella's hair is perfect! I want that color so bad but the salons here are shit 😂,6,1760580277.0,User_203
274,https://www.reddit.com/r/popculturechat/comments/1o7t451/the_victorias_secret_fashion_show_2025/,njsps90,t3_1o7t451,I can never understand how men convinced us that walking in underwear on stage is empowering,8,1760623373.0,User_204
275,https://www.reddit.com/r/popculturechat/comments/1o7t451/the_victorias_secret_fashion_show_2025/,njqahcn,t3_1o7t451,Didn’t know this was still a thing 😅,4,1760581110.0,User_205
276,https://www.reddit.com/r/popculturechat/comments/1o7t451/the_victorias_secret_fashion_show_2025/,njqkobf,t3_1o7t451,"Emily barely has her cooter covered 🫠 


I'm surprised people are still supporting VS so much. ",3,1760585254.0,user_deleted
277,https://www.reddit.com/r/popculturechat/comments/1o7t451/the_victorias_secret_fashion_show_2025/,njqp0m4,t3_1o7t451,So they still do this I guess,5,1760587196.0,User_206
278,https://www.reddit.com/r/popculturechat/comments/1o7t451/the_victorias_secret_fashion_show_2025/,njrliyj,t3_1o7t451,Iris Law & Lila Moss. Wonder how much their parents paid to get them in the show. Neither of them are even 5ft7 irl,4,1760605735.0,User_207
279,https://www.reddit.com/r/popculturechat/comments/1o7t451/the_victorias_secret_fashion_show_2025/,njq3oe0,t3_1o7t451,This was worse than last year,7,1760578582.0,User_208
280,https://www.reddit.com/r/popculturechat/comments/1o7t451/the_victorias_secret_fashion_show_2025/,njqy8km,t3_1o7t451,It’s weird this is still popular when the owner of VS is why Epstein had his wealth in the first place,4,1760591789.0,User_209
281,https://www.reddit.com/r/popculturechat/comments/1o7t451/the_victorias_secret_fashion_show_2025/,njq1wp4,t3_1o7t451,"https://preview.redd.it/421gr9e1mdvf1.jpeg?width=1639&format=pjpg&auto=webp&s=aaa620d0463f96433f9c5758206d2f89e66c5245

Amelia Gray",11,1760577927.0,User_66
282,https://www.reddit.com/r/popculturechat/comments/1o7t451/the_victorias_secret_fashion_show_2025/,njq90u1,t3_1o7t451,Gorgeous gorgeous girls!!!!! I love this so much,2,1760580550.0,User_210
283,https://www.reddit.com/r/popculturechat/comments/1o7t451/the_victorias_secret_fashion_show_2025/,njqjxdw,t3_1o7t451,The first lady is a goddess. It the only way she can look like that,2,1760584928.0,User_211
284,https://www.reddit.com/r/popculturechat/comments/1o7t451/the_victorias_secret_fashion_show_2025/,njqpn3t,t3_1o7t451,"they did Quen so dirty, what the hell is that😭",2,1760587489.0,User_212
285,https://www.reddit.com/r/popculturechat/comments/1o7t451/the_victorias_secret_fashion_show_2025/,njqu4mu,t3_1o7t451,I love this show so much,2,1760589671.0,User_213
286,https://www.reddit.com/r/popculturechat/comments/1o7t451/the_victorias_secret_fashion_show_2025/,njqxprt,t3_1o7t451,2025 with everyone showing off their new faces is wild,2,1760591514.0,User_214
287,https://www.reddit.com/r/popculturechat/comments/1o7t451/the_victorias_secret_fashion_show_2025/,njqy70b,t3_1o7t451,They’re called angels for a reason! Beauties!🥰,2,1760591766.0,User_215
288,https://www.reddit.com/r/popculturechat/comments/1o7t451/the_victorias_secret_fashion_show_2025/,njqz4xe,t3_1o7t451,All the beautiful bodies outshine the lingerie - somewhat meh!,2,1760592271.0,User_216
289,https://www.reddit.com/r/popculturechat/comments/1o7t451/the_victorias_secret_fashion_show_2025/,njr18qz,t3_1o7t451,That first girl’s skin is absolutely insane. Absolute perfection. So beautiful!,2,1760593433.0,User_217
290,https://www.reddit.com/r/popculturechat/comments/1o7t451/the_victorias_secret_fashion_show_2025/,njr2jse,t3_1o7t451,Imaan looks so beautiful 🐈‍⬛🎀,2,1760594163.0,User_218
291,https://www.reddit.com/r/popculturechat/comments/1o7t451/the_victorias_secret_fashion_show_2025/,njr3mp5,t3_1o7t451,Doutzen looks ethereal 🖤,2,1760594769.0,User_219
292,https://www.reddit.com/r/popculturechat/comments/1o7t451/the_victorias_secret_fashion_show_2025/,njr42rz,t3_1o7t451,So many ill fitting lingerie and so many models looking exhausted and hungry… ,2,1760595025.0,User_220
293,https://www.reddit.com/r/popculturechat/comments/1o7t451/the_victorias_secret_fashion_show_2025/,njr42vw,t3_1o7t451,Barbara resembles Tricia Helfer so much here,2,1760595027.0,User_221
294,https://www.reddit.com/r/popculturechat/comments/1o7t451/the_victorias_secret_fashion_show_2025/,njr79mn,t3_1o7t451,"14, 15, and 16 are awesome! The rest? Meh",2,1760596882.0,User_222
295,https://www.reddit.com/r/popculturechat/comments/1o7t451/the_victorias_secret_fashion_show_2025/,njr7afs,t3_1o7t451,I thought last person was Troye Sivan in drag and got super excited 😬,2,1760596894.0,User_223
296,https://www.reddit.com/r/popculturechat/comments/1o7t451/the_victorias_secret_fashion_show_2025/,njr8ihh,t3_1o7t451,Anok my queen  😍,2,1760597594.0,User_224
297,https://www.reddit.com/r/popculturechat/comments/1o7t451/the_victorias_secret_fashion_show_2025/,njr99fg,t3_1o7t451,13th slide ✨,2,1760598030.0,User_225
298,https://www.reddit.com/r/popculturechat/comments/1o7t451/the_victorias_secret_fashion_show_2025/,njrab4k,t3_1o7t451,My gorgeous girls Anok and Barbara 💕,2,1760598657.0,User_226
299,https://www.reddit.com/r/popculturechat/comments/1o7t451/the_victorias_secret_fashion_show_2025/,njragzi,t3_1o7t451,Has the actual lingerie always looked this cheap?,2,1760598757.0,User_227
300,https://www.reddit.com/r/popculturechat/comments/1o7t451/the_victorias_secret_fashion_show_2025/,njrc8if,t3_1o7t451,"Lila Moss looks so wasian in that pic, I almost didn’t recognise her. Her look is so cute",2,1760599853.0,User_228
301,https://www.reddit.com/r/popculturechat/comments/1o7t451/the_victorias_secret_fashion_show_2025/,njrc9py,t3_1o7t451,quen is gorgeous but they did her dirty lol,2,1760599873.0,user_deleted
302,https://www.reddit.com/r/popculturechat/comments/1o7t451/the_victorias_secret_fashion_show_2025/,njrcbm3,t3_1o7t451,Just wow!,2,1760599907.0,User_229
303,https://www.reddit.com/r/popculturechat/comments/1o7t451/the_victorias_secret_fashion_show_2025/,njrd6w7,t3_1o7t451,ohh they look so good !!,2,1760600451.0,User_230
304,https://www.reddit.com/r/popculturechat/comments/1o7t451/the_victorias_secret_fashion_show_2025/,njrohjx,t3_1o7t451,Why is emrata there?,2,1760607571.0,User_231
305,https://www.reddit.com/r/popculturechat/comments/1o7t451/the_victorias_secret_fashion_show_2025/,njs09nq,t3_1o7t451,Why does Emrata still walks for Victoria’s Secret ??,2,1760613815.0,User_232
306,https://www.reddit.com/r/popculturechat/comments/1o7t451/the_victorias_secret_fashion_show_2025/,njs7bpf,t3_1o7t451,doutzen kroes ❤️❤️❤️,2,1760616827.0,user_deleted
307,https://www.reddit.com/r/popculturechat/comments/1o7t451/the_victorias_secret_fashion_show_2025/,njs7uc0,t3_1o7t451,🔥🔥,2,1760617032.0,user_deleted
308,https://www.reddit.com/r/popculturechat/comments/1o7t451/the_victorias_secret_fashion_show_2025/,njsb31c,t3_1o7t451,Unpopular opinion: I LOVE the set on slide 2. I want to purchase it NOWWW😩😍,2,1760618294.0,User_233
309,https://www.reddit.com/r/popculturechat/comments/1o7t451/the_victorias_secret_fashion_show_2025/,njsbbhz,t3_1o7t451,"this year show was soooooo much better than last year like love love lovee the collection. Also Barbara, Anok and Jasmine served so harddd i love them so bad",2,1760618382.0,user_deleted
310,https://www.reddit.com/r/popculturechat/comments/1o7t451/the_victorias_secret_fashion_show_2025/,njsbe11,t3_1o7t451,I could easily just watch a whole fashion show of Alex and Anok changing outfits over and over and over again,2,1760618409.0,User_234
311,https://www.reddit.com/r/popculturechat/comments/1o7t451/the_victorias_secret_fashion_show_2025/,njsgytg,t3_1o7t451,Irina is my queen,2,1760620404.0,User_235
312,https://www.reddit.com/r/popculturechat/comments/1o7t451/the_victorias_secret_fashion_show_2025/,njsurow,t3_1o7t451,The iris look has me gagged,2,1760624950.0,User_236
313,https://www.reddit.com/r/popculturechat/comments/1o7t451/the_victorias_secret_fashion_show_2025/,njt4sll,t3_1o7t451,"Anok Yai is a show stopper, as per usual. What a queen",2,1760627975.0,User_193
314,https://www.reddit.com/r/popculturechat/comments/1o7t451/the_victorias_secret_fashion_show_2025/,njt4w9h,t3_1o7t451,Precious was fone so dirty with amrhat damn camisole,2,1760628006.0,User_193
315,https://www.reddit.com/r/popculturechat/comments/1o7t451/the_victorias_secret_fashion_show_2025/,njt5dwk,t3_1o7t451,Irina & Barbara 🔥,2,1760628153.0,User_237
316,https://www.reddit.com/r/popculturechat/comments/1o7t451/the_victorias_secret_fashion_show_2025/,njt7wfj,t3_1o7t451,👏🏽👏🏽👏🏽👏🏽 Yessss for all the body shapes!!!,2,1760628906.0,User_238
317,https://www.reddit.com/r/popculturechat/comments/1o7t451/the_victorias_secret_fashion_show_2025/,njt81lf,t3_1o7t451,Some of these are bringing some very upscale escorts in 1988. Is VS on a downturn?,2,1760628949.0,user_deleted
318,https://www.reddit.com/r/popculturechat/comments/1o7t451/the_victorias_secret_fashion_show_2025/,njtdf88,t3_1o7t451,The wings and headpieces really help distract you from how absolutely boring this lingerie is.,2,1760630529.0,User_239
319,https://www.reddit.com/r/popculturechat/comments/1o7t451/the_victorias_secret_fashion_show_2025/,njtgjg7,t3_1o7t451,"I need to say this somewhere. 

I know Victoria’s Secret isn’t what it used to be. I used to be OBSESSED with the fashion shows but now I’m old and have children. 

Seeing the same models walking who walked when I was young and cute makes me feel like I’m still relevant. Then when I scrolled to the beautiful, ethereal pregnant jasmine I literally teared up. I felt so seen. Not like an invisible NPC, like moms mattered for a second. Like Victoria’s Secret isn’t growing WITH me not like I’ve aged out. 

So yes I really loved this show. Not sorry!",2,1760631458.0,User_240
320,https://www.reddit.com/r/popculturechat/comments/1o7t451/the_victorias_secret_fashion_show_2025/,njtli37,t3_1o7t451,The models are gorgeous. But somehow not impressed with VS. Underwhelming af.,2,1760632928.0,User_241
321,https://www.reddit.com/r/popculturechat/comments/1o7t451/the_victorias_secret_fashion_show_2025/,njtpxct,t3_1o7t451,Doutzen’s face card never declines,2,1760634214.0,User_242
322,https://www.reddit.com/r/popculturechat/comments/1o7t451/the_victorias_secret_fashion_show_2025/,njujbsr,t3_1o7t451,It's just something about that that red on Bella! :),2,1760642892.0,User_243
323,https://www.reddit.com/r/popculturechat/comments/1o7t451/the_victorias_secret_fashion_show_2025/,njw4cvo,t3_1o7t451,"Mmm, Emrata! 😋",2,1760661864.0,User_244
324,https://www.reddit.com/r/popculturechat/comments/1o7t451/the_victorias_secret_fashion_show_2025/,njw76zf,t3_1o7t451,I mean their bras always fit like $hit in my opinion,2,1760662862.0,User_245
325,https://www.reddit.com/r/popculturechat/comments/1o7t451/the_victorias_secret_fashion_show_2025/,njw9136,t3_1o7t451,QUENNAISCANCE ❤️🤟💪,2,1760663506.0,User_246
326,https://www.reddit.com/r/popculturechat/comments/1o7t451/the_victorias_secret_fashion_show_2025/,njw96tc,t3_1o7t451,19 made my jaw drop in the best way.,2,1760663564.0,User_247
327,https://www.reddit.com/r/popculturechat/comments/1o7t451/the_victorias_secret_fashion_show_2025/,njwajzr,t3_1o7t451,Is #10 Angel Reese?  Dayum!,2,1760664041.0,User_248
328,https://www.reddit.com/r/popculturechat/comments/1o7t451/the_victorias_secret_fashion_show_2025/,njwcmjs,t3_1o7t451,There are all so beautiful 😻,2,1760664760.0,User_249
329,https://www.reddit.com/r/popculturechat/comments/1o7t451/the_victorias_secret_fashion_show_2025/,njwdff5,t3_1o7t451,anok yai is SOOO body goals,2,1760665045.0,User_250
330,https://www.reddit.com/r/popculturechat/comments/1o7t451/the_victorias_secret_fashion_show_2025/,njwfb62,t3_1o7t451,Homegirl in the red was smokin 🔥🔥❤️,2,1760665686.0,User_251
331,https://www.reddit.com/r/popculturechat/comments/1o7t451/the_victorias_secret_fashion_show_2025/,njwg407,t3_1o7t451,Is that a championship belt on 6?,2,1760665965.0,User_252
332,https://www.reddit.com/r/popculturechat/comments/1o7t451/the_victorias_secret_fashion_show_2025/,njwhovo,t3_1o7t451,SOME of them looked gorgeous 😍,2,1760666525.0,User_253
333,https://www.reddit.com/r/popculturechat/comments/1o7t451/the_victorias_secret_fashion_show_2025/,njwlm47,t3_1o7t451,"https://preview.redd.it/sn556oqk1lvf1.jpeg?width=4032&format=pjpg&auto=webp&s=fe690eac2d439393d53ba15459f2494cb2ed6afc

There was a block-long crowd in front of MSG watching this on a giant screen across the street.",2,1760667930.0,User_254
334,https://www.reddit.com/r/popculturechat/comments/1o7t451/the_victorias_secret_fashion_show_2025/,njx3xtf,t3_1o7t451,Well I loved all the models. Suddenly they all are the model police 😂 appreciate the inclusion for all body types and the clothes fit really well,2,1760675278.0,User_255
335,https://www.reddit.com/r/popculturechat/comments/1o7t451/the_victorias_secret_fashion_show_2025/,njxc5i4,t3_1o7t451,Some of these looks are abyssmal af.,2,1760679430.0,User_256
336,https://www.reddit.com/r/popculturechat/comments/1o7t451/the_victorias_secret_fashion_show_2025/,nk3phjx,t3_1o7t451,"Barbara Sprouse is so beautiful - she looks like a goddess, if one were to float down, that’s her - Mother Earth right there my gosh!",2,1760769432.0,User_257
337,https://www.reddit.com/r/popculturechat/comments/1o7t451/the_victorias_secret_fashion_show_2025/,nkbt5bb,t3_1o7t451,"As a freshly postpartum mom, it was really nice to see some pregnancy representation here.",2,1760890507.0,User_258
338,https://www.reddit.com/r/popculturechat/comments/1o7t451/the_victorias_secret_fashion_show_2025/,njqdqvc,t3_1o7t451,"Is it just me or do all the models look old, sad, and mean? I don't remember this vibe several years ago",6,1760582393.0,User_259
339,https://www.reddit.com/r/popculturechat/comments/1o7t451/the_victorias_secret_fashion_show_2025/,njrdhg3,t3_1o7t451,"Does anyone like alex consani??? She looks so mid, the only thing going on for her is her height",6,1760600634.0,User_110
340,https://www.reddit.com/r/popculturechat/comments/1o7t451/the_victorias_secret_fashion_show_2025/,njqvnmx,t3_1o7t451,A mess.,5,1760590446.0,User_260
341,https://www.reddit.com/r/popculturechat/comments/1o7t451/the_victorias_secret_fashion_show_2025/,njq7xb2,t3_1o7t451,"I'm a big Paloma fan. But Imaan is freakin' goddess.

And Angel is spectacular. Congrats AR5!!",3,1760580144.0,User_261
342,https://www.reddit.com/r/popculturechat/comments/1o7t451/the_victorias_secret_fashion_show_2025/,njqcqr8,t3_1o7t451,"Most of these have terrible styling, literally their bodies are selling the garment . I know that's the point but didn't know it's be this blatant",3,1760581993.0,User_262
343,https://www.reddit.com/r/popculturechat/comments/1o7t451/the_victorias_secret_fashion_show_2025/,njqnmyq,t3_1o7t451,these women are gorgeous but did every single 2010s era VS angel get buccal f*t removal?,3,1760586572.0,User_263
344,https://www.reddit.com/r/popculturechat/comments/1o7t451/the_victorias_secret_fashion_show_2025/,njqnty1,t3_1o7t451,Imaan Hammam definitely takes the cake tonight. Also Madison beer did amazingly. She was more alive than most of the models,2,1760586658.0,User_264
345,https://www.reddit.com/r/popculturechat/comments/1o7t451/the_victorias_secret_fashion_show_2025/,njqqgvy,t3_1o7t451,Bella looks incredible in the red!,3,1760587876.0,User_265
346,https://www.reddit.com/r/popculturechat/comments/1o7t451/the_victorias_secret_fashion_show_2025/,njrn9z7,t3_1o7t451,Bella and Gigi were fighting for their lives in those 50lb white wings 🪽,3,1760606833.0,User_266
347,https://www.reddit.com/r/popculturechat/comments/1o7t451/the_victorias_secret_fashion_show_2025/,njqoyll,t3_1o7t451,Gross,8,1760587170.0,User_267
348,https://www.reddit.com/r/popculturechat/comments/1o7t451/the_victorias_secret_fashion_show_2025/,njq2pbc,t3_1o7t451,QUENNNN?!? OMGGGGGGG AMAZING,4,1760578221.0,User_268
349,https://www.reddit.com/r/popculturechat/comments/1o7t451/the_victorias_secret_fashion_show_2025/,njre3sm,t3_1o7t451,Didn’t this brand die already? Because it was obviously time.,2,1760601025.0,User_269
350,https://www.reddit.com/r/popculturechat/comments/1o7t451/the_victorias_secret_fashion_show_2025/,njtyxsm,t3_1o7t451,"These look soooo basic for THE fashion show, and the black undergarments look terrible. How am I supposed to look good in something if it doesn't even look good on a literal model 😆",2,1760636809.0,User_270
351,https://www.reddit.com/r/popculturechat/comments/1o7t451/the_victorias_secret_fashion_show_2025/,njr0382,t3_1o7t451,Not a single interesting set in the bunch.,4,1760592792.0,User_271
352,https://www.reddit.com/r/popculturechat/comments/1o7t451/the_victorias_secret_fashion_show_2025/,njrwz4n,t3_1o7t451,VS fell off so hard,3,1760612251.0,User_272
353,https://www.reddit.com/r/popculturechat/comments/1o7t451/the_victorias_secret_fashion_show_2025/,njr6shp,t3_1o7t451,I dont find any of this remotely sexy.,2,1760596606.0,User_273
354,https://www.reddit.com/r/popculturechat/comments/1o7t451/the_victorias_secret_fashion_show_2025/,njqa5an,t3_1o7t451,"Precious just absolutely has the X-Factor for me, she constantly stands out. I adore her.",2,1760580980.0,User_274
355,https://www.reddit.com/r/popculturechat/comments/1o7t451/the_victorias_secret_fashion_show_2025/,njqij6l,t3_1o7t451,Rihanna must be laughing,2,1760584334.0,User_67
356,https://www.reddit.com/r/popculturechat/comments/1o7t451/the_victorias_secret_fashion_show_2025/,njqt5y4,t3_1o7t451,Whatever.,2,1760589191.0,User_275
357,https://www.reddit.com/r/popculturechat/comments/1o7t451/the_victorias_secret_fashion_show_2025/,njqtkoc,t3_1o7t451,Doutzen 😍,2,1760589396.0,User_276
358,https://www.reddit.com/r/popculturechat/comments/1o7t451/the_victorias_secret_fashion_show_2025/,njqyk1z,t3_1o7t451,Angel Reese lookin good 👍,2,1760591961.0,User_277
359,https://www.reddit.com/r/popculturechat/comments/1o7t451/the_victorias_secret_fashion_show_2025/,njre6tz,t3_1o7t451,Anok Yai and Alex Consani were stunning as always. Barbie Ferreira was a suprise for me too. Loved seeing here there!,2,1760601078.0,User_278
360,https://www.reddit.com/r/popculturechat/comments/1o7t451/the_victorias_secret_fashion_show_2025/,njrf0me,t3_1o7t451,"This looks like Bratz: The Live Action Movie.


Why does anyone give a shit about this show knowing what we know now about that company?",2,1760601597.0,User_279
361,https://www.reddit.com/r/popculturechat/comments/1o7t451/the_victorias_secret_fashion_show_2025/,njrfaet,t3_1o7t451,Barbara Palvin Sprouse!! You have me looking at you with heart eyes,2,1760601768.0,User_280
362,https://www.reddit.com/r/popculturechat/comments/1o7t451/the_victorias_secret_fashion_show_2025/,njrgrwd,t3_1o7t451,"Yasmin, anok, imaan, Alex, Alessandra and Candice were so gorgeous",2,1760602702.0,User_281
363,https://www.reddit.com/r/popculturechat/comments/1o7t451/the_victorias_secret_fashion_show_2025/,njrhlop,t3_1o7t451,Devyn Garcia is sooo pretty 🤩,2,1760603221.0,User_282
364,https://www.reddit.com/r/popculturechat/comments/1o7t451/the_victorias_secret_fashion_show_2025/,njrjnf5,t3_1o7t451,Anoks visuals are insane 😭😭😭,2,1760604541.0,User_283
365,https://www.reddit.com/r/popculturechat/comments/1o7t451/the_victorias_secret_fashion_show_2025/,njrqtbi,t3_1o7t451,I wonder if tight wing talking heads are going to complain that there was a thicker woman and a pregnant woman.,2,1760608939.0,User_284
366,https://www.reddit.com/r/popculturechat/comments/1o7t451/the_victorias_secret_fashion_show_2025/,njs0wrj,t3_1o7t451,"Jasmine looks gorgeous, like a pregnant goddes!",2,1760614113.0,User_285
367,https://www.reddit.com/r/popculturechat/comments/1o7t451/the_victorias_secret_fashion_show_2025/,njs1ofx,t3_1o7t451,How is this still a thing???,2,1760614459.0,User_286
368,https://www.reddit.com/r/popculturechat/comments/1o7t451/the_victorias_secret_fashion_show_2025/,njs98zw,t3_1o7t451,"Nothing about this feels fresh or interesting. Same models, recycled looks. And way too many people wearing two pairs of underwear.",2,1760617585.0,User_287
369,https://www.reddit.com/r/popculturechat/comments/1o7t451/the_victorias_secret_fashion_show_2025/,njwnx95,t3_1o7t451,It look like a cheapen version from the original. It’s giving fast fashion pretty energy,2,1760668765.0,User_288
370,https://www.reddit.com/r/popculturechat/comments/1o7t451/the_victorias_secret_fashion_show_2025/,njqatu6,t3_1o7t451,Ok well let’s see victors secret fashion show,2,1760581245.0,User_289
371,https://www.reddit.com/r/popculturechat/comments/1o7t451/the_victorias_secret_fashion_show_2025/,njqdjkv,t3_1o7t451,my question is do gigi and irina say hi,3,1760582313.0,User_290
372,https://www.reddit.com/r/popculturechat/comments/1o7t451/the_victorias_secret_fashion_show_2025/,njqlget,t3_1o7t451,Hard pass,2,1760585598.0,User_291
373,https://www.reddit.com/r/popculturechat/comments/1o7t451/the_victorias_secret_fashion_show_2025/,njr4xoy,t3_1o7t451,Nothing is good here.,3,1760595518.0,User_292
374,https://www.reddit.com/r/popculturechat/comments/1o7t451/the_victorias_secret_fashion_show_2025/,njrdf5o,t3_1o7t451,"This is not the VS fashion show I’m use to seeing, it looks sloppy and thrown together, not glamorous like it use to.",2,1760600593.0,User_293
375,https://www.reddit.com/r/popculturechat/comments/1o7t451/the_victorias_secret_fashion_show_2025/,njrga0i,t3_1o7t451,"The only one who looks happy to be there, beautiful and is styled well is Jasmine #19. Everyone else either looks terrible, embarrassed or angry.

![gif](giphy|b1hc77QojzzZGWT00H)",1,1760602390.0,User_294
376,https://www.reddit.com/r/popculturechat/comments/1o7t451/the_victorias_secret_fashion_show_2025/,njscofk,t3_1o7t451,"I can't get over the contrast of how stunning these models look compared go the cheap, tacky-looking lingerie! 

Seriously, it looks like it came from Shein...",3,1760618884.0,User_295
377,https://www.reddit.com/r/popculturechat/comments/1o7t451/the_victorias_secret_fashion_show_2025/,njswq2m,t3_1o7t451,"Love that they've included different sizes and shapes, and a pregnant (looking or really pregnant, not sure) model too.",1,1760625547.0,User_296
378,https://www.reddit.com/r/popculturechat/comments/1o7t451/the_victorias_secret_fashion_show_2025/,njqamv2,t3_1o7t451,Angel Reese looks 🔥 and all the racist and ED girlies who said she didn’t have what it takes can kindly take a seat after these pictures,2,1760581168.0,User_297
379,https://www.reddit.com/r/popculturechat/comments/1o7t451/the_victorias_secret_fashion_show_2025/,njrqyvc,t3_1o7t451,Pic after pic about the male gaze.,2,1760609027.0,User_298
380,https://www.reddit.com/r/popculturechat/comments/1o7t451/the_victorias_secret_fashion_show_2025/,njs2m27,t3_1o7t451,Should have been kept a secret...,1,1760614866.0,User_299
381,https://www.reddit.com/r/popculturechat/comments/1o7t451/the_victorias_secret_fashion_show_2025/,njs9emm,t3_1o7t451,Looks like Victoria needs to keep more secrets to herself. 🤢🤮,2,1760617646.0,User_300
382,https://www.reddit.com/r/popculturechat/comments/1o7t451/the_victorias_secret_fashion_show_2025/,njr2ls1,t3_1o7t451,I mean this politely but was that a jock strap,1,1760594193.0,User_301
383,https://www.reddit.com/r/popculturechat/comments/1o7t451/the_victorias_secret_fashion_show_2025/,njr2m1o,t3_1o7t451,"These are arguably some of the most spectacular bodies on this planet and yet most of them are wearing the most unflattering fits that I just can’t imagine anyone saying, “*that* is gonna make me feel so sexy”. Yikes.",1,1760594198.0,User_302
384,https://www.reddit.com/r/popculturechat/comments/1o7t451/the_victorias_secret_fashion_show_2025/,njr53qu,t3_1o7t451,The Merkin itself is a crime,1,1760595615.0,User_292
385,https://www.reddit.com/r/popculturechat/comments/1o7t451/the_victorias_secret_fashion_show_2025/,njr7ehr,t3_1o7t451,ngl I just want to see Suni,1,1760596960.0,User_303
386,https://www.reddit.com/r/popculturechat/comments/1o7t451/the_victorias_secret_fashion_show_2025/,njr8vs1,t3_1o7t451,Why are we not talking about the free MISSY ELLIOTT concert we got??!! My husband and I literally jumped off the couch when her name flashed on the screen. Missy killed it! Best performer for the night by FAR. So happy they left her for last.,1,1760597806.0,User_304
387,https://www.reddit.com/r/popculturechat/comments/1o7t451/the_victorias_secret_fashion_show_2025/,njr9lwn,t3_1o7t451,"https://preview.redd.it/lwdiil7hafvf1.jpeg?width=1080&format=pjpg&auto=webp&s=e9b5f11b560492c2cc777450e85a2089970306c1

my favvvv look of the night. SO GOOD. id buy this in a heartbeat if it were available",1,1760598237.0,User_305
388,https://www.reddit.com/r/popculturechat/comments/1o7t451/the_victorias_secret_fashion_show_2025/,njra8rf,t3_1o7t451,"The models are great, the props are fantastic, I’m not asking this to diminish anyone’s work but to ask if I’m just out of the loop— has Victoria’s Secret evolved their styles at all over the past decade? The fashion in this fashion show feels like de ja vu. Is it just throwback styles?",1,1760598617.0,User_306
389,https://www.reddit.com/r/popculturechat/comments/1o7t451/the_victorias_secret_fashion_show_2025/,njrdqqk,t3_1o7t451,"Glad they brought the fashion show back, that artsy movie was so weird.",1,1760600796.0,User_307
390,https://www.reddit.com/r/popculturechat/comments/1o7t451/the_victorias_secret_fashion_show_2025/,njrej0c,t3_1o7t451,it was so sooo bad the artists esp MADISON it was the horror,1,1760601292.0,user_deleted
391,https://www.reddit.com/r/popculturechat/comments/1o7t451/the_victorias_secret_fashion_show_2025/,njrkgwt,t3_1o7t451,This is miles better than last year’s. So much of their lingerie looks so tacky and cheap here though.,1,1760605060.0,User_308
392,https://www.reddit.com/r/popculturechat/comments/1o7t451/the_victorias_secret_fashion_show_2025/,njrn11b,t3_1o7t451,Are they trying to be conservative? Why are so many people wearing double layers of bras and bathers?,1,1760606682.0,User_309
393,https://www.reddit.com/r/popculturechat/comments/1o7t451/the_victorias_secret_fashion_show_2025/,njrp1b8,t3_1o7t451,Loving the representation this year as a brown girly! But missing THE ICONIC VS ENERGY! Where are my girlies having fun?,1,1760607903.0,User_310
394,https://www.reddit.com/r/popculturechat/comments/1o7t451/the_victorias_secret_fashion_show_2025/,njrshca,t3_1o7t451,"#3 (black wings) reminds me of a project runway contests work this season (season 21)

Not an insult. I’m just more curious if she was involved in anyway. lol

The look I’m taking about is in red in this article. You can only see the top part though it’s more a photo of Heidi looking at it. 

https://parade.com/tv/who-went-home-on-project-runway-season-21-tonight-week-6",1,1760609885.0,User_311
395,https://www.reddit.com/r/popculturechat/comments/1o7t451/the_victorias_secret_fashion_show_2025/,njrv5qa,t3_1o7t451,I’m confused by 12 (Quen Blackwell). The pink on top of the black is what’s confusing. Can someone explain the outfit? 😅🤦🏻‍♀️ (she looks great though!),1,1760611347.0,User_312
396,https://www.reddit.com/r/popculturechat/comments/1o7t451/the_victorias_secret_fashion_show_2025/,njrw6s8,t3_1o7t451,Is the fashion show all inclusive now or has it always been like this? I am genuinely curious. I don’t really watch things like this.,1,1760611864.0,User_313
397,https://www.reddit.com/r/popculturechat/comments/1o7t451/the_victorias_secret_fashion_show_2025/,njrwqhu,t3_1o7t451,Um.....,1,1760612132.0,User_314
398,https://www.reddit.com/r/popculturechat/comments/1o7t451/the_victorias_secret_fashion_show_2025/,njrxdhk,t3_1o7t451,"Anok Yai walked out looking like a literal goddess who decided to cosplay as pink champagne. The feathers, the pearls, the confidence—she didn’t walk, she glided. Honestly, at this point the runway should just thank her for existing.",1,1760612443.0,User_315
399,https://www.reddit.com/r/popculturechat/comments/1o7t451/the_victorias_secret_fashion_show_2025/,njrz2nf,t3_1o7t451,A lot of this is giving highschool musical props,1,1760613260.0,User_316
400,https://www.reddit.com/r/popculturechat/comments/1o7t451/the_victorias_secret_fashion_show_2025/,njs030e,t3_1o7t451,"Ok the two pair of panties thing.. is this like going to one of those gentleman’s clubs and girls have to wear pasties?? If it is… fine. But I don’t remember them doing this in the past, unless they were better at concealing it.",1,1760613731.0,User_317
401,https://www.reddit.com/r/popculturechat/comments/1o7t451/the_victorias_secret_fashion_show_2025/,njs22e9,t3_1o7t451,Was waiting for the asian model who posed like “here it is” last year. Was she not on the list for this year?,1,1760614628.0,User_318
402,https://www.reddit.com/r/popculturechat/comments/1o7t451/the_victorias_secret_fashion_show_2025/,njs9pii,t3_1o7t451,In my OPINION I expected wayy more it feels like they ran out of ideas,1,1760617763.0,User_319
403,https://www.reddit.com/r/popculturechat/comments/1o7t451/the_victorias_secret_fashion_show_2025/,njsexmv,t3_1o7t451,I’m glad they started adding more body types into their shows.,1,1760619690.0,User_320
404,https://www.reddit.com/r/popculturechat/comments/1o7t451/the_victorias_secret_fashion_show_2025/,njshq0k,t3_1o7t451,This was much better than last year! I actually liked the looks for the most part. It’s never going to be the way it was 10 years ago. They certainly don’t have the same budget or clout as they once did.,1,1760620668.0,User_321
405,https://www.reddit.com/r/popculturechat/comments/1o7t451/the_victorias_secret_fashion_show_2025/,njsj9ar,t3_1o7t451,Karol G outwalked and outcharismad so many of the actual models it's crazy,1,1760621199.0,User_322
406,https://www.reddit.com/r/popculturechat/comments/1o7t451/the_victorias_secret_fashion_show_2025/,njsjoh1,t3_1o7t451,Anok Yai is the most gorgeous human I have ever seen.,1,1760621345.0,User_323
407,https://www.reddit.com/r/popculturechat/comments/1o7t451/the_victorias_secret_fashion_show_2025/,njss43h,t3_1o7t451,vicky can’t even make bras that fit their models. at least they’re not false advertising that you could buy a bra that fits from them.,1,1760624119.0,User_324
408,https://www.reddit.com/r/popculturechat/comments/1o7t451/the_victorias_secret_fashion_show_2025/,njstzz5,t3_1o7t451,I rate iris laws look icl,1,1760624714.0,User_325
409,https://www.reddit.com/r/popculturechat/comments/1o7t451/the_victorias_secret_fashion_show_2025/,njsulrs,t3_1o7t451,Okay but I’m obsessed with the fluffy wings in pic 2 and the pregnant model in pic 19,1,1760624900.0,User_326
410,https://www.reddit.com/r/popculturechat/comments/1o7t451/the_victorias_secret_fashion_show_2025/,njsv1bc,t3_1o7t451,"Call me woke, but I think the pregnant one is a pretty cool addition.",1,1760625031.0,User_327
411,https://www.reddit.com/r/popculturechat/comments/1o7t451/the_victorias_secret_fashion_show_2025/,njswgiz,t3_1o7t451,9 is absolutely gorgeous,1,1760625467.0,user_deleted
412,https://www.reddit.com/r/popculturechat/comments/1o7t451/the_victorias_secret_fashion_show_2025/,njsws7g,t3_1o7t451,"![gif](giphy|DPzT8yEUKZxPG)

Queen",1,1760625564.0,User_328
413,https://www.reddit.com/r/popculturechat/comments/1o7t451/the_victorias_secret_fashion_show_2025/,njsxiqr,t3_1o7t451,Victoria’s Secret appears to have gone down hill in terms of quality and artistry. The fashion looks cheap and it’s giving Fashion Nova vibes.,1,1760625786.0,User_329
414,https://www.reddit.com/r/popculturechat/comments/1o7t451/the_victorias_secret_fashion_show_2025/,njsxr8u,t3_1o7t451,Whoa they had a pregnant model? That’s pretty cool,1,1760625857.0,User_330
415,https://www.reddit.com/r/popculturechat/comments/1o7t451/the_victorias_secret_fashion_show_2025/,njsxyjl,t3_1o7t451,"Highlight everywhere, glossy lips, rosy cheeks, finally!!!! Somebody picked up that damn makeup brush. Pink section kinda silly goofy but improvements overall",1,1760625918.0,User_331
416,https://www.reddit.com/r/popculturechat/comments/1o7t451/the_victorias_secret_fashion_show_2025/,njt0b0e,t3_1o7t451,"I wasn’t expecting to see so many negative comments. To be fair, I’m not too familiar with VS/modeling or whatever, but honestly my first reaction seeing these images was that it was really heartwarming to see models that actually look like me (skin color and weight-wise). 

I think they look beautiful 💕",1,1760626623.0,User_332
417,https://www.reddit.com/r/popculturechat/comments/1o7t451/the_victorias_secret_fashion_show_2025/,njt0eyq,t3_1o7t451,they did quen so dirty 😭😭,1,1760626655.0,User_333
418,https://www.reddit.com/r/popculturechat/comments/1o7t451/the_victorias_secret_fashion_show_2025/,njt382x,t3_1o7t451,they did Quen soooooooooo dirty !,1,1760627503.0,User_334
419,https://www.reddit.com/r/popculturechat/comments/1o7t451/the_victorias_secret_fashion_show_2025/,njt3tdy,t3_1o7t451,I miss the times when they were allowed to smile on the runway. It always seemed like they had the best time at the VS show and now they're just like 😐,1,1760627679.0,User_335
420,https://www.reddit.com/r/popculturechat/comments/1o7t451/the_victorias_secret_fashion_show_2025/,njt5phn,t3_1o7t451,😍😍😍😍,1,1760628249.0,User_336
421,https://www.reddit.com/r/popculturechat/comments/1o7t451/the_victorias_secret_fashion_show_2025/,njt65kg,t3_1o7t451,Okay so… I thought Angel Reese was one of the angels. She looks SO GOOD.,1,1760628382.0,user_deleted
422,https://www.reddit.com/r/popculturechat/comments/1o7t451/the_victorias_secret_fashion_show_2025/,njt7vil,t3_1o7t451,"Barbara Palvin 😮‍💨

Dylan Sprouse is a lucky man",1,1760628898.0,User_337
423,https://www.reddit.com/r/popculturechat/comments/1o7t451/the_victorias_secret_fashion_show_2025/,njt9qai,t3_1o7t451,I liked it overall. Obviously there were some misses but a huge upgrade from last year. All the girls looked beautiful and I liked the different themes,1,1760629446.0,User_338
424,https://www.reddit.com/r/popculturechat/comments/1o7t451/the_victorias_secret_fashion_show_2025/,njt9qy5,t3_1o7t451,"Anok was perfection. Beauty personified. Jasmine looked cute with her bump, Angel Reese didn’t do too bad with her walk, she looked good. Bella looked great, I love the blonde on her. Barbara looked good. No comment on the others",1,1760629452.0,User_339
425,https://www.reddit.com/r/popculturechat/comments/1o7t451/the_victorias_secret_fashion_show_2025/,njt9x05,t3_1o7t451,I need the set from emily’s look omg its perfect 🥰😻,1,1760629501.0,User_340
426,https://www.reddit.com/r/popculturechat/comments/1o7t451/the_victorias_secret_fashion_show_2025/,njta8va,t3_1o7t451,13 (!) and 15 out of this world,1,1760629597.0,User_341
427,https://www.reddit.com/r/popculturechat/comments/1o7t451/the_victorias_secret_fashion_show_2025/,njtca4m,t3_1o7t451,"Doutzen Kroes, Adriana Lima, Anok Yai and Alessandra Ambrosio looked and walked so beautiful, they were born to be a model. Rest meh and I feel like they tried too hard to hire instagram models with many followers, were pressured by some new trends or hired some nepo babies like Lila Moss. It’s not the same VS anymore",1,1760630193.0,user_deleted
428,https://www.reddit.com/r/popculturechat/comments/1o7t451/the_victorias_secret_fashion_show_2025/,njtd5m1,t3_1o7t451,I LOVE seeing the different body types!!,1,1760630450.0,User_342
429,https://www.reddit.com/r/popculturechat/comments/1o7t451/the_victorias_secret_fashion_show_2025/,njtdupf,t3_1o7t451,Good to see some hips,1,1760630657.0,user_deleted
430,https://www.reddit.com/r/popculturechat/comments/1o7t451/the_victorias_secret_fashion_show_2025/,njte391,t3_1o7t451,I’m gay,1,1760630727.0,User_343
431,https://www.reddit.com/r/popculturechat/comments/1o7t451/the_victorias_secret_fashion_show_2025/,njtf1de,t3_1o7t451,EmRata! 💓,1,1760631011.0,User_344
432,https://www.reddit.com/r/popculturechat/comments/1o7t451/the_victorias_secret_fashion_show_2025/,njtfpnh,t3_1o7t451,It's nice seeing some thickness being represented here.,1,1760631212.0,User_345
433,https://www.reddit.com/r/popculturechat/comments/1o7t451/the_victorias_secret_fashion_show_2025/,njtgdgn,t3_1o7t451,Way better than last year but still not good enough. Next,1,1760631408.0,User_346
434,https://www.reddit.com/r/popculturechat/comments/1o7t451/the_victorias_secret_fashion_show_2025/,njtgk8m,t3_1o7t451,Im all for inclusion but the gap between actual models and influencers/nepo baby is huge. There really is a reason why models are tall.,1,1760631465.0,User_347
435,https://www.reddit.com/r/popculturechat/comments/1o7t451/the_victorias_secret_fashion_show_2025/,njtglna,t3_1o7t451,3.,1,1760631477.0,User_348
436,https://www.reddit.com/r/popculturechat/comments/1o7t451/the_victorias_secret_fashion_show_2025/,njtgy1d,t3_1o7t451,i love alex consani’s outfit. i think it’s the best one,1,1760631578.0,User_349
437,https://www.reddit.com/r/popculturechat/comments/1o7t451/the_victorias_secret_fashion_show_2025/,njthaw4,t3_1o7t451,Angel Reese should be working on her game instead of side quest,1,1760631685.0,User_350
438,https://www.reddit.com/r/popculturechat/comments/1o7t451/the_victorias_secret_fashion_show_2025/,njthpot,t3_1o7t451,Anok Yai is stunningggg,1,1760631808.0,User_351
439,https://www.reddit.com/r/popculturechat/comments/1o7t451/the_victorias_secret_fashion_show_2025/,njtiqwv,t3_1o7t451,"Alll the haters commenting on their looks saying “they’re boring” when I know for a fact.. you look like an average person in Walmart, is actually crazy. Beautiful women, beautiful show.",1,1760632114.0,User_352
440,https://www.reddit.com/r/popculturechat/comments/1o7t451/the_victorias_secret_fashion_show_2025/,njtk5gm,t3_1o7t451,Not a single slay. Lovely models tho,1,1760632530.0,User_353
441,https://www.reddit.com/r/popculturechat/comments/1o7t451/the_victorias_secret_fashion_show_2025/,njtkqrh,t3_1o7t451,They look sooo beautiful😍,1,1760632704.0,User_354
442,https://www.reddit.com/r/popculturechat/comments/1o7t451/the_victorias_secret_fashion_show_2025/,njtl6ty,t3_1o7t451,I love the black set with pink bows I hope it’s available in stores,1,1760632836.0,User_355
443,https://www.reddit.com/r/popculturechat/comments/1o7t451/the_victorias_secret_fashion_show_2025/,njtqtn1,t3_1o7t451,Anyone who saw TWICE looking hot was blessed,1,1760634476.0,User_356
444,https://www.reddit.com/r/popculturechat/comments/1o7t451/the_victorias_secret_fashion_show_2025/,njtquxo,t3_1o7t451,"https://preview.redd.it/ol7rfws4aivf1.jpeg?width=952&format=pjpg&auto=webp&s=bd8af85f2f77ec914d940387fd54bde9e5aa5e22

Quen Blackwell - same person. It cracks me up 🤣",1,1760634487.0,User_357
445,https://www.reddit.com/r/popculturechat/comments/1o7t451/the_victorias_secret_fashion_show_2025/,njtsbw1,t3_1o7t451,"It is nice to see women of color and some normal sized models too! While I don’t necessarily agree with this whole spectacle of women’s bodies, I think that women are slowly becoming more accurately represented in the fashion industry. I find it a bit refreshing.",1,1760634909.0,User_358
446,https://www.reddit.com/r/popculturechat/comments/1o7t451/the_victorias_secret_fashion_show_2025/,njttog5,t3_1o7t451,Barbara 😍,1,1760635292.0,User_359
447,https://www.reddit.com/r/popculturechat/comments/1o7t451/the_victorias_secret_fashion_show_2025/,njtu57x,t3_1o7t451,BARBARA MY GORGEOUS GORGEOUS 😮‍💨🫠 she probably had the best outfit (her and Candice),1,1760635426.0,User_360
448,https://www.reddit.com/r/popculturechat/comments/1o7t451/the_victorias_secret_fashion_show_2025/,njtvt42,t3_1o7t451,Amelia Gray looked AMAZING!!!,1,1760635911.0,User_361
449,https://www.reddit.com/r/popculturechat/comments/1o7t451/the_victorias_secret_fashion_show_2025/,njtvxpj,t3_1o7t451,THATS how the dressed Quen??? What the fuck😭,1,1760635948.0,user_deleted
450,https://www.reddit.com/r/popculturechat/comments/1o7t451/the_victorias_secret_fashion_show_2025/,njtwdxc,t3_1o7t451,She is beautiful and I was wondering why the hell they had two bras on her,1,1760636079.0,User_362
451,https://www.reddit.com/r/popculturechat/comments/1o7t451/the_victorias_secret_fashion_show_2025/,njtwvec,t3_1o7t451,Nice,1,1760636218.0,User_363
452,https://www.reddit.com/r/popculturechat/comments/1o7t451/the_victorias_secret_fashion_show_2025/,njtwy8e,t3_1o7t451,Everybody is a little bit it takes all sizes all color and all types to make the world go round,1,1760636241.0,User_362
453,https://www.reddit.com/r/popculturechat/comments/1o7t451/the_victorias_secret_fashion_show_2025/,njtxxgv,t3_1o7t451,None of these outfits are hitting,1,1760636520.0,User_364
454,https://www.reddit.com/r/popculturechat/comments/1o7t451/the_victorias_secret_fashion_show_2025/,nju9kr6,t3_1o7t451,Barbara is my fav 💗,1,1760639967.0,User_365
455,https://www.reddit.com/r/popculturechat/comments/1o7t451/the_victorias_secret_fashion_show_2025/,nju9q00,t3_1o7t451,20 seems very short then i saw her name lolllll,1,1760640011.0,User_366
456,https://www.reddit.com/r/popculturechat/comments/1o7t451/the_victorias_secret_fashion_show_2025/,njub0hm,t3_1o7t451,"16 is terrible

I’m so sorry but when I first saw 6 my first thought was “yesssss girl give us nothing!!”

15 is so beautiful 

1 7 and 10 are goddesses",1,1760640399.0,User_367
457,https://www.reddit.com/r/popculturechat/comments/1o7t451/the_victorias_secret_fashion_show_2025/,njucswk,t3_1o7t451,gorgeous gorgeous girl and whatever tf they’re wearing,1,1760640932.0,User_368
458,https://www.reddit.com/r/popculturechat/comments/1o7t451/the_victorias_secret_fashion_show_2025/,njuopw3,t3_1o7t451,Why they do my girl Quen dirty like that,1,1760644506.0,User_369
459,https://www.reddit.com/r/popculturechat/comments/1o7t451/the_victorias_secret_fashion_show_2025/,njuprw2,t3_1o7t451,Devyn Garcia 🤤,1,1760644817.0,User_370
460,https://www.reddit.com/r/popculturechat/comments/1o7t451/the_victorias_secret_fashion_show_2025/,njur3gr,t3_1o7t451,the PINK outfits are always so bad,1,1760645208.0,User_371
461,https://www.reddit.com/r/popculturechat/comments/1o7t451/the_victorias_secret_fashion_show_2025/,njutvyp,t3_1o7t451,So proud of Quen!!,1,1760646039.0,User_372
462,https://www.reddit.com/r/popculturechat/comments/1o7t451/the_victorias_secret_fashion_show_2025/,njuua8w,t3_1o7t451,Jasmine is glowing! 🥲 she is pregnant and still rocking the runway like a queen,1,1760646158.0,User_373
463,https://www.reddit.com/r/popculturechat/comments/1o7t451/the_victorias_secret_fashion_show_2025/,njuxqrl,t3_1o7t451,Why were all the models LOOKING DOWN ?! You are VS MODELS why are you diverting your eyes down when you get to the end of the cat walk. Y’all are professional models wdym !!! That irked me so bad,1,1760647207.0,User_374
464,https://www.reddit.com/r/popculturechat/comments/1o7t451/the_victorias_secret_fashion_show_2025/,njuyh07,t3_1o7t451,Why do they keep using those big white feather wings!?,1,1760647426.0,User_375
465,https://www.reddit.com/r/popculturechat/comments/1o7t451/the_victorias_secret_fashion_show_2025/,njuyhh2,t3_1o7t451,"Wow, they’ve lost their touch.",1,1760647430.0,User_376
466,https://www.reddit.com/r/popculturechat/comments/1o7t451/the_victorias_secret_fashion_show_2025/,njuyt5v,t3_1o7t451,"4,16,19 😍",1,1760647527.0,User_377
467,https://www.reddit.com/r/popculturechat/comments/1o7t451/the_victorias_secret_fashion_show_2025/,njuzs0r,t3_1o7t451,"Aside from the weird bathing suit/ underwear combo, I thought they nailed what women really look like and that come in all shapes, sizes and colours. But that’s just me.",1,1760647820.0,User_378
468,https://www.reddit.com/r/popculturechat/comments/1o7t451/the_victorias_secret_fashion_show_2025/,njv12or,t3_1o7t451,The jersey fabric?? For a bodysuit? 🤢🤢,1,1760648216.0,User_379
469,https://www.reddit.com/r/popculturechat/comments/1o7t451/the_victorias_secret_fashion_show_2025/,njv3209,t3_1o7t451,Angel Reese looks the BEST by far.  A nice healthy natural woman that is curvy,1,1760648838.0,User_380
470,https://www.reddit.com/r/popculturechat/comments/1o7t451/the_victorias_secret_fashion_show_2025/,njv3by8,t3_1o7t451,When did they get thicker models??? I love it. 😍,1,1760648927.0,User_381
471,https://www.reddit.com/r/popculturechat/comments/1o7t451/the_victorias_secret_fashion_show_2025/,njv43ag,t3_1o7t451,At least we still got #11 🤤,1,1760649175.0,User_382
472,https://www.reddit.com/r/popculturechat/comments/1o7t451/the_victorias_secret_fashion_show_2025/,njv7461,t3_1o7t451,why they do quen like that :(,1,1760650152.0,User_383
473,https://www.reddit.com/r/popculturechat/comments/1o7t451/the_victorias_secret_fashion_show_2025/,njv9hge,t3_1o7t451,The part when Twice performed was truly the worst. The outfits weren't giving,1,1760650927.0,User_384
474,https://www.reddit.com/r/popculturechat/comments/1o7t451/the_victorias_secret_fashion_show_2025/,njv9ljc,t3_1o7t451,"13 is the worst to me, what did they put that poor girl in, and why is it backwards??",1,1760650963.0,User_385
475,https://www.reddit.com/r/popculturechat/comments/1o7t451/the_victorias_secret_fashion_show_2025/,njvas23,t3_1o7t451,They did quen dirty I feel like her fit is so boring compared to the rest!!,1,1760651360.0,User_386
476,https://www.reddit.com/r/popculturechat/comments/1o7t451/the_victorias_secret_fashion_show_2025/,njven7a,t3_1o7t451,"Number 2 tho , she is a Queen 👸🏾😮‍💨",1,1760652679.0,User_387
477,https://www.reddit.com/r/popculturechat/comments/1o7t451/the_victorias_secret_fashion_show_2025/,njviaft,t3_1o7t451,Irina gorgeous as always,1,1760653946.0,User_388
478,https://www.reddit.com/r/popculturechat/comments/1o7t451/the_victorias_secret_fashion_show_2025/,njvjddo,t3_1o7t451,Speechless,1,1760654330.0,User_389
479,https://www.reddit.com/r/popculturechat/comments/1o7t451/the_victorias_secret_fashion_show_2025/,njvki31,t3_1o7t451,queenlin,1,1760654733.0,User_390
480,https://www.reddit.com/r/popculturechat/comments/1o7t451/the_victorias_secret_fashion_show_2025/,njvkx3a,t3_1o7t451,The usual nasty nylon.,1,1760654882.0,User_391
481,https://www.reddit.com/r/popculturechat/comments/1o7t451/the_victorias_secret_fashion_show_2025/,njvmotc,t3_1o7t451,"Precious, Paloma, and Jasmine, hell yeah! Love to see curves on a runway. 

Very torn between my disgust at the unnaturally tall thin model vibe they embrace and my love for seeing women in wings, lol. (Please know i’m saying this jokingly as I’m a middle aged woman roughly the shape of the Pillsbury Doughboy)",1,1760655520.0,User_392
482,https://www.reddit.com/r/popculturechat/comments/1o7t451/the_victorias_secret_fashion_show_2025/,njvoklt,t3_1o7t451,Quens look was iconic,1,1760656185.0,User_393
483,https://www.reddit.com/r/popculturechat/comments/1o7t451/the_victorias_secret_fashion_show_2025/,njvrh3g,t3_1o7t451,I'm always confused because 95% of what they show doesn't end up in stores anyway.,1,1760657227.0,User_394
484,https://www.reddit.com/r/popculturechat/comments/1o7t451/the_victorias_secret_fashion_show_2025/,njvugkz,t3_1o7t451,Lmao they didnt do gigi justice,1,1760658290.0,User_395
485,https://www.reddit.com/r/popculturechat/comments/1o7t451/the_victorias_secret_fashion_show_2025/,njvwmwl,t3_1o7t451,"they did quen, precious, lila, and iris so dirty in my opinion",1,1760659073.0,User_396
486,https://www.reddit.com/r/popculturechat/comments/1o7t451/the_victorias_secret_fashion_show_2025/,njvx4q1,t3_1o7t451,#10 god damn.,1,1760659255.0,User_397
487,https://www.reddit.com/r/popculturechat/comments/1o7t451/the_victorias_secret_fashion_show_2025/,njvybew,t3_1o7t451,does anyone know the name of the red dress yasmin was wearing?? i literally can’t find it anywhere,1,1760659684.0,User_398
488,https://www.reddit.com/r/popculturechat/comments/1o7t451/the_victorias_secret_fashion_show_2025/,njw0ewe,t3_1o7t451,7,1,1760660449.0,User_399
489,https://www.reddit.com/r/popculturechat/comments/1o7t451/the_victorias_secret_fashion_show_2025/,njw4199,t3_1o7t451,Why does the model in photo six look bored…,1,1760661750.0,User_400
490,https://www.reddit.com/r/popculturechat/comments/1o7t451/the_victorias_secret_fashion_show_2025/,njw6tbk,t3_1o7t451,Madison beer was also there right?,1,1760662728.0,User_401
491,https://www.reddit.com/r/popculturechat/comments/1o7t451/the_victorias_secret_fashion_show_2025/,njwp5p3,t3_1o7t451,"7,20,1,13",1,1760669204.0,User_402
492,https://www.reddit.com/r/popculturechat/comments/1o7t451/the_victorias_secret_fashion_show_2025/,njwxe1r,t3_1o7t451,Where can I buy that wing,1,1760672367.0,User_403
493,https://www.reddit.com/r/popculturechat/comments/1o7t451/the_victorias_secret_fashion_show_2025/,njx9k2y,t3_1o7t451,so side parts are in again?,1,1760678059.0,User_404
494,https://www.reddit.com/r/popculturechat/comments/1o7t451/the_victorias_secret_fashion_show_2025/,njxceg4,t3_1o7t451,"Is Victoria secret like diverse now? That’s honestly pretty cool. Maybe they have been but I like seeing so many shades and body types represented.

Also this feels like an early 2000s Madonna video. Are we like fully back into y2k now?",1,1760679564.0,User_405
495,https://www.reddit.com/r/popculturechat/comments/1o7t451/the_victorias_secret_fashion_show_2025/,njxlidg,t3_1o7t451,Bella hadid's hair color looks amazing. It's making me rethink my decision to keep my natural hair😅,1,1760684646.0,User_406
496,https://www.reddit.com/r/popculturechat/comments/1o7t451/the_victorias_secret_fashion_show_2025/,njxncss,t3_1o7t451,precious lee if you are reading this i am free any day of the week baby girl just say the word,1,1760685743.0,User_407
497,https://www.reddit.com/r/popculturechat/comments/1o7t451/the_victorias_secret_fashion_show_2025/,njxod17,t3_1o7t451,The 4th one has a similar body type to me! How cool,1,1760686354.0,User_408
498,https://www.reddit.com/r/popculturechat/comments/1o7t451/the_victorias_secret_fashion_show_2025/,njxt5zs,t3_1o7t451,It all looks so cheap and done,1,1760689297.0,User_409
499,https://www.reddit.com/r/popculturechat/comments/1o7t451/the_victorias_secret_fashion_show_2025/,njxtva6,t3_1o7t451,Number 2 is my favourite outfit,1,1760689738.0,User_410
500,https://www.reddit.com/r/popculturechat/comments/1o7t451/the_victorias_secret_fashion_show_2025/,njxyt1e,t3_1o7t451,It's all so boring,1,1760692771.0,User_411
501,https://www.reddit.com/r/popculturechat/comments/1o7t451/the_victorias_secret_fashion_show_2025/,njy1lzo,t3_1o7t451,Does anyone know where I can buy the PINK black skirt tzuyu wore for her performance on the VS show?,1,1760694449.0,User_412
502,https://www.reddit.com/r/popculturechat/comments/1o7t451/the_victorias_secret_fashion_show_2025/,njyai5x,t3_1o7t451,Who still shops at VS though? I haven’t been there since middle school. They will never recover to me from their past of undiversified models/body type ideals. No thx.,1,1760699184.0,User_413
503,https://www.reddit.com/r/popculturechat/comments/1o7t451/the_victorias_secret_fashion_show_2025/,njycagr,t3_1o7t451,Wow some CURVES,1,1760700024.0,User_414
504,https://www.reddit.com/r/popculturechat/comments/1o7t451/the_victorias_secret_fashion_show_2025/,njycwlu,t3_1o7t451,all the girls are perfection but none of the outfits stand out to me,1,1760700306.0,User_415
505,https://www.reddit.com/r/popculturechat/comments/1o7t451/the_victorias_secret_fashion_show_2025/,njyd1j8,t3_1o7t451,"Emily is fire, also shout out Bella!",1,1760700369.0,User_416
506,https://www.reddit.com/r/popculturechat/comments/1o7t451/the_victorias_secret_fashion_show_2025/,njydvyq,t3_1o7t451,Angel Reese is BADDDDD AF,1,1760700756.0,User_417
507,https://www.reddit.com/r/popculturechat/comments/1o7t451/the_victorias_secret_fashion_show_2025/,njyfr4p,t3_1o7t451,5’7 models are awesome I was happy to see Emily Ratajkowski i could enjoy a show of just her and Cara delevingne,1,1760701579.0,User_418
508,https://www.reddit.com/r/popculturechat/comments/1o7t451/the_victorias_secret_fashion_show_2025/,njyhqza,t3_1o7t451,Not one of them looks happy,1,1760702413.0,User_419
509,https://www.reddit.com/r/popculturechat/comments/1o7t451/the_victorias_secret_fashion_show_2025/,njyo6mr,t3_1o7t451,Please stop bringing influencers and Nepo babies we are so sick of rhemmm,1,1760704891.0,User_420
510,https://www.reddit.com/r/popculturechat/comments/1o7t451/the_victorias_secret_fashion_show_2025/,njyp3x4,t3_1o7t451,"There's just so much missing on the last two years. I get they had to make it inclusive of all sizes but how did that mean remove the glam and fun?

So much of this show was about fun - big sparkly outfits, sparkly stage, the public not being on the stage but below. 

I genuinely feel a lot is lost due to staging and lighting - last two years they've gone more dark and plain and high-fashion. Removed the fun and cheeky from the outfits, models and walk. But VS is not high fashion, it's consumer. This show was always one for the consumers, marketing stunt, not a real high fashion runway. That's what feels lost. It's so stripped and cold now, and the lighting is just not flattering.

Also idk if they fired the entire wing design team - on previous years models wore much bigger constructions while being famously slim and not one of them seemed to struggle ever. Now we see them for a second year trying to hold on for dear life - perhaps the construction of the wings changed for worse? Or the runway being glittery was providing better grip? Whatever it is, it's such an obvious thing to fix - models walking around looking like they can't beat their wings on a VS show is embarrassing",1,1760705223.0,User_421
511,https://www.reddit.com/r/popculturechat/comments/1o7t451/the_victorias_secret_fashion_show_2025/,njzfxj2,t3_1o7t451,Fine you go girls!,1,1760713815.0,user_deleted
512,https://www.reddit.com/r/popculturechat/comments/1o7t451/the_victorias_secret_fashion_show_2025/,njzgy38,t3_1o7t451,"I'm obviously a hating ass bitch who will never be a VS model, but Lila Moss and Iris Law look SO out of place. Like Angel Reese and Quen fit in to me. Lila and Iris stick out like sore thumbs.",1,1760714111.0,User_422
513,https://www.reddit.com/r/popculturechat/comments/1o7t451/the_victorias_secret_fashion_show_2025/,njzo6vj,t3_1o7t451,"idk why they didn’t get sabrina to perform, she would have been perfect",1,1760716237.0,User_423
514,https://www.reddit.com/r/popculturechat/comments/1o7t451/the_victorias_secret_fashion_show_2025/,nk03y4y,t3_1o7t451,Who was the performer this year?,1,1760720929.0,User_424
515,https://www.reddit.com/r/popculturechat/comments/1o7t451/the_victorias_secret_fashion_show_2025/,nk07f2a,t3_1o7t451,"Imaan Hammam has never missed, not even once. I was like, “Who is that?” And of course it’s the same woman whose Met Gala dress has lived in my head rent free for years!",1,1760721956.0,User_425
516,https://www.reddit.com/r/popculturechat/comments/1o7t451/the_victorias_secret_fashion_show_2025/,nk0d9mm,t3_1o7t451,7 & 10 please😏🫡🧐😍…,1,1760723689.0,User_426
517,https://www.reddit.com/r/popculturechat/comments/1o7t451/the_victorias_secret_fashion_show_2025/,nk0v1g9,t3_1o7t451,Victoria’s Secret had diversity in their fashion show this year!! They’ve come a long ways. Before you used to just see skinny models only. Now you see plus sized women modeling. And their was a preggo lady ,1,1760729182.0,User_427
518,https://www.reddit.com/r/popculturechat/comments/1o7t451/the_victorias_secret_fashion_show_2025/,nk0vi8s,t3_1o7t451,4 🔥,1,1760729329.0,User_428
519,https://www.reddit.com/r/popculturechat/comments/1o7t451/the_victorias_secret_fashion_show_2025/,nk1emy2,t3_1o7t451,Yes to all the black womennnnn,1,1760735300.0,User_429
520,https://www.reddit.com/r/popculturechat/comments/1o7t451/the_victorias_secret_fashion_show_2025/,nk1pdjb,t3_1o7t451,Imaan is so gorgeous,1,1760738928.0,User_430
521,https://www.reddit.com/r/popculturechat/comments/1o7t451/the_victorias_secret_fashion_show_2025/,nk29hov,t3_1o7t451,"God it’s soooooo bad who is the art director it’s like the temu version of the show prior, it looks so cheap",1,1760746353.0,User_431
522,https://www.reddit.com/r/popculturechat/comments/1o7t451/the_victorias_secret_fashion_show_2025/,nk2k4ut,t3_1o7t451,Can we just go back to the era of high volume hair blowouts?! I feel like some volume and glitter could fix like 70% of this!,1,1760750358.0,User_432
523,https://www.reddit.com/r/popculturechat/comments/1o7t451/the_victorias_secret_fashion_show_2025/,nk2qiag,t3_1o7t451,"I regret not being able to attend, so many models could have heard my completely funny joke about how they must be angels with those wings",1,1760752811.0,User_433
524,https://www.reddit.com/r/popculturechat/comments/1o7t451/the_victorias_secret_fashion_show_2025/,nk2s2h9,t3_1o7t451,"My sister and I watched Victoria Secrets fashion show every year. It was our Super Bowl. The rebrand was meh. This year was a hopeful turn from the mess they put out previously. This is our shared opinion, everyone looked gorgeous. But only working models should have walked because it is their literal job. Second is a lot didn’t look like they wanted to be there/ only gave fierce. I wish they interacted with the crowd as they walked down instead of walk down and then smile. I remember that was VS’s whole thing flirty bubbly fun. Last thing was the random head decor? The sun on the face? Some of the stuff gave you know regular fashion show but maybe that’s where they want to steer VS towards? Idk. Other than that it was great! I’m happy it’s being steered in this direction! The og and plus sized models ate down! I again truly wished they used working models with a good walk but it’s alright.",1,1760753417.0,User_434
525,https://www.reddit.com/r/popculturechat/comments/1o7t451/the_victorias_secret_fashion_show_2025/,nk375j0,t3_1o7t451,"all the women are incredibly gorgeous, but the outfits are kindof a yawn fest, they look cheap unfortunately",1,1760759678.0,User_435
526,https://www.reddit.com/r/popculturechat/comments/1o7t451/the_victorias_secret_fashion_show_2025/,nk37wo3,t3_1o7t451,love the outfits!!,1,1760760028.0,User_436
527,https://www.reddit.com/r/popculturechat/comments/1o7t451/the_victorias_secret_fashion_show_2025/,nk3d9vv,t3_1o7t451,Totally thought Emily Ratakowski was Lily Aldridge for a second!,1,1760762635.0,User_437
528,https://www.reddit.com/r/popculturechat/comments/1o7t451/the_victorias_secret_fashion_show_2025/,nk3faey,t3_1o7t451,The pieces are not flattering at all. They look worse than temu $2 lingerie.,1,1760763676.0,User_438
529,https://www.reddit.com/r/popculturechat/comments/1o7t451/the_victorias_secret_fashion_show_2025/,nk3ps3m,t3_1o7t451,"As someone who use to watch the VS show religiously, this show was not it. The looks were lackluster and the walks atrocious, mostly from the influencers, athletes, and celebrities. They should have had someone train and critique them on their walks because they looked awkward and uncomfortable.",1,1760769603.0,User_29
530,https://www.reddit.com/r/popculturechat/comments/1o7t451/the_victorias_secret_fashion_show_2025/,nk3s2c4,t3_1o7t451,"Makes sense

Women of all sizes buy their products",1,1760770939.0,User_439
531,https://www.reddit.com/r/popculturechat/comments/1o7t451/the_victorias_secret_fashion_show_2025/,nk4hrw6,t3_1o7t451,it’s crazy how all of their shoes are too small,1,1760786593.0,User_440
532,https://www.reddit.com/r/popculturechat/comments/1o7t451/the_victorias_secret_fashion_show_2025/,nk4kl9t,t3_1o7t451,# Victoria is so beautiful,1,1760788032.0,User_441
533,https://www.reddit.com/r/popculturechat/comments/1o7t451/the_victorias_secret_fashion_show_2025/,nk4v5hv,t3_1o7t451,Does anyone wear VS…Its Savage X all day for me!,1,1760792586.0,User_442
534,https://www.reddit.com/r/popculturechat/comments/1o7t451/the_victorias_secret_fashion_show_2025/,nk52fgk,t3_1o7t451,"Okay, the clothes look extremely cheap and uninspired so they just used props and big name models to distract from that :/ 

Their designs look sooo awful",1,1760795311.0,User_443
535,https://www.reddit.com/r/popculturechat/comments/1o7t451/the_victorias_secret_fashion_show_2025/,nk5nztg,t3_1o7t451,"Iris law is not supermodel quality 

I’m sure I’m gonna get downvoted for this but I don’t want to see average people walking. The whole point is to see SUPERmodels walk",1,1760802493.0,User_444
536,https://www.reddit.com/r/popculturechat/comments/1o7t451/the_victorias_secret_fashion_show_2025/,nk69csv,t3_1o7t451,Her beauty are stunning <3,1,1760809206.0,User_445
537,https://www.reddit.com/r/popculturechat/comments/1o7t451/the_victorias_secret_fashion_show_2025/,nk6ag07,t3_1o7t451,Most all those bras look very uncomfortable.,1,1760809540.0,user_deleted
538,https://www.reddit.com/r/popculturechat/comments/1o7t451/the_victorias_secret_fashion_show_2025/,nk6cjus,t3_1o7t451,Devyn Garcia My girl you are so sexy,1,1760810176.0,User_446
539,https://www.reddit.com/r/popculturechat/comments/1o7t451/the_victorias_secret_fashion_show_2025/,nk6gr13,t3_1o7t451,The vs angels were more confident and more pleasing to look at.,1,1760811482.0,User_447
540,https://www.reddit.com/r/popculturechat/comments/1o7t451/the_victorias_secret_fashion_show_2025/,nk6kpqc,t3_1o7t451,Lila Moss is the spitting image of her Mom!,1,1760812747.0,User_448
541,https://www.reddit.com/r/popculturechat/comments/1o7t451/the_victorias_secret_fashion_show_2025/,nk7is74,t3_1o7t451,"Everyone talking about the models when all I can think about is the Twice performance

https://i.redd.it/1ncaawyoxxvf1.gif",1,1760823979.0,User_449
542,https://www.reddit.com/r/popculturechat/comments/1o7t451/the_victorias_secret_fashion_show_2025/,nk7o9xu,t3_1o7t451,This episode kinda just made me more gay ngl😭🫩✌🏼,1,1760825913.0,User_450
543,https://www.reddit.com/r/popculturechat/comments/1o7t451/the_victorias_secret_fashion_show_2025/,nk8j0uz,t3_1o7t451,Okay but slide ten though,1,1760837288.0,User_451
544,https://www.reddit.com/r/popculturechat/comments/1o7t451/the_victorias_secret_fashion_show_2025/,nk8k9a7,t3_1o7t451,Victoria Secret must be bored,1,1760837763.0,User_452
545,https://www.reddit.com/r/popculturechat/comments/1o7t451/the_victorias_secret_fashion_show_2025/,nk8pt03,t3_1o7t451,They did my girl Quen so bad 🥲,1,1760839886.0,User_453
546,https://www.reddit.com/r/popculturechat/comments/1o7t451/the_victorias_secret_fashion_show_2025/,nk8zrlx,t3_1o7t451,"I swear years ago, they said they canceled the Victoria’s Secret show . I don’t watch the news and not on social media often so I was very surprised. 

Was it a false memory or was it canceled for at least a year or something?",1,1760843818.0,User_454
547,https://www.reddit.com/r/popculturechat/comments/1o7t451/the_victorias_secret_fashion_show_2025/,nk9enwr,t3_1o7t451,It's all just so...ugly. (the clothes not the ladies),1,1760850697.0,User_455
548,https://www.reddit.com/r/popculturechat/comments/1o7t451/the_victorias_secret_fashion_show_2025/,nk9nxd9,t3_1o7t451,Wow what a let down,1,1760855808.0,User_456
549,https://www.reddit.com/r/popculturechat/comments/1o7t451/the_victorias_secret_fashion_show_2025/,nk9uy1c,t3_1o7t451,I hate whatever they did to Angel Reeses eyebrows,1,1760859967.0,User_457
550,https://www.reddit.com/r/popculturechat/comments/1o7t451/the_victorias_secret_fashion_show_2025/,nkaqumf,t3_1o7t451,Loved this year!!!,1,1760877659.0,User_458
551,https://www.reddit.com/r/popculturechat/comments/1o7t451/the_victorias_secret_fashion_show_2025/,nkat8db,t3_1o7t451,"The layering bras on plus size models because they refuse to actually make bigger sizes is ABSURD. Don't get me wrong, some of the plus size models looked absolutely stunning, but others I was like... are we not professional stylists here at VS cuz wtf",1,1760878612.0,User_459
552,https://www.reddit.com/r/popculturechat/comments/1o7t451/the_victorias_secret_fashion_show_2025/,nkb6woj,t3_1o7t451,"VS has been struggling for a decade, and they still do this?  lol",1,1760883583.0,User_460
553,https://www.reddit.com/r/popculturechat/comments/1o7t451/the_victorias_secret_fashion_show_2025/,nkbhiol,t3_1o7t451,Gigi's wings look so uncomfortable.,1,1760887004.0,User_461
554,https://www.reddit.com/r/popculturechat/comments/1o7t451/the_victorias_secret_fashion_show_2025/,nkc81z0,t3_1o7t451,That gabby person walking with $200K of work done is hilarious work,1,1760894795.0,User_462
555,https://www.reddit.com/r/popculturechat/comments/1o7t451/the_victorias_secret_fashion_show_2025/,nkcb2sr,t3_1o7t451,I MISS THE THEMES AND THE GLAMOUR,1,1760895622.0,User_463
556,https://www.reddit.com/r/popculturechat/comments/1o7t451/the_victorias_secret_fashion_show_2025/,nkcfilb,t3_1o7t451,I only liked the red one,1,1760896840.0,User_464
557,https://www.reddit.com/r/popculturechat/comments/1o7t451/the_victorias_secret_fashion_show_2025/,nkd2pbe,t3_1o7t451,MADDISON BEER ATEEEE SO HARDDDD,1,1760903550.0,User_465
558,https://www.reddit.com/r/popculturechat/comments/1o7t451/the_victorias_secret_fashion_show_2025/,nkd5t4u,t3_1o7t451,Summer Dirx did a great job! Giving old school Angel high fun energy .,1,1760904464.0,User_466
559,https://www.reddit.com/r/popculturechat/comments/1o7t451/the_victorias_secret_fashion_show_2025/,nkd8awb,t3_1o7t451,Nr. 9 is my personal Everything 🤍,1,1760905198.0,User_467
560,https://www.reddit.com/r/popculturechat/comments/1o7t451/the_victorias_secret_fashion_show_2025/,nkdy63k,t3_1o7t451,Best fashion show,1,1760913351.0,User_468
561,https://www.reddit.com/r/popculturechat/comments/1o7t451/the_victorias_secret_fashion_show_2025/,nke8m2h,t3_1o7t451,VS has gone Great Value.... What happened to sexy style?,1,1760917006.0,User_469
562,https://www.reddit.com/r/popculturechat/comments/1o7t451/the_victorias_secret_fashion_show_2025/,nkehnm1,t3_1o7t451,#3 wins😍,1,1760920314.0,User_470
563,https://www.reddit.com/r/popculturechat/comments/1o7t451/the_victorias_secret_fashion_show_2025/,nkei4g2,t3_1o7t451,"ok but this years fashion show was so much better than last year. 
WE ARE SO BACK!!!! 🫶🏻",1,1760920490.0,User_471
564,https://www.reddit.com/r/popculturechat/comments/1o7t451/the_victorias_secret_fashion_show_2025/,nkfsgls,t3_1o7t451,So beautiful !,1,1760940534.0,User_472
565,https://www.reddit.com/r/popculturechat/comments/1o7t451/the_victorias_secret_fashion_show_2025/,nkg0lag,t3_1o7t451,Sorry but it feels so irrelevant,1,1760945295.0,User_473
566,https://www.reddit.com/r/popculturechat/comments/1o7t451/the_victorias_secret_fashion_show_2025/,nkgiy0f,t3_1o7t451,Wow! is a big fashion show,1,1760961325.0,User_474
567,https://www.reddit.com/r/popculturechat/comments/1o7t451/the_victorias_secret_fashion_show_2025/,nkh51pa,t3_1o7t451,buetiful,1,1760969838.0,User_475
568,https://www.reddit.com/r/popculturechat/comments/1o7t451/the_victorias_secret_fashion_show_2025/,nkh9xve,t3_1o7t451,Ratajkowski looks amazing.,1,1760980375.0,User_476
569,https://www.reddit.com/r/popculturechat/comments/1o7t451/the_victorias_secret_fashion_show_2025/,nkhe46j,t3_1o7t451,VS will just never be what it was. I'm honestly alarmed by this latest resurrection attempt. Let her die.,1,1760985708.0,User_477
570,https://www.reddit.com/r/popculturechat/comments/1o7t451/the_victorias_secret_fashion_show_2025/,njr531c,t3_1o7t451,"Honestly I feel like representation is not needed everywhere. The models look like they lack energy or interest, they don’t have the same fierce walk, some look so odd and boring, no grand wings, no bombshell blowout. What made VS fashion shows so great was the SUPER MODELS!!!!!",0,1760595604.0,User_478
571,https://www.reddit.com/r/popculturechat/comments/1o7t451/the_victorias_secret_fashion_show_2025/,njrgmau,t3_1o7t451,Honestly way better than last year !! But the pink part was not IT esp with twice terrible vocals,3,1760602606.0,User_479
572,https://www.reddit.com/r/popculturechat/comments/1o7t451/the_victorias_secret_fashion_show_2025/,njqrdzq,t3_1o7t451,Worst vs fashion  according to my gf,2,1760588315.0,User_480
573,https://www.reddit.com/r/popculturechat/comments/1o7t451/the_victorias_secret_fashion_show_2025/,njqz6hd,t3_1o7t451,BUH-BYE class,2,1760592295.0,User_481
574,https://www.reddit.com/r/popculturechat/comments/1o7t451/the_victorias_secret_fashion_show_2025/,njsvagx,t3_1o7t451,Meh - these girls have nothing on the OG's,1,1760625109.0,User_482
575,https://www.reddit.com/r/popculturechat/comments/1o7t451/the_victorias_secret_fashion_show_2025/,njtgi32,t3_1o7t451,Why are all the big girls black???????,0,1760631447.0,User_483
576,https://www.reddit.com/r/popculturechat/comments/1o7t451/the_victorias_secret_fashion_show_2025/,njqw5ce,t3_1o7t451,Where the Asian models??,1,1760590696.0,User_484
577,https://www.reddit.com/r/popculturechat/comments/1o7t451/the_victorias_secret_fashion_show_2025/,njrkrao,t3_1o7t451,"This doesn’t hit the same. They are all beautiful but all kind of look the same in a boring way. Angel Reese was my favorite, surprisingly! She looked gorgeous.",1,1760605243.0,User_485
578,https://www.reddit.com/r/popculturechat/comments/1o7t451/the_victorias_secret_fashion_show_2025/,njqsgpf,t3_1o7t451,Where’s Lima?,1,1760588839.0,User_486
579,https://www.reddit.com/r/popculturechat/comments/1o7t451/the_victorias_secret_fashion_show_2025/,njqui6v,t3_1o7t451,Oh so beautiful and sexy! All the lovely women!,1,1760589862.0,User_487
580,https://www.reddit.com/r/popculturechat/comments/1o7t451/the_victorias_secret_fashion_show_2025/,njqv9sd,t3_1o7t451,Ick I don’t like any of these outfits ,1,1760590250.0,User_488
581,https://www.reddit.com/r/popculturechat/comments/1o7t451/the_victorias_secret_fashion_show_2025/,njqy7qs,t3_1o7t451,Who is the last model?,1,1760591777.0,User_489
582,https://www.reddit.com/r/popculturechat/comments/1o7t451/the_victorias_secret_fashion_show_2025/,njr187d,t3_1o7t451,"This is kinda boring tbh, it feels so lacking in the artistry compared to other brands.",1,1760593424.0,User_490
583,https://www.reddit.com/r/popculturechat/comments/1o7t451/the_victorias_secret_fashion_show_2025/,njr2mwg,t3_1o7t451,I'm disturbed by the photography of the first dark model. She is barely readable. Did her dirty with the lighting,1,1760594211.0,User_491
584,https://www.reddit.com/r/popculturechat/comments/1o7t451/the_victorias_secret_fashion_show_2025/,njr3dse,t3_1o7t451,Imagine you are hooking up with a chick and she comes out after she slips into something more comfortable wearing those massive angel wings 😂 ...,1,1760594629.0,User_492
585,https://www.reddit.com/r/popculturechat/comments/1o7t451/the_victorias_secret_fashion_show_2025/,njr6c39,t3_1o7t451,"Anok, Alex Consani, and Barbara blew me away",1,1760596338.0,User_493
586,https://www.reddit.com/r/popculturechat/comments/1o7t451/the_victorias_secret_fashion_show_2025/,njrbgd1,t3_1o7t451,What a boring show format. Why are they still doing the same old tired thing? ,1,1760599364.0,User_494
587,https://www.reddit.com/r/popculturechat/comments/1o7t451/the_victorias_secret_fashion_show_2025/,njrgk1n,t3_1o7t451,The opening rose gold segment was the best followed by the black outfits segment,1,1760602565.0,User_281
588,https://www.reddit.com/r/popculturechat/comments/1o7t451/the_victorias_secret_fashion_show_2025/,njrniug,t3_1o7t451,Anok yai was fine,1,1760606983.0,user_deleted
589,https://www.reddit.com/r/popculturechat/comments/1o7t451/the_victorias_secret_fashion_show_2025/,njrwxsy,t3_1o7t451,genuinely is the last person troye siwan?,1,1760612233.0,User_495
590,https://www.reddit.com/r/popculturechat/comments/1o7t451/the_victorias_secret_fashion_show_2025/,njs6zxw,t3_1o7t451,The outfits are mid at best,1,1760616695.0,User_496
591,https://www.reddit.com/r/popculturechat/comments/1o7t451/the_victorias_secret_fashion_show_2025/,njuur3q,t3_1o7t451,Is the second woman considered to be plus sized as a runway model? Those thighs giving me hope! I don't normally see those proportions on a runway,1,1760646297.0,User_497
592,https://www.reddit.com/r/popculturechat/comments/1o7t451/the_victorias_secret_fashion_show_2025/,njwapyt,t3_1o7t451,"https://preview.redd.it/4fk419saqkvf1.jpeg?width=1365&format=pjpg&auto=webp&s=0dae3b80e38cd10cf734c02bff2ffefa43c5bc53

Imaan Hammam",1,1760664097.0,User_66
593,https://www.reddit.com/r/popculturechat/comments/1o7t451/the_victorias_secret_fashion_show_2025/,njrhek1,t3_1o7t451,"Women of all colours, shapes and ages 🥹 finally",0,1760603096.0,User_498
594,https://www.reddit.com/r/popculturechat/comments/1o7t451/the_victorias_secret_fashion_show_2025/,njrkkke,t3_1o7t451,Loving the representation race and body wise this year >>>,-2,1760605124.0,User_499
595,https://www.reddit.com/r/popculturechat/comments/1o7t451/the_victorias_secret_fashion_show_2025/,njq9jsd,t3_1o7t451,I guess Latina's don’t wear Victorias Secret! ,-5,1760580751.0,User_500
596,https://www.reddit.com/r/popculturechat/comments/1o7t451/the_victorias_secret_fashion_show_2025/,njqrmcb,t3_1o7t451,"casually giving all the mice size and plus size models the ugliest and plainest outfits. they did devyn, precious and paloma so dirty",0,1760588427.0,User_501
597,https://www.reddit.com/r/popculturechat/comments/1o7t451/the_victorias_secret_fashion_show_2025/,njr3b8a,t3_1o7t451,"Y’all, they are still beyond attainable beauty for myself but are no longer the insane above and beyond Gisele’s of the world. It’s nice to see some real looking for women (granted women I will never look like) but but not the insane starved looking over the top 5’10 stunners I’m used to envying",0,1760594589.0,User_502
598,https://www.reddit.com/r/popculturechat/comments/1o7t451/the_victorias_secret_fashion_show_2025/,njr7uyk,t3_1o7t451,WE ARE SO BACK!!!,0,1760597224.0,User_503
599,https://www.reddit.com/r/popculturechat/comments/1o7t451/the_victorias_secret_fashion_show_2025/,njreriy,t3_1o7t451,"As flawed as it was (but we've talked about that already), I miss the old show. I can rewatch the 2005/2006 ones and just...I don't know. Dream about ever being there and looking like that. This is made for TikTok stuff and I don't want to be like anything related to TikTok. 
Some of these models were born in the wrong generation. Poor Imaan having to share a runway with Iris Law 🥴 she deserved walking shows with Karolina Kurkova. ",0,1760601441.0,User_504
600,https://www.reddit.com/r/popculturechat/comments/1o7t451/the_victorias_secret_fashion_show_2025/,njqqtxa,t3_1o7t451,well ok then!,0,1760588047.0,User_505
601,https://www.reddit.com/r/popculturechat/comments/1o7t451/the_victorias_secret_fashion_show_2025/,njqxx9b,t3_1o7t451,Alex and quen looks cuuuunt OMG,0,1760591622.0,User_506
602,https://www.reddit.com/r/popculturechat/comments/1o7t451/the_victorias_secret_fashion_show_2025/,njrb152,t3_1o7t451,My votes go to: Number 3’s body and number 15’s face.,0,1760599100.0,User_507
603,https://www.reddit.com/r/popculturechat/comments/1o7t451/the_victorias_secret_fashion_show_2025/,njvnwqy,t3_1o7t451,They’re still doing this??,0,1760655949.0,User_508
604,https://www.reddit.com/r/popculturechat/comments/1o7t451/the_victorias_secret_fashion_show_2025/,njqhn3s,t3_1o7t451, No super curvy non black girls. Hmm,-7,1760583960.0,User_509
605,https://www.reddit.com/r/popculturechat/comments/1o7t451/the_victorias_secret_fashion_show_2025/,njqx69a,t3_1o7t451,Wheres barbie ferreira,-1,1760591228.0,User_510
606,https://www.reddit.com/r/popculturechat/comments/1o7t451/the_victorias_secret_fashion_show_2025/,njr8er3,t3_1o7t451,Why do all the black women have white women hair,-1,1760597535.0,User_511
607,https://www.reddit.com/r/popculturechat/comments/1o7t451/the_victorias_secret_fashion_show_2025/,njrpvqe,t3_1o7t451,"I’ll never understand why the stereotypical combination in movies is to make the “pink” character pale and bleach blonde. Ie Regina George, Elle Woods, Glinda, etc. Elle and Glinda even have “blonde” written into their scripts as characterizations. How the fuck did that stupid fad even start? At least the redhead in green trope actually follows color theory.

The color combination is so much more visually appealing on dark skin or brunette hair. Brown & pink is just so pleasing to look at together. Infinitely better than pink & blonde. With the Victoria’s Secret aesthetic in particular, it’s giving chocolates and roses on Valentine’s Day and is kind of making me fall in love a bit…",-1,1760608401.0,user_deleted
608,https://www.reddit.com/r/popculturechat/comments/1o7t451/the_victorias_secret_fashion_show_2025/,njque9t,t3_1o7t451,"Wait, did Olandria walk? I didn’t see her in the pics posted but thought she was asked to walk.",0,1760589806.0,User_512
609,https://www.reddit.com/r/popculturechat/comments/1o7t451/the_victorias_secret_fashion_show_2025/,njqv6m9,t3_1o7t451,Oh nice they hired Lizzy,0,1760590205.0,User_513
610,https://www.reddit.com/r/popculturechat/comments/1o7t451/the_victorias_secret_fashion_show_2025/,njr4r7m,t3_1o7t451,Genuinely what the hell is that last outfit.,0,1760595415.0,User_514
611,https://www.reddit.com/r/popculturechat/comments/1o7t451/the_victorias_secret_fashion_show_2025/,njr86md,t3_1o7t451,Who is number 7,0,1760597409.0,User_515
612,https://www.reddit.com/r/popculturechat/comments/1o7t451/the_victorias_secret_fashion_show_2025/,njrbuh5,t3_1o7t451,"12, 13 and 16 are bad outfits imo",0,1760599610.0,User_516
613,https://www.reddit.com/r/popculturechat/comments/1o7t451/the_victorias_secret_fashion_show_2025/,njrd10n,t3_1o7t451,"These are the ugliest outfits i have ever seen on the VS show. Holy shit, i've seen better stuff at the stores",0,1760600348.0,User_110
614,https://www.reddit.com/r/popculturechat/comments/1o7t451/the_victorias_secret_fashion_show_2025/,njrl0j0,t3_1o7t451,Pic 6 looks like a giant chastity belt!,0,1760605407.0,User_517
615,https://www.reddit.com/r/popculturechat/comments/1o7t451/the_victorias_secret_fashion_show_2025/,njstdzh,t3_1o7t451,"https://preview.redd.it/7zfqbbllghvf1.png?width=768&format=png&auto=webp&s=14f49df7a5187231078e0fd95a4dc8da19671cb3

my personal favorite look",0,1760624523.0,User_518
616,https://www.reddit.com/r/popculturechat/comments/1o7t451/the_victorias_secret_fashion_show_2025/,njsxejf,t3_1o7t451,Even Emily R. looks semi in this...,0,1760625751.0,User_519
617,https://www.reddit.com/r/popculturechat/comments/1o7t451/the_victorias_secret_fashion_show_2025/,njtxr1b,t3_1o7t451,Hopefully Angel Reese didn't miss her queue as she walked down the runway like she did when she missed all those easy layups on the court this season. ,0,1760636468.0,User_520
618,https://www.reddit.com/r/popculturechat/comments/1o7t451/the_victorias_secret_fashion_show_2025/,nk2x928,t3_1o7t451,"I really don’t see the appeal of the VS fashion show anymore. It seems like a weird platform for influencers at this point. The ‘fashion’ was lacking for me. It feels like an attempt to stay relevant; which I get, but it probably cost a lot of money and didn’t pay off in my opinion. I’m happy for the ladies who felt uplifted by partaking in the show. I just don’t know where to places their runway show. It’s not at all on par with fashion houses and their runway shows. It’s more like a live action Dress to Impress game. I think they would be better off not having these expensive shows and just promote their wares on TikTok shop lol",0,1760755454.0,User_521
619,https://www.reddit.com/r/popculturechat/comments/1o7t451/the_victorias_secret_fashion_show_2025/,nk2z9v7,t3_1o7t451,"the fashion was the models, Not what they were wearing, bc yikes",0,1760756260.0,User_522
620,https://www.reddit.com/r/popculturechat/comments/1o7t451/the_victorias_secret_fashion_show_2025/,nk3ht55,t3_1o7t451,Wow this was bad. Please go out of business Victoria Secret.,0,1760765046.0,User_523
621,https://www.reddit.com/r/popculturechat/comments/1o7t451/the_victorias_secret_fashion_show_2025/,njrinu8,t3_1o7t451,20 pictures and you forgot the most stunning woman of the night. Miss Candice!,-2,1760603902.0,User_524
622,https://www.reddit.com/r/popculturechat/comments/1o7t451/the_victorias_secret_fashion_show_2025/,njqb6wk,t3_1o7t451,Pleased to see more diversity of body type and race. Seems like a step in the right direction.,-8,1760581385.0,User_525
623,https://www.reddit.com/r/popculturechat/comments/1o7t451/the_victorias_secret_fashion_show_2025/,njqc921,t3_1o7t451,No Candice Swanepoel?!?!?!,-5,1760581799.0,User_526
624,https://www.reddit.com/r/popculturechat/comments/1o7t451/the_victorias_secret_fashion_show_2025/,njrmo7m,t3_1o7t451,I was scrolling and i thought you put Anok Yai for everyone,-1,1760606459.0,User_527
625,https://www.reddit.com/r/popculturechat/comments/1o7t451/the_victorias_secret_fashion_show_2025/,njxpk4i,t3_1o7t451,"I don’t know man, Victoria’s Secret shows just aren’t the same anymore. Nothing against these women, it’s just that I remember watching it every year and being absolutely speechless about the beauty of the models back then. Now.. I feel like most of them are kind meh, and the clothes and wings are even more meh.",-1,1760687085.0,User_528
626,https://www.reddit.com/r/popculturechat/comments/1o7t451/the_victorias_secret_fashion_show_2025/,njr8t2w,t3_1o7t451,"""fashion""",-3,1760597761.0,User_529
627,https://www.reddit.com/r/popculturechat/comments/1o7t451/the_victorias_secret_fashion_show_2025/,njqizhl,t1_njqaucb,It's like me trying on underwear in the changing room at the store,3605,1760584525.0,User_530
628,https://www.reddit.com/r/popculturechat/comments/1o7t451/the_victorias_secret_fashion_show_2025/,njqnia2,t1_njqaucb,I know I was thinking about the poor woman who works SO hard to have a dream modeling opportunity at the VS show only to be stuck in this lol,699,1760586514.0,User_531
629,https://www.reddit.com/r/popculturechat/comments/1o7t451/the_victorias_secret_fashion_show_2025/,njracup,t1_njqaucb,"Same thing here, not a fan

https://preview.redd.it/x6zfs06tbfvf1.jpeg?width=1170&format=pjpg&auto=webp&s=60f3b9c9778af159450353e607a0c68021d1c8ab",810,1760598687.0,User_532
630,https://www.reddit.com/r/popculturechat/comments/1o7t451/the_victorias_secret_fashion_show_2025/,njqoioj,t1_njqaucb,"Most of the VS fashion shows have a ton of tacky stuff, it seems it was minimal this year if this post was a good representation because this is the most tacky shown",326,1760586968.0,User_533
631,https://www.reddit.com/r/popculturechat/comments/1o7t451/the_victorias_secret_fashion_show_2025/,njqmv3w,t1_njqaucb,"Everyone looking at this thinking the same thing (because me too)

https://preview.redd.it/e2uokwfraevf1.jpeg?width=1230&format=pjpg&auto=webp&s=a6da0bd7586a9f0f77833d0fb88939d573ec694e",164,1760586228.0,User_534
632,https://www.reddit.com/r/popculturechat/comments/1o7t451/the_victorias_secret_fashion_show_2025/,njr0nkf,t1_njqaucb,It looks like they’re desperately trying to make the outfits less revealing.,129,1760593105.0,User_535
633,https://www.reddit.com/r/popculturechat/comments/1o7t451/the_victorias_secret_fashion_show_2025/,njr0hau,t1_njqaucb,This would've NEVER been even thunk back in the day 😭,14,1760593009.0,User_536
634,https://www.reddit.com/r/popculturechat/comments/1o7t451/the_victorias_secret_fashion_show_2025/,njqiet1,t1_njqaucb,"Agreed, it's so foul. Poor girl had to wear that in public.",103,1760584282.0,User_537
635,https://www.reddit.com/r/popculturechat/comments/1o7t451/the_victorias_secret_fashion_show_2025/,njrq5t7,t1_njqaucb,This really reminds me of the early 00s when we would wear super bright bikinis underneath tanktops and spaghetti strap tops and baggy pants to add colour and layers to basic items.,9,1760608563.0,User_538
636,https://www.reddit.com/r/popculturechat/comments/1o7t451/the_victorias_secret_fashion_show_2025/,njqjd7x,t1_njqaucb,Ohmigosh I was thinking the same thing when scrolling the pictures.,19,1760584689.0,User_539
637,https://www.reddit.com/r/popculturechat/comments/1o7t451/the_victorias_secret_fashion_show_2025/,njseesk,t1_njqaucb,Victoria’s Secret making something hideous and tacky?! No way!!!!!!!! 😜,8,1760619503.0,User_540
638,https://www.reddit.com/r/popculturechat/comments/1o7t451/the_victorias_secret_fashion_show_2025/,njsecy6,t1_njqaucb,I would rather them just wear some appropriate skin-colour pasties to hide any nips and censored bits. This made the lingerie looks really cheap and the opposite of diverse lol,8,1760619486.0,User_541
639,https://www.reddit.com/r/popculturechat/comments/1o7t451/the_victorias_secret_fashion_show_2025/,njrq0b0,t1_njqaucb,„Why sell only one set when we can sell them two?“ Poof - marketing & sales minds blown.,5,1760608474.0,User_542
640,https://www.reddit.com/r/popculturechat/comments/1o7t451/the_victorias_secret_fashion_show_2025/,njs7kvh,t1_njqaucb,"Same with pics 2, 4 and 14.
Whats with layering bras? Its look dumb af, like someone who knows nothing about bras and boobs has made this choice. I hate wearing one bra, im sure as shit not putting on a second one 🤣 Looks ugly",4,1760616927.0,User_543
641,https://www.reddit.com/r/popculturechat/comments/1o7t451/the_victorias_secret_fashion_show_2025/,njsa3ek,t1_njqaucb,Thank GOD I love her and was so excited to see her on the runway but wtf is this ???,3,1760617914.0,User_544
642,https://www.reddit.com/r/popculturechat/comments/1o7t451/the_victorias_secret_fashion_show_2025/,njtwqij,t1_njqaucb,A few of them were doubled up like that. So weird and off-putting.,3,1760636179.0,User_545
643,https://www.reddit.com/r/popculturechat/comments/1o7t451/the_victorias_secret_fashion_show_2025/,njrf2ab,t1_njqaucb,"It is a poorly done recreation of a D&G look

https://preview.redd.it/2fwvxa8jkfvf1.jpeg?width=750&format=pjpg&auto=webp&s=dc3097d75b199f1843c99d0f29e941d89480a32e",8,1760601625.0,User_546
644,https://www.reddit.com/r/popculturechat/comments/1o7t451/the_victorias_secret_fashion_show_2025/,njs7yyd,t1_njqaucb,Thank you! One of many silly ideas but deff the worst one,3,1760617084.0,User_547
645,https://www.reddit.com/r/popculturechat/comments/1o7t451/the_victorias_secret_fashion_show_2025/,njvi7t0,t1_njqaucb,All of the double layer undies have me looking sideways.,3,1760653920.0,User_548
646,https://www.reddit.com/r/popculturechat/comments/1o7t451/the_victorias_secret_fashion_show_2025/,njqop39,t1_njqaucb,I don't know but they need to be fired.,5,1760587050.0,User_549
647,https://www.reddit.com/r/popculturechat/comments/1o7t451/the_victorias_secret_fashion_show_2025/,njrh7u3,t1_njqaucb,Why does she have on two pairs? New fashion?,2,1760602980.0,User_550
648,https://www.reddit.com/r/popculturechat/comments/1o7t451/the_victorias_secret_fashion_show_2025/,njrsgt9,t1_njqaucb,I don't even understand that. Why is she wearing something beneath that swimsuit (?) anyway?,2,1760609877.0,User_551
649,https://www.reddit.com/r/popculturechat/comments/1o7t451/the_victorias_secret_fashion_show_2025/,njs4d4t,t1_njqaucb,Make it in their skin colour at least... Wtf is this,2,1760615613.0,User_552
650,https://www.reddit.com/r/popculturechat/comments/1o7t451/the_victorias_secret_fashion_show_2025/,njr592b,t1_njqaucb,Nobody. Absolutely nobody. And you know it’s going to be the next it dumb college girl look because it’s pink.,4,1760595700.0,User_292
651,https://www.reddit.com/r/popculturechat/comments/1o7t451/the_victorias_secret_fashion_show_2025/,njruodr,t1_njqaucb,THANK YOU. There are a few double-bra looks. I’m not a fan.,1,1760611095.0,User_553
652,https://www.reddit.com/r/popculturechat/comments/1o7t451/the_victorias_secret_fashion_show_2025/,njvqllf,t1_njqaucb,They did my girl diiirtyyy😭,1,1760656910.0,User_554
653,https://www.reddit.com/r/popculturechat/comments/1o7t451/the_victorias_secret_fashion_show_2025/,njx1x0z,t1_njqaucb,A lot of these looks are a fckin mess. That grey sweatshirt onesie is a crime,1,1760674335.0,User_555
654,https://www.reddit.com/r/popculturechat/comments/1o7t451/the_victorias_secret_fashion_show_2025/,njrkwcd,t1_njqaucb,She looks good. What is the problem? From a distance she looks a little bit risqué but up close she is covered up.,-3,1760605333.0,User_556
655,https://www.reddit.com/r/popculturechat/comments/1o7t451/the_victorias_secret_fashion_show_2025/,njqaqpu,t1_njq1562,"I think this brand is in their flop era. The outfits and designs don’t stand out, the makeup and hair has been falling flat to me as well.",1643,1760581211.0,user_deleted
656,https://www.reddit.com/r/popculturechat/comments/1o7t451/the_victorias_secret_fashion_show_2025/,njq7lze,t1_njq1562,It’s terrible. The wings look like they’re made from a mattress.,249,1760580027.0,User_76
657,https://www.reddit.com/r/popculturechat/comments/1o7t451/the_victorias_secret_fashion_show_2025/,njq7dlx,t1_njq1562,Reminds me of the pads I wore after giving birth. ,201,1760579944.0,User_557
658,https://www.reddit.com/r/popculturechat/comments/1o7t451/the_victorias_secret_fashion_show_2025/,njqosv3,t1_njq1562,"Love Gigi, but her wings was giving sanitary napkin for the coochie 😭",17,1760587097.0,User_558
659,https://www.reddit.com/r/popculturechat/comments/1o7t451/the_victorias_secret_fashion_show_2025/,njq5uu5,t1_njq1562,I was thinking the same thing. She looks small and it just looks terrible.,8,1760579387.0,User_559
660,https://www.reddit.com/r/popculturechat/comments/1o7t451/the_victorias_secret_fashion_show_2025/,njq7ze0,t1_njq1562,I thought she was holding the wings cause girl her arms were missing abahahahaah,5,1760580165.0,User_119
661,https://www.reddit.com/r/popculturechat/comments/1o7t451/the_victorias_secret_fashion_show_2025/,njqec4p,t1_njq1562,They looked like maxi pads,5,1760582626.0,User_560
662,https://www.reddit.com/r/popculturechat/comments/1o7t451/the_victorias_secret_fashion_show_2025/,njuoq6x,t1_njq1562,She's beautiful despite the outfit. The only explanation I can think of is they decided she was gorgeous enough to make it work but like... maybe they shouldn't have any look that's a total dud like that.,5,1760644508.0,user_deleted
663,https://www.reddit.com/r/popculturechat/comments/1o7t451/the_victorias_secret_fashion_show_2025/,njr1vjd,t1_njq1562,"Facts, I don’t like the dress but the dress without the wings would have been a huge upgrade. She’s too gorgeous for them to do her like that.",3,1760593783.0,User_561
664,https://www.reddit.com/r/popculturechat/comments/1o7t451/the_victorias_secret_fashion_show_2025/,njrgms6,t1_njq1562,Hot take but I actually loved that one,1,1760602614.0,User_281
665,https://www.reddit.com/r/popculturechat/comments/1o7t451/the_victorias_secret_fashion_show_2025/,njt3b5p,t1_njq1562,Wings lookin like a mattress topper ,1,1760627528.0,User_562
666,https://www.reddit.com/r/popculturechat/comments/1o7t451/the_victorias_secret_fashion_show_2025/,njtf1vw,t1_njq1562,under the twin sized matresses 🥲,1,1760631016.0,User_563
667,https://www.reddit.com/r/popculturechat/comments/1o7t451/the_victorias_secret_fashion_show_2025/,njtwetp,t1_njq1562,But why was Gigi’s walk so bad? Bella too.,1,1760636086.0,User_564
668,https://www.reddit.com/r/popculturechat/comments/1o7t451/the_victorias_secret_fashion_show_2025/,njwk6u1,t1_njq1562,I came here to say this! Lol but Bella looks stunning,1,1760667416.0,User_565
669,https://www.reddit.com/r/popculturechat/comments/1o7t451/the_victorias_secret_fashion_show_2025/,nk0gl55,t1_njq1562,She was supposed to flap them like a butterfly lol,1,1760724702.0,User_566
670,https://www.reddit.com/r/popculturechat/comments/1o7t451/the_victorias_secret_fashion_show_2025/,njq7cs0,t1_njq1hqi,She said on Instagram that the wings were 50 pounds!,1730,1760579935.0,User_567
671,https://www.reddit.com/r/popculturechat/comments/1o7t451/the_victorias_secret_fashion_show_2025/,njq6c5g,t1_njq1hqi,She looked SO uncomfortable. And I noticed her steps were kinda wobbly. She had to hold on to the wings to give them better support but I don't think it helped. I honestly don't know how they let that happen when there are rehearsals and stuff.,530,1760579563.0,User_568
672,https://www.reddit.com/r/popculturechat/comments/1o7t451/the_victorias_secret_fashion_show_2025/,njql087,t1_njq1hqi,Wait sorry Bella or Gigi? Gigi has gigantic wings in her pic but Bella doesn’t have any. Did she have them on for another outfit?,200,1760585398.0,User_569
673,https://www.reddit.com/r/popculturechat/comments/1o7t451/the_victorias_secret_fashion_show_2025/,njq3j8d,t1_njq1hqi,"I felt like they all kind of looked scared of the floor, so maybe that’s related? Adriana was the one who stuck out most to me because she followed Jasmine but somehow looked even more tentative, but there seemed to be a lot of weirdly low energy or slightly distracted walking ",266,1760578528.0,User_570
674,https://www.reddit.com/r/popculturechat/comments/1o7t451/the_victorias_secret_fashion_show_2025/,njq20iz,t1_njq1hqi,Yeah not sure why she was looking down so much!,115,1760577966.0,User_64
675,https://www.reddit.com/r/popculturechat/comments/1o7t451/the_victorias_secret_fashion_show_2025/,njq6a3c,t1_njq1hqi,Didn’t she have some health problems recently like within the last month or so?,36,1760579542.0,User_571
676,https://www.reddit.com/r/popculturechat/comments/1o7t451/the_victorias_secret_fashion_show_2025/,njrks37,t1_njq1hqi,All she had to do was eat a few almonds and chew them really well,16,1760605257.0,User_572
677,https://www.reddit.com/r/popculturechat/comments/1o7t451/the_victorias_secret_fashion_show_2025/,njqhe3k,t1_njq1hqi,"Perhaps she forgot to eat her almond (this isn’t body shaming, it’s RH lore)",31,1760583856.0,User_573
678,https://www.reddit.com/r/popculturechat/comments/1o7t451/the_victorias_secret_fashion_show_2025/,njqbw91,t1_njq1hqi,She looked like she was about to fall.,5,1760581659.0,User_574
679,https://www.reddit.com/r/popculturechat/comments/1o7t451/the_victorias_secret_fashion_show_2025/,njq6tks,t1_njq1hqi,"Not just you, thousands of people are talking about this on twitter",8,1760579741.0,User_575
680,https://www.reddit.com/r/popculturechat/comments/1o7t451/the_victorias_secret_fashion_show_2025/,njq5lr9,t1_njq1hqi,Apparently she was hospitalized recently. Hope she is ok.,17,1760579294.0,User_576
681,https://www.reddit.com/r/popculturechat/comments/1o7t451/the_victorias_secret_fashion_show_2025/,njqohuq,t1_njq1hqi,"Yes, she looked visibly uncomfortable IMO. I immediately thought of her health condition, but it may have just been the weight of the wings",2,1760586957.0,User_577
682,https://www.reddit.com/r/popculturechat/comments/1o7t451/the_victorias_secret_fashion_show_2025/,njrm5s0,t1_njq1hqi,"It's all giving Pamela Anderson in ""The Last Showgirl"", a last desperate gasp, a dying breath of an era gone by and now defunct.",2,1760606134.0,User_578
683,https://www.reddit.com/r/popculturechat/comments/1o7t451/the_victorias_secret_fashion_show_2025/,njt9cw4,t1_njq1hqi,She also just got out of the hospital too,1,1760629337.0,User_338
684,https://www.reddit.com/r/popculturechat/comments/1o7t451/the_victorias_secret_fashion_show_2025/,njv4s2h,t1_njq1hqi,She’s going to health issues,1,1760649397.0,User_579
685,https://www.reddit.com/r/popculturechat/comments/1o7t451/the_victorias_secret_fashion_show_2025/,njw6ddu,t1_njq1hqi,Her spray tan was way too much,1,1760662570.0,User_580
686,https://www.reddit.com/r/popculturechat/comments/1o7t451/the_victorias_secret_fashion_show_2025/,njqyxxk,t1_njq1hqi,She just isn’t a good model imo.,-3,1760592167.0,User_581
687,https://www.reddit.com/r/popculturechat/comments/1o7t451/the_victorias_secret_fashion_show_2025/,njr8irx,t1_njq1hqi,"Gigi, right? Not Bella? Or did Bella also wear the wings?",0,1760597598.0,User_582
688,https://www.reddit.com/r/popculturechat/comments/1o7t451/the_victorias_secret_fashion_show_2025/,njrr6ks,t1_njq1hqi,Gigi the propmaster,-1,1760609151.0,User_583
689,https://www.reddit.com/r/popculturechat/comments/1o7t451/the_victorias_secret_fashion_show_2025/,njra24v,t1_njq1hqi,Do you mean Gigi?,-5,1760598507.0,User_584
690,https://www.reddit.com/r/popculturechat/comments/1o7t451/the_victorias_secret_fashion_show_2025/,njres3f,t1_njq1hqi,You mean gigi?,-6,1760601451.0,User_585
691,https://www.reddit.com/r/popculturechat/comments/1o7t451/the_victorias_secret_fashion_show_2025/,njq8n4n,t1_njq3qem,oh this is gorgeous,185,1760580408.0,User_115
692,https://www.reddit.com/r/popculturechat/comments/1o7t451/the_victorias_secret_fashion_show_2025/,njt0370,t1_njq3qem,She looks like Adriana Lima and Rihanna had a baby. Stunningggg 💖,38,1760626557.0,User_586
693,https://www.reddit.com/r/popculturechat/comments/1o7t451/the_victorias_secret_fashion_show_2025/,njqgtyb,t1_njq3qem,My Alo queen!!!,19,1760583628.0,User_587
694,https://www.reddit.com/r/popculturechat/comments/1o7t451/the_victorias_secret_fashion_show_2025/,njqmq29,t1_njq3qem,This is now my Roman Empire oh my lorddddd,21,1760586166.0,User_588
695,https://www.reddit.com/r/popculturechat/comments/1o7t451/the_victorias_secret_fashion_show_2025/,njrov38,t1_njq3qem,This is what Jeff Bezos wife was going for..lol,23,1760607801.0,User_589
696,https://www.reddit.com/r/popculturechat/comments/1o7t451/the_victorias_secret_fashion_show_2025/,njsm2vq,t1_njq3qem,oh she is LETHAL,29,1760622157.0,User_590
697,https://www.reddit.com/r/popculturechat/comments/1o7t451/the_victorias_secret_fashion_show_2025/,njqx3kw,t1_njq3qem,She was a standout for me,13,1760591189.0,User_51
698,https://www.reddit.com/r/popculturechat/comments/1o7t451/the_victorias_secret_fashion_show_2025/,njrkusk,t1_njq3qem,Brazilian models are just made different. She is UNREAL.,11,1760605305.0,User_308
699,https://www.reddit.com/r/popculturechat/comments/1o7t451/the_victorias_secret_fashion_show_2025/,njshlv8,t1_njq3qem,"Unlike a lot of this lingerie, I’d buy that.",6,1760620627.0,User_591
700,https://www.reddit.com/r/popculturechat/comments/1o7t451/the_victorias_secret_fashion_show_2025/,njvr7ff,t1_njq3qem,This picture is the literal physical definition of FIERCE 🔥🔥🔥,4,1760657130.0,User_592
701,https://www.reddit.com/r/popculturechat/comments/1o7t451/the_victorias_secret_fashion_show_2025/,njtvxh4,t1_njq3qem,WOW I’m literally at a loss for words,2,1760635946.0,User_593
702,https://www.reddit.com/r/popculturechat/comments/1o7t451/the_victorias_secret_fashion_show_2025/,njqjip2,t1_njqc97j,https://preview.redd.it/9np7nmmd6evf1.png?width=768&format=png&auto=webp&s=2d1a57cc795254e4f7380851fdb97ffc02fade09,275,1760584753.0,User_66
703,https://www.reddit.com/r/popculturechat/comments/1o7t451/the_victorias_secret_fashion_show_2025/,njrrstw,t1_njqc97j,This outfit is such a disservice to her,12,1760609503.0,User_594
704,https://www.reddit.com/r/popculturechat/comments/1o7t451/the_victorias_secret_fashion_show_2025/,njr51d7,t1_njqc97j,I like everything about this shot except for the weird headgear…like why not position is BEHIND her head to look like halo? I’m sure that was the intent with this piece to begin with,38,1760595576.0,User_595
705,https://www.reddit.com/r/popculturechat/comments/1o7t451/the_victorias_secret_fashion_show_2025/,njr0yeh,t1_njqc97j,So beautiful!!,8,1760593274.0,User_536
706,https://www.reddit.com/r/popculturechat/comments/1o7t451/the_victorias_secret_fashion_show_2025/,njqjcxd,t1_njqc97j,This is a gorgeous shot,10,1760584685.0,User_596
707,https://www.reddit.com/r/popculturechat/comments/1o7t451/the_victorias_secret_fashion_show_2025/,njs29np,t1_njqc97j,This outfit is stunning,4,1760614717.0,User_597
708,https://www.reddit.com/r/popculturechat/comments/1o7t451/the_victorias_secret_fashion_show_2025/,njurqab,t1_njqc97j,She is one of my fave VS angels but what the hell is this look. Nah,7,1760645396.0,User_598
709,https://www.reddit.com/r/popculturechat/comments/1o7t451/the_victorias_secret_fashion_show_2025/,njuf0vc,t1_njqc97j,"This is very much Lady of Pain from the DnD Planescape campaign setting.

https://preview.redd.it/6aonjulevivf1.jpeg?width=246&format=pjpg&auto=webp&s=cd4b8a26dc63a6e13d8f3d1c0711dbfbdf3eeaab",2,1760641596.0,User_599
710,https://www.reddit.com/r/popculturechat/comments/1o7t451/the_victorias_secret_fashion_show_2025/,njqtoko,t1_njqc97j,This is so stupid.,-3,1760589450.0,User_600
711,https://www.reddit.com/r/popculturechat/comments/1o7t451/the_victorias_secret_fashion_show_2025/,njq2el2,t1_njq18yg,https://preview.redd.it/m3jobxommdvf1.jpeg?width=1365&format=pjpg&auto=webp&s=4c3860e9553018d21fa206f00f09d85f20befdf8,1114,1760578112.0,User_66
712,https://www.reddit.com/r/popculturechat/comments/1o7t451/the_victorias_secret_fashion_show_2025/,njq6m62,t1_njq18yg,"https://preview.redd.it/sfd5i137rdvf1.jpeg?width=3637&format=pjpg&auto=webp&s=b4b0dc42499bb65daec5d286ca4bcf37714af1ad

Goddess",526,1760579665.0,User_601
713,https://www.reddit.com/r/popculturechat/comments/1o7t451/the_victorias_secret_fashion_show_2025/,njqf4kx,t1_njq18yg,Candiceeee hunny 😭 let me go complain to my husband about needing help to wake up looking like this tomorrow,17,1760582938.0,User_602
714,https://www.reddit.com/r/popculturechat/comments/1o7t451/the_victorias_secret_fashion_show_2025/,njqeyyi,t1_njq18yg,my forever VS queen,36,1760582877.0,User_603
715,https://www.reddit.com/r/popculturechat/comments/1o7t451/the_victorias_secret_fashion_show_2025/,njrp4ph,t1_njq18yg,Always been and forever will be my fav VS angel 🎀🤏🏽💗,12,1760607959.0,User_604
716,https://www.reddit.com/r/popculturechat/comments/1o7t451/the_victorias_secret_fashion_show_2025/,njrzm44,t1_njq18yg,Criminal to not put her in the OP,18,1760613513.0,User_605
717,https://www.reddit.com/r/popculturechat/comments/1o7t451/the_victorias_secret_fashion_show_2025/,njqznmo,t1_njq18yg,I super love her wings here 🥹,8,1760592553.0,User_606
718,https://www.reddit.com/r/popculturechat/comments/1o7t451/the_victorias_secret_fashion_show_2025/,njs3q6c,t1_njq18yg,![gif](giphy|dZCTV8ou8NFCOLgRxa),8,1760615343.0,User_607
719,https://www.reddit.com/r/popculturechat/comments/1o7t451/the_victorias_secret_fashion_show_2025/,njq293x,t1_njq18yg,the queen!!!,16,1760578055.0,User_608
720,https://www.reddit.com/r/popculturechat/comments/1o7t451/the_victorias_secret_fashion_show_2025/,njq9y2v,t1_njq18yg,She’s the g.o.a.t 👑,6,1760580903.0,User_609
721,https://www.reddit.com/r/popculturechat/comments/1o7t451/the_victorias_secret_fashion_show_2025/,njqcrf6,t1_njq18yg,"Every day, all day.",5,1760582001.0,User_610
722,https://www.reddit.com/r/popculturechat/comments/1o7t451/the_victorias_secret_fashion_show_2025/,njr7tzi,t1_njq18yg,Those rhinestones on the hose under those shoe straps have to be painful.,5,1760597208.0,User_611
723,https://www.reddit.com/r/popculturechat/comments/1o7t451/the_victorias_secret_fashion_show_2025/,njrcdmp,t1_njq18yg,god is a woman or however that ariana song goes,4,1760599943.0,User_7
724,https://www.reddit.com/r/popculturechat/comments/1o7t451/the_victorias_secret_fashion_show_2025/,njsww7z,t1_njq18yg,"oh wow, i love these wings",2,1760625598.0,User_612
725,https://www.reddit.com/r/popculturechat/comments/1o7t451/the_victorias_secret_fashion_show_2025/,njt09vc,t1_njq18yg,My fav angel 🤩 I love the golden/bronze wings on her,2,1760626614.0,User_586
726,https://www.reddit.com/r/popculturechat/comments/1o7t451/the_victorias_secret_fashion_show_2025/,njt2tg9,t1_njq18yg,Queen!!!,2,1760627380.0,User_613
727,https://www.reddit.com/r/popculturechat/comments/1o7t451/the_victorias_secret_fashion_show_2025/,njta4di,t1_njq18yg,😮‍💨🤌🏽,2,1760629561.0,User_339
728,https://www.reddit.com/r/popculturechat/comments/1o7t451/the_victorias_secret_fashion_show_2025/,njudmc5,t1_njq18yg,Literal Goddess,2,1760641175.0,User_614
729,https://www.reddit.com/r/popculturechat/comments/1o7t451/the_victorias_secret_fashion_show_2025/,nk1azbu,t1_njq18yg,Those wings look incredible. The positioning makes them look like they're hers for real!,1,1760734138.0,User_615
730,https://www.reddit.com/r/popculturechat/comments/1o7t451/the_victorias_secret_fashion_show_2025/,nk21qoj,t1_njq18yg,her walk brought chills,1,1760743453.0,User_616
731,https://www.reddit.com/r/popculturechat/comments/1o7t451/the_victorias_secret_fashion_show_2025/,njrje9g,t1_njqgpl9,"I wish models like this could look like they're having fun and not bored. I know, it's part of the deal. You need to look like you're over all of this. But the few that look like they're enjoying themselves are so much more charming and appealing than 30 women who look desperately disinterested.

I dunno. ""This all sucks so bad"" face is less removed-goddess and more ""aw, everyone looks like this event sucks"" to me.",217,1760604380.0,User_617
732,https://www.reddit.com/r/popculturechat/comments/1o7t451/the_victorias_secret_fashion_show_2025/,njt1cjm,t1_njqgpl9,fr i see better stuff at work at the strip club,11,1760626937.0,user_deleted
733,https://www.reddit.com/r/popculturechat/comments/1o7t451/the_victorias_secret_fashion_show_2025/,njtmf9s,t1_njqgpl9,They did better with the wings an production but the outfits used to mostly be stuff you couldn’t find in stores. Like COSTUMES that’s what I was still missing,3,1760633200.0,User_618
734,https://www.reddit.com/r/popculturechat/comments/1o7t451/the_victorias_secret_fashion_show_2025/,njutvgg,t1_njqgpl9,"As soon as one of their models have a bit of shape, you can see how I’ll fitting it is… it’s really not adapted to morphologies with bigger breasts. Smoosh and pop is not a strategy.",4,1760646035.0,User_619
735,https://www.reddit.com/r/popculturechat/comments/1o7t451/the_victorias_secret_fashion_show_2025/,njqu7w2,t1_njq3dss,Dylan Sprouse is a lucky man,243,1760589716.0,User_620
736,https://www.reddit.com/r/popculturechat/comments/1o7t451/the_victorias_secret_fashion_show_2025/,njq6bti,t1_njq3dss,Always perfectionnnnnnn,205,1760579560.0,User_621
737,https://www.reddit.com/r/popculturechat/comments/1o7t451/the_victorias_secret_fashion_show_2025/,njr3kzz,t1_njq3dss,"I remember when trolls were calling her ""plus sized"" bc she looked like this 😭😭

https://preview.redd.it/rald0p230fvf1.jpeg?width=3626&format=pjpg&auto=webp&s=550d4054389d894a1c4b67c6f2408c0154845b44",358,1760594742.0,User_622
738,https://www.reddit.com/r/popculturechat/comments/1o7t451/the_victorias_secret_fashion_show_2025/,njr3xqx,t1_njq3dss,I know I’m biased because I’m Hungarian but to me she’s the most stunning natural beauty ever. She’s always looked like this. ,211,1760594945.0,User_220
739,https://www.reddit.com/r/popculturechat/comments/1o7t451/the_victorias_secret_fashion_show_2025/,njqc67o,t1_njq3dss,She is sooo beautiful,96,1760581768.0,User_574
740,https://www.reddit.com/r/popculturechat/comments/1o7t451/the_victorias_secret_fashion_show_2025/,njq8c1p,t1_njq3dss,"Literal perfection, she’s glowing",88,1760580294.0,User_623
741,https://www.reddit.com/r/popculturechat/comments/1o7t451/the_victorias_secret_fashion_show_2025/,njr7esr,t1_njq3dss,She is so gorgeous!,13,1760596966.0,User_152
742,https://www.reddit.com/r/popculturechat/comments/1o7t451/the_victorias_secret_fashion_show_2025/,njqyktn,t1_njq3dss,Super cute,11,1760591973.0,User_624
743,https://www.reddit.com/r/popculturechat/comments/1o7t451/the_victorias_secret_fashion_show_2025/,njq8rjh,t1_njq3dss,Timeless beauty!,19,1760580453.0,User_119
744,https://www.reddit.com/r/popculturechat/comments/1o7t451/the_victorias_secret_fashion_show_2025/,njtbidz,t1_njq3dss,She looked amazing in that caramel silky thing in the main pictures.,8,1760629967.0,User_625
745,https://www.reddit.com/r/popculturechat/comments/1o7t451/the_victorias_secret_fashion_show_2025/,njv5ji4,t1_njq3dss,I want her marriage. They seem so in love ❤️,4,1760649642.0,User_598
746,https://www.reddit.com/r/popculturechat/comments/1o7t451/the_victorias_secret_fashion_show_2025/,njs159u,t1_njq3dss,Barbara SPROUSE,14,1760614221.0,User_626
747,https://www.reddit.com/r/popculturechat/comments/1o7t451/the_victorias_secret_fashion_show_2025/,njvfifj,t1_njq3dss,Absolutely love her!,3,1760652982.0,User_627
748,https://www.reddit.com/r/popculturechat/comments/1o7t451/the_victorias_secret_fashion_show_2025/,njs7vio,t1_njq3dss,Apparently she had a broken foot too!?,2,1760617045.0,User_628
749,https://www.reddit.com/r/popculturechat/comments/1o7t451/the_victorias_secret_fashion_show_2025/,nju3f9m,t1_njq3dss,Barbara is unbelievably gorgeous,2,1760638120.0,User_629
750,https://www.reddit.com/r/popculturechat/comments/1o7t451/the_victorias_secret_fashion_show_2025/,njuoftm,t1_njq3dss,"Are they selling the boob wings, though?",2,1760644424.0,user_deleted
751,https://www.reddit.com/r/popculturechat/comments/1o7t451/the_victorias_secret_fashion_show_2025/,njt1o5l,t1_njq3dss,She's so pretty it makes my head hurt,1,1760627036.0,User_630
752,https://www.reddit.com/r/popculturechat/comments/1o7t451/the_victorias_secret_fashion_show_2025/,nk0wig8,t1_njq3dss,Seeing her in a magazine when I was like 17 was when I realized I also like women,1,1760729645.0,User_631
753,https://www.reddit.com/r/popculturechat/comments/1o7t451/the_victorias_secret_fashion_show_2025/,njr0cn1,t1_njq5xzo,Iris Law and Lila Moss felt misplaced,506,1760592937.0,User_632
754,https://www.reddit.com/r/popculturechat/comments/1o7t451/the_victorias_secret_fashion_show_2025/,njq8iqf,t1_njq5xzo,"It really does feel like it’s much less top model contenders and more celebrities of other niches, which isn’t inherently bad but…",585,1760580362.0,User_76
755,https://www.reddit.com/r/popculturechat/comments/1o7t451/the_victorias_secret_fashion_show_2025/,njqyvb0,t1_njq5xzo,It's kinda bleh that Hollywood is overrun with nepotism babies in every facit of Hollywood.,135,1760592127.0,User_633
756,https://www.reddit.com/r/popculturechat/comments/1o7t451/the_victorias_secret_fashion_show_2025/,njqvuap,t1_njq5xzo,"The nepo baby obsession with being runway models when they aren’t built for it is just odd to me, they look like clowns.",337,1760590539.0,User_634
757,https://www.reddit.com/r/popculturechat/comments/1o7t451/the_victorias_secret_fashion_show_2025/,njqkwwb,t1_njq5xzo,No hate to shorter folks but I saw Iris Law’s photo and immediately thought “this is why models are usually tall.”,807,1760585358.0,User_635
758,https://www.reddit.com/r/popculturechat/comments/1o7t451/the_victorias_secret_fashion_show_2025/,njqpdoo,t1_njq5xzo,Why do they all look so fkn weird,35,1760587367.0,User_636
759,https://www.reddit.com/r/popculturechat/comments/1o7t451/the_victorias_secret_fashion_show_2025/,njtm3xc,t1_njq5xzo,The pink section is always where they put them lmao,7,1760633108.0,User_618
760,https://www.reddit.com/r/popculturechat/comments/1o7t451/the_victorias_secret_fashion_show_2025/,njrgqqt,t1_njq5xzo,I’m so out of touch with who’s who of modelling… which of these beauties are nepos vs models,6,1760602683.0,User_637
761,https://www.reddit.com/r/popculturechat/comments/1o7t451/the_victorias_secret_fashion_show_2025/,njrd4wt,t1_njq5xzo,Just what i thought,2,1760600416.0,User_110
762,https://www.reddit.com/r/popculturechat/comments/1o7t451/the_victorias_secret_fashion_show_2025/,njsypd3,t1_njq5xzo,which ones are nepo babies? i never know who is they’re hidden in plain sight in hollywood,1,1760626141.0,User_638
763,https://www.reddit.com/r/popculturechat/comments/1o7t451/the_victorias_secret_fashion_show_2025/,nju2kea,t1_njq5xzo,That’s why it looks so boring 😑,1,1760637861.0,User_639
764,https://www.reddit.com/r/popculturechat/comments/1o7t451/the_victorias_secret_fashion_show_2025/,njwot96,t1_njq5xzo,Ahhh is that why some of the models are so short?,1,1760669079.0,User_640
765,https://www.reddit.com/r/popculturechat/comments/1o7t451/the_victorias_secret_fashion_show_2025/,njqdn5x,t1_njq1eub,https://preview.redd.it/xs0ofgm8zdvf1.jpeg?width=1097&format=pjpg&auto=webp&s=21c70c4b947723c82682ad7b67362770bf31f82a,380,1760582352.0,User_66
766,https://www.reddit.com/r/popculturechat/comments/1o7t451/the_victorias_secret_fashion_show_2025/,njqf1so,t1_njq1eub,omg does she even age,173,1760582908.0,User_603
767,https://www.reddit.com/r/popculturechat/comments/1o7t451/the_victorias_secret_fashion_show_2025/,njqp2rb,t1_njq1eub,"It looks like the trim going down the center of her breasts is cutting in and giving her double boob on each side. VS has never exactly been *quality*, but you'd think they would bring it up a notch for this.",229,1760587223.0,User_641
768,https://www.reddit.com/r/popculturechat/comments/1o7t451/the_victorias_secret_fashion_show_2025/,njqaqa7,t1_njq1eub,Decades-spanning unfathomable beauty,196,1760581206.0,User_642
769,https://www.reddit.com/r/popculturechat/comments/1o7t451/the_victorias_secret_fashion_show_2025/,njq81zo,t1_njq1eub,Okay legs! (In a fantastic work it way not a derogatory way),274,1760580191.0,User_643
770,https://www.reddit.com/r/popculturechat/comments/1o7t451/the_victorias_secret_fashion_show_2025/,njqev82,t1_njq1eub,She’s always been my favorite!,36,1760582836.0,User_644
771,https://www.reddit.com/r/popculturechat/comments/1o7t451/the_victorias_secret_fashion_show_2025/,njq9ng2,t1_njq1eub,"She’s gorgeous, but that looks so uncomfortable",126,1760580790.0,User_645
772,https://www.reddit.com/r/popculturechat/comments/1o7t451/the_victorias_secret_fashion_show_2025/,njqb3uy,t1_njq1eub,"The definition in those thigh muscles 💪🏽 I gotta squat heavier, bro",117,1760581352.0,User_646
773,https://www.reddit.com/r/popculturechat/comments/1o7t451/the_victorias_secret_fashion_show_2025/,njqr3pk,t1_njq1eub,All I can see is the nightmare of straps and laughing trying to sort them out when trying to get this piece on. I guess I’ve fully left the demographic VS is aiming at here.,11,1760588177.0,User_647
774,https://www.reddit.com/r/popculturechat/comments/1o7t451/the_victorias_secret_fashion_show_2025/,njqamc8,t1_njq1eub,She's somehow not aging,12,1760581163.0,User_648
775,https://www.reddit.com/r/popculturechat/comments/1o7t451/the_victorias_secret_fashion_show_2025/,njqfttp,t1_njq1eub,What a manga looking outfit. I love it.,7,1760583219.0,User_649
776,https://www.reddit.com/r/popculturechat/comments/1o7t451/the_victorias_secret_fashion_show_2025/,njr0j7d,t1_njq1eub,MY QUEEEEN,4,1760593039.0,User_650
777,https://www.reddit.com/r/popculturechat/comments/1o7t451/the_victorias_secret_fashion_show_2025/,njrr37o,t1_njq1eub,GODDESS,4,1760609095.0,User_651
778,https://www.reddit.com/r/popculturechat/comments/1o7t451/the_victorias_secret_fashion_show_2025/,njrbqfx,t1_njq1eub,I’m just seeing pinchy boobs here,2,1760599538.0,User_652
779,https://www.reddit.com/r/popculturechat/comments/1o7t451/the_victorias_secret_fashion_show_2025/,njsnh1r,t1_njq1eub,how do you even put this on,2,1760622620.0,User_191
780,https://www.reddit.com/r/popculturechat/comments/1o7t451/the_victorias_secret_fashion_show_2025/,njroixu,t1_njq1eub,"Damn. This bra, too, does not fit.",1,1760607595.0,User_653
781,https://www.reddit.com/r/popculturechat/comments/1o7t451/the_victorias_secret_fashion_show_2025/,njswug2,t1_njq1eub,she’s so pretty,1,1760625583.0,User_612
782,https://www.reddit.com/r/popculturechat/comments/1o7t451/the_victorias_secret_fashion_show_2025/,njt54th,t1_njq1eub,Okay quads!,1,1760628077.0,User_654
783,https://www.reddit.com/r/popculturechat/comments/1o7t451/the_victorias_secret_fashion_show_2025/,njtccph,t1_njq1eub,"Now this is a model, pure beauty",1,1760630216.0,user_deleted
784,https://www.reddit.com/r/popculturechat/comments/1o7t451/the_victorias_secret_fashion_show_2025/,njtjd46,t1_njq1eub,This looks PAINFUL on the titties omg,1,1760632297.0,User_655
785,https://www.reddit.com/r/popculturechat/comments/1o7t451/the_victorias_secret_fashion_show_2025/,nk5ler3,t1_njq1eub,I would kill for those legs!,1,1760801676.0,User_656
786,https://www.reddit.com/r/popculturechat/comments/1o7t451/the_victorias_secret_fashion_show_2025/,njqszh0,t1_njqf96i,She just had a baby!,83,1760589101.0,User_657
787,https://www.reddit.com/r/popculturechat/comments/1o7t451/the_victorias_secret_fashion_show_2025/,njqt8xs,t1_njqf96i,"Wow, she’s stunning!",19,1760589233.0,User_658
788,https://www.reddit.com/r/popculturechat/comments/1o7t451/the_victorias_secret_fashion_show_2025/,njr34oj,t1_njqf96i,L E G S 😭,20,1760594486.0,User_659
789,https://www.reddit.com/r/popculturechat/comments/1o7t451/the_victorias_secret_fashion_show_2025/,njtnxm1,t1_njqf96i,She is beautiful and the red against her skin is perfect 🔥,3,1760633636.0,User_660
790,https://www.reddit.com/r/popculturechat/comments/1o7t451/the_victorias_secret_fashion_show_2025/,njqjhxw,t1_njq1nwk,"That top reminds me of the similar crystal top Beyonce wore on the cover of her one solo album

ETA pic: 

https://preview.redd.it/c1lwhoak6evf1.jpeg?width=600&format=pjpg&auto=webp&s=e5932ac79cca336b27c4e5a0ed76690851508663",485,1760584744.0,User_661
791,https://www.reddit.com/r/popculturechat/comments/1o7t451/the_victorias_secret_fashion_show_2025/,njq9hp3,t1_njq1nwk,Can I pull off a crystal cape? No. Do I fucking want one because of her? Yes.,112,1760580729.0,User_662
792,https://www.reddit.com/r/popculturechat/comments/1o7t451/the_victorias_secret_fashion_show_2025/,njq483s,t1_njq1nwk,I can’t get over how gorgeous she is omg. She’s absolutely stunning!!,332,1760578784.0,User_663
793,https://www.reddit.com/r/popculturechat/comments/1o7t451/the_victorias_secret_fashion_show_2025/,njq3avm,t1_njq1nwk,This woman is the epitome of a goddess. She is so unbelievably beautiful.,171,1760578442.0,User_664
794,https://www.reddit.com/r/popculturechat/comments/1o7t451/the_victorias_secret_fashion_show_2025/,njq5qil,t1_njq1nwk,VS wtf is up with all the shoes being the wrong size,135,1760579342.0,User_665
795,https://www.reddit.com/r/popculturechat/comments/1o7t451/the_victorias_secret_fashion_show_2025/,njq6pci,t1_njq1nwk,"This outfit was so well picked for her, her skin and the clothes compliment each other. Reminds me of someone telling me how white lace was made for darker skin because it allows you to see the designs",46,1760579698.0,User_666
796,https://www.reddit.com/r/popculturechat/comments/1o7t451/the_victorias_secret_fashion_show_2025/,njq6y3j,t1_njq1nwk,She is otherworldly. Just wow,14,1760579786.0,User_667
797,https://www.reddit.com/r/popculturechat/comments/1o7t451/the_victorias_secret_fashion_show_2025/,njq6zic,t1_njq1nwk,She is soooo pretty!! Like howwww are you so beautiful!!,10,1760579801.0,User_176
798,https://www.reddit.com/r/popculturechat/comments/1o7t451/the_victorias_secret_fashion_show_2025/,njqese8,t1_njq1nwk,Oh my God. She is unfathomably beautiful.,8,1760582805.0,User_668
799,https://www.reddit.com/r/popculturechat/comments/1o7t451/the_victorias_secret_fashion_show_2025/,njqg9dp,t1_njq1nwk,Jesus this woman’s beauty is just ethereal. I keep saying this but she is the most beautiful human being I have ever seen. Just pure perfection.,7,1760583393.0,User_669
800,https://www.reddit.com/r/popculturechat/comments/1o7t451/the_victorias_secret_fashion_show_2025/,njr90x0,t1_njq1nwk,shes from my hometown. shes absolutely such an icon. cant believe such a queen came out of the crap that our town was.,7,1760597890.0,User_670
801,https://www.reddit.com/r/popculturechat/comments/1o7t451/the_victorias_secret_fashion_show_2025/,njq6r4i,t1_njq1nwk,"Always serving, always slaying",11,1760579716.0,User_671
802,https://www.reddit.com/r/popculturechat/comments/1o7t451/the_victorias_secret_fashion_show_2025/,njq91ra,t1_njq1nwk,The shape this exact photo is giving is a perspective mindfuck but it’s actually unreal how fucking beautiful she is,6,1760580559.0,User_672
803,https://www.reddit.com/r/popculturechat/comments/1o7t451/the_victorias_secret_fashion_show_2025/,njqeyym,t1_njq1nwk,Wow - she’s gorgeous!,5,1760582877.0,User_644
804,https://www.reddit.com/r/popculturechat/comments/1o7t451/the_victorias_secret_fashion_show_2025/,njqfdxs,t1_njq1nwk,She is absolutely STUNNING 🤩,7,1760583041.0,User_673
805,https://www.reddit.com/r/popculturechat/comments/1o7t451/the_victorias_secret_fashion_show_2025/,njr1c2o,t1_njq1nwk,"Dude her skin is unreal, I’m obsessed",6,1760593483.0,User_217
806,https://www.reddit.com/r/popculturechat/comments/1o7t451/the_victorias_secret_fashion_show_2025/,njqyhlg,t1_njq1nwk,The way I just gasped.,6,1760591925.0,User_674
807,https://www.reddit.com/r/popculturechat/comments/1o7t451/the_victorias_secret_fashion_show_2025/,njr225b,t1_njq1nwk,"Gosh..somehow perfect, almost doll like",5,1760593887.0,User_675
808,https://www.reddit.com/r/popculturechat/comments/1o7t451/the_victorias_secret_fashion_show_2025/,njqk0ww,t1_njq1nwk,The queen!,3,1760584971.0,User_676
809,https://www.reddit.com/r/popculturechat/comments/1o7t451/the_victorias_secret_fashion_show_2025/,njr7v2b,t1_njq1nwk,She’s striking,4,1760597226.0,User_677
810,https://www.reddit.com/r/popculturechat/comments/1o7t451/the_victorias_secret_fashion_show_2025/,njqk6ni,t1_njq1nwk,I can't breathe OMG,3,1760585040.0,User_211
811,https://www.reddit.com/r/popculturechat/comments/1o7t451/the_victorias_secret_fashion_show_2025/,njr15kf,t1_njq1nwk,Good lord,3,1760593384.0,User_490
812,https://www.reddit.com/r/popculturechat/comments/1o7t451/the_victorias_secret_fashion_show_2025/,njqg04i,t1_njq1nwk,Dare I say she could have had better hair for this one (as in they could have given her something else).,6,1760583289.0,User_678
813,https://www.reddit.com/r/popculturechat/comments/1o7t451/the_victorias_secret_fashion_show_2025/,njqm1f7,t1_njq1nwk,top one for me 😍😍😍,2,1760585858.0,User_679
814,https://www.reddit.com/r/popculturechat/comments/1o7t451/the_victorias_secret_fashion_show_2025/,njr0q7j,t1_njq1nwk,she is stunning omg,2,1760593146.0,User_650
815,https://www.reddit.com/r/popculturechat/comments/1o7t451/the_victorias_secret_fashion_show_2025/,njr563a,t1_njq1nwk,The only one with any business being there apart from maybe Bella and Barbara,2,1760595652.0,User_680
816,https://www.reddit.com/r/popculturechat/comments/1o7t451/the_victorias_secret_fashion_show_2025/,njr8mvs,t1_njq1nwk,omg QUEEEEEEN!,2,1760597663.0,User_681
817,https://www.reddit.com/r/popculturechat/comments/1o7t451/the_victorias_secret_fashion_show_2025/,njt7q45,t1_njq1nwk,Anok is quite literally the most beautiful person I have ever seen. Good lord is she stunning.,2,1760628853.0,User_682
818,https://www.reddit.com/r/popculturechat/comments/1o7t451/the_victorias_secret_fashion_show_2025/,njtavoq,t1_njq1nwk,"Not that her body isn't also amazing, but her face card??? Holy shit.",2,1760629783.0,User_683
819,https://www.reddit.com/r/popculturechat/comments/1o7t451/the_victorias_secret_fashion_show_2025/,njtw7r3,t1_njq1nwk,They should seriously stop putting her in straight hair. Her face begs for natural curls.,2,1760636029.0,User_684
820,https://www.reddit.com/r/popculturechat/comments/1o7t451/the_victorias_secret_fashion_show_2025/,njx2xos,t1_njq1nwk,Wow she is stunning!,1,1760674805.0,User_685
821,https://www.reddit.com/r/popculturechat/comments/1o7t451/the_victorias_secret_fashion_show_2025/,nk13mg2,t1_njq1nwk,I still can’t believe the likes of her was just walking around New Hampshire of all places and then plucked off the street. Fairy tale.,1,1760731846.0,User_686
822,https://www.reddit.com/r/popculturechat/comments/1o7t451/the_victorias_secret_fashion_show_2025/,nk5pt6w,t1_njq1nwk,i like this look but i feel like the hair did her a disservice cuz its kind of in her face and the exact same colour as her skin tone so i feel like she kinda gets lost in the hair,1,1760803069.0,User_687
823,https://www.reddit.com/r/popculturechat/comments/1o7t451/the_victorias_secret_fashion_show_2025/,njqn3t2,t1_njq9akd,https://preview.redd.it/aqe13cy2bevf1.jpeg?width=1200&format=pjpg&auto=webp&s=517d832062c50e980e8dd76607d5503ef65a7729,21,1760586335.0,User_66
824,https://www.reddit.com/r/popculturechat/comments/1o7t451/the_victorias_secret_fashion_show_2025/,njrn65f,t1_njq9akd,Omg i have never seen her before but she’s absolutely ethereal,12,1760606769.0,User_688
825,https://www.reddit.com/r/popculturechat/comments/1o7t451/the_victorias_secret_fashion_show_2025/,njqg35f,t1_njq9akd,Her face and fit here are absolutely giving me life. I saw her in the show and had to know who she was.,15,1760583323.0,User_689
826,https://www.reddit.com/r/popculturechat/comments/1o7t451/the_victorias_secret_fashion_show_2025/,njqja0c,t1_njq9akd,LOVED her outfit and shes beyond gorgeous!!,6,1760584650.0,User_596
827,https://www.reddit.com/r/popculturechat/comments/1o7t451/the_victorias_secret_fashion_show_2025/,njxqfov,t1_njq9akd,"Love the model, love the wings. The layered cheap 90s vibe to the clothes... not so much.",2,1760687620.0,User_690
828,https://www.reddit.com/r/popculturechat/comments/1o7t451/the_victorias_secret_fashion_show_2025/,njqg2pi,t1_njq9akd,Her face and fit here are absolutely giving me life. I saw her in the show and had to know who she was.,5,1760583318.0,User_689
829,https://www.reddit.com/r/popculturechat/comments/1o7t451/the_victorias_secret_fashion_show_2025/,njqbid0,t1_njq22qd,It's giving 90s Dior perfume bottle (complimentary),284,1760581509.0,User_691
830,https://www.reddit.com/r/popculturechat/comments/1o7t451/the_victorias_secret_fashion_show_2025/,njq8nnd,t1_njq22qd,https://preview.redd.it/q4x1ucxgtdvf1.jpeg?width=1200&format=pjpg&auto=webp&s=9e81a3e78c65757d3fb405f6c2dd1c69c4eca7cb,132,1760580413.0,User_66
831,https://www.reddit.com/r/popculturechat/comments/1o7t451/the_victorias_secret_fashion_show_2025/,njqbuqj,t1_njq22qd,Absolute icon,11,1760581643.0,User_657
832,https://www.reddit.com/r/popculturechat/comments/1o7t451/the_victorias_secret_fashion_show_2025/,njt1igr,t1_njq22qd,Ooo I love the wings head piece!,5,1760626988.0,User_586
833,https://www.reddit.com/r/popculturechat/comments/1o7t451/the_victorias_secret_fashion_show_2025/,njq969w,t1_njq4zie,The arm things are very odd but she looks incredible,178,1760580607.0,User_692
834,https://www.reddit.com/r/popculturechat/comments/1o7t451/the_victorias_secret_fashion_show_2025/,njq9ue4,t1_njq4zie,Absolutely stuning,16,1760580863.0,User_662
835,https://www.reddit.com/r/popculturechat/comments/1o7t451/the_victorias_secret_fashion_show_2025/,njq9az1,t1_njq4zie,Unreal beauty,30,1760580657.0,User_693
836,https://www.reddit.com/r/popculturechat/comments/1o7t451/the_victorias_secret_fashion_show_2025/,njq7i1q,t1_njq4zie,Wow!,6,1760579988.0,User_694
837,https://www.reddit.com/r/popculturechat/comments/1o7t451/the_victorias_secret_fashion_show_2025/,njral8p,t1_njq4zie,"WOW, she’s gorgeous! Pink is a great color on her",8,1760598828.0,User_532
838,https://www.reddit.com/r/popculturechat/comments/1o7t451/the_victorias_secret_fashion_show_2025/,njqc80l,t1_njq4zie,Wow! 🤩,7,1760581787.0,User_99
839,https://www.reddit.com/r/popculturechat/comments/1o7t451/the_victorias_secret_fashion_show_2025/,njuayr8,t1_njq4zie,"I have never seen her before nor heard of her but when I saw her, my god.",7,1760640385.0,User_695
840,https://www.reddit.com/r/popculturechat/comments/1o7t451/the_victorias_secret_fashion_show_2025/,njr0kzi,t1_njq4zie,Omg she is FLOATING ✨,3,1760593067.0,User_536
841,https://www.reddit.com/r/popculturechat/comments/1o7t451/the_victorias_secret_fashion_show_2025/,njta7md,t1_njq4zie,"Wow, ethereal",1,1760629587.0,User_339
842,https://www.reddit.com/r/popculturechat/comments/1o7t451/the_victorias_secret_fashion_show_2025/,njttka7,t1_njq4zie,That is such an amazing shot! She looks like she's floating! She's so graceful 😍,1,1760635259.0,User_696
843,https://www.reddit.com/r/popculturechat/comments/1o7t451/the_victorias_secret_fashion_show_2025/,njvdrgy,t1_njq4zie,That color against her skin stone is stunning omg,1,1760652374.0,User_697
844,https://www.reddit.com/r/popculturechat/comments/1o7t451/the_victorias_secret_fashion_show_2025/,njqivtx,t1_njq6hv1,Reminds me of OG PINK,81,1760584482.0,User_698
845,https://www.reddit.com/r/popculturechat/comments/1o7t451/the_victorias_secret_fashion_show_2025/,njqlms1,t1_njq6hv1,I neeeeed this sparkly hoodie!,80,1760585675.0,User_699
846,https://www.reddit.com/r/popculturechat/comments/1o7t451/the_victorias_secret_fashion_show_2025/,njr5t4q,t1_njq6hv1,"I’ve been following her since she appeared as an semi in korea’s next top model. This is really unexpected, but I’m so happy for her!",16,1760596029.0,User_700
847,https://www.reddit.com/r/popculturechat/comments/1o7t451/the_victorias_secret_fashion_show_2025/,njr0q4j,t1_njq6hv1,This look is actually so cute!,9,1760593144.0,User_536
848,https://www.reddit.com/r/popculturechat/comments/1o7t451/the_victorias_secret_fashion_show_2025/,njqebu5,t1_njq6hv1,She’s so pretty,14,1760582623.0,User_701
849,https://www.reddit.com/r/popculturechat/comments/1o7t451/the_victorias_secret_fashion_show_2025/,njrz1cl,t1_njq6hv1,Can you buy some of these clothes?? I LOVE this hoodie,3,1760613242.0,User_702
850,https://www.reddit.com/r/popculturechat/comments/1o7t451/the_victorias_secret_fashion_show_2025/,njsd4vo,t1_njq6hv1,Okay that's the fit I want 😳💖,2,1760619050.0,User_703
851,https://www.reddit.com/r/popculturechat/comments/1o7t451/the_victorias_secret_fashion_show_2025/,njtat5t,t1_njq6hv1,These sporty looks are literally the only things I would ever wear. I wish there were more of them!,2,1760629763.0,User_704
852,https://www.reddit.com/r/popculturechat/comments/1o7t451/the_victorias_secret_fashion_show_2025/,nk68ied,t1_njq6hv1,Finally some asian representation ,0,1760808950.0,User_705
853,https://www.reddit.com/r/popculturechat/comments/1o7t451/the_victorias_secret_fashion_show_2025/,njsiwjf,t1_njqbp6e,Wow I can’t believe she lets that falsetto rat from maroon 5 touch her 😭,284,1760621076.0,User_706
854,https://www.reddit.com/r/popculturechat/comments/1o7t451/the_victorias_secret_fashion_show_2025/,njrbted,t1_njqbp6e,And she’s had babies. Damn.,159,1760599591.0,User_707
855,https://www.reddit.com/r/popculturechat/comments/1o7t451/the_victorias_secret_fashion_show_2025/,njqd7w3,t1_njqbp6e,https://preview.redd.it/hvd1yqbqydvf1.jpeg?width=768&format=pjpg&auto=webp&s=c153479f5403daee0f7b79f885fbdcef1b8a326b,273,1760582181.0,User_66
856,https://www.reddit.com/r/popculturechat/comments/1o7t451/the_victorias_secret_fashion_show_2025/,njs9t7e,t1_njqbp6e,"It’s funny how VS is basically stuck in the 2010’s era permanently. Don’t get me wrong, these women are gorgeous, but it’s symbolic of the fact that they have not evolved at all that they are using largely the same group of models they have been using for 15 years. 

I guess it’s also a bit symbolic of the modeling industry as a whole.",28,1760617803.0,User_287
857,https://www.reddit.com/r/popculturechat/comments/1o7t451/the_victorias_secret_fashion_show_2025/,njrv4ib,t1_njqbp6e,Now _this_ is nice lingerie.,8,1760611330.0,User_553
858,https://www.reddit.com/r/popculturechat/comments/1o7t451/the_victorias_secret_fashion_show_2025/,njs9pdj,t1_njqbp6e,she looks gorgeous,1,1760617761.0,User_708
859,https://www.reddit.com/r/popculturechat/comments/1o7t451/the_victorias_secret_fashion_show_2025/,njtcsv2,t1_njqbp6e,Honestly thought it was Brie Larson,0,1760630347.0,User_709
860,https://www.reddit.com/r/popculturechat/comments/1o7t451/the_victorias_secret_fashion_show_2025/,nju5lwv,t1_njq6z1c,"And why are they keeping the low flat faced model stare? VS used to be all about bubbly smiles.

THIS IS NOT THE MODELS FAULT! THEY FOLLOWED THE INSTRUCTIONS GIVEN????

Why did VS give the models bad instructions?",4,1760638773.0,User_710
861,https://www.reddit.com/r/popculturechat/comments/1o7t451/the_victorias_secret_fashion_show_2025/,njrgw9x,t1_njqf6in,I’ve not encountered this woman before but she is heavenly,71,1760602780.0,User_711
862,https://www.reddit.com/r/popculturechat/comments/1o7t451/the_victorias_secret_fashion_show_2025/,njuhg20,t1_njqf6in,She is so gorgeous. I'm genuinely in love with her.,9,1760642326.0,User_712
863,https://www.reddit.com/r/popculturechat/comments/1o7t451/the_victorias_secret_fashion_show_2025/,njrxfym,t1_njqf6in,Ughhhh I love her!,2,1760612476.0,User_713
864,https://www.reddit.com/r/popculturechat/comments/1o7t451/the_victorias_secret_fashion_show_2025/,njwunzp,t1_njqf6in,Thank you for posting this cuz I was looking everywhere for her name and this photo cuz she was STUNNING!!,2,1760671294.0,User_714
865,https://www.reddit.com/r/popculturechat/comments/1o7t451/the_victorias_secret_fashion_show_2025/,njtjnnr,t1_njq6b66,Every model that got these belts reminds me of like WWE wrestling champion belts and I can’t unsee it,18,1760632384.0,User_715
866,https://www.reddit.com/r/popculturechat/comments/1o7t451/the_victorias_secret_fashion_show_2025/,njq90a6,t1_njq6b66,stunning.,28,1760580544.0,User_115
867,https://www.reddit.com/r/popculturechat/comments/1o7t451/the_victorias_secret_fashion_show_2025/,njsighg,t1_njq6b66,They gave her too many pale colors in multiple looks. She’d look gorgeous in ruby or saturated gold.,3,1760620924.0,User_591
868,https://www.reddit.com/r/popculturechat/comments/1o7t451/the_victorias_secret_fashion_show_2025/,njqdu9k,t1_njq6b66,The second and the last Asian I saw on the show it’s a shame there’s not more,14,1760582431.0,User_701
869,https://www.reddit.com/r/popculturechat/comments/1o7t451/the_victorias_secret_fashion_show_2025/,njqhet7,t1_njqav4p,i get giving them push up bras that are a smidge too small in the cup to give them some cleavage but these were… not that!,107,1760583864.0,User_716
870,https://www.reddit.com/r/popculturechat/comments/1o7t451/the_victorias_secret_fashion_show_2025/,njrisyo,t1_njqav4p,"That’s what I was thinking, too. And at least a couple seemed to be wearing two sets of lingerie because neither was big enough.",16,1760603993.0,User_717
871,https://www.reddit.com/r/popculturechat/comments/1o7t451/the_victorias_secret_fashion_show_2025/,njtnpxh,t1_njqav4p,Considering the largest size they (regularly) make is a 38DDD they probably don't have bras that fit most of them.,5,1760633574.0,User_718
872,https://www.reddit.com/r/popculturechat/comments/1o7t451/the_victorias_secret_fashion_show_2025/,njqmfcw,t1_njqav4p,Is it mandatory to get a boob job to be an angel?,-12,1760586031.0,User_719
873,https://www.reddit.com/r/popculturechat/comments/1o7t451/the_victorias_secret_fashion_show_2025/,njqjtis,t1_njq65es,https://preview.redd.it/shgodofr6evf1.png?width=634&format=png&auto=webp&s=86a6b13fd9d49a1987d422a5cd6906ac579cef34,57,1760584882.0,User_66
874,https://www.reddit.com/r/popculturechat/comments/1o7t451/the_victorias_secret_fashion_show_2025/,njqgr6l,t1_njq65es,Ooof I love that colour!,19,1760583596.0,User_720
875,https://www.reddit.com/r/popculturechat/comments/1o7t451/the_victorias_secret_fashion_show_2025/,njqtr7p,t1_njq65es,"Thank you so much for posting this, we were desperately trying to figure out who this angel was,,,,your post saved us",10,1760589487.0,User_721
876,https://www.reddit.com/r/popculturechat/comments/1o7t451/the_victorias_secret_fashion_show_2025/,njr0xy1,t1_njq65es,This looks SO cool,4,1760593267.0,User_536
877,https://www.reddit.com/r/popculturechat/comments/1o7t451/the_victorias_secret_fashion_show_2025/,njqdley,t1_njq65es,"This woman is so pretty! I think
She did so good compared to other 
Models",13,1760582333.0,User_701
878,https://www.reddit.com/r/popculturechat/comments/1o7t451/the_victorias_secret_fashion_show_2025/,njqow4j,t1_njq65es,"I love this whole look! I want it in my closet. Poor girl's toes are hanging off, but loving the shoes (in a correct size)",8,1760587139.0,User_722
879,https://www.reddit.com/r/popculturechat/comments/1o7t451/the_victorias_secret_fashion_show_2025/,njqi97u,t1_njq65es,Lovely!,5,1760584217.0,User_723
880,https://www.reddit.com/r/popculturechat/comments/1o7t451/the_victorias_secret_fashion_show_2025/,njqixly,t1_njq65es,loved her walk!!!,4,1760584502.0,User_596
881,https://www.reddit.com/r/popculturechat/comments/1o7t451/the_victorias_secret_fashion_show_2025/,njtvz74,t1_njq65es,I want those heels!,2,1760635960.0,User_724
882,https://www.reddit.com/r/popculturechat/comments/1o7t451/the_victorias_secret_fashion_show_2025/,njvb0yk,t1_njq65es,My favourite outfit,2,1760651443.0,User_725
883,https://www.reddit.com/r/popculturechat/comments/1o7t451/the_victorias_secret_fashion_show_2025/,nkgjsb3,t1_njq65es,Ok gorge,2,1760961707.0,User_726
884,https://www.reddit.com/r/popculturechat/comments/1o7t451/the_victorias_secret_fashion_show_2025/,njqbjvs,t1_njq6g4w,In 1996 I bought a beautiful VS velvet demi bra that lasted into the 2010’s. Not only were the design and materials pretty and flattering but they were of a much higher quality. ,244,1760581526.0,User_727
885,https://www.reddit.com/r/popculturechat/comments/1o7t451/the_victorias_secret_fashion_show_2025/,njqp30m,t1_njq6g4w,Hello fellow old person. This was my first thought too. It all looks like bargain basement finds. Also why the double underwear?,69,1760587226.0,User_549
886,https://www.reddit.com/r/popculturechat/comments/1o7t451/the_victorias_secret_fashion_show_2025/,njqlkai,t1_njq6g4w,"I was glad to see it wasn't all anorexic looking models. There are natural, healthy models this year",25,1760585646.0,User_719
887,https://www.reddit.com/r/popculturechat/comments/1o7t451/the_victorias_secret_fashion_show_2025/,njqislr,t1_njq6g4w,"ong back when they had like limited edition bras for like $125k a piece!!!! i could never afford but the fancy Swarovski diamond bras theyd debut during the fashion shows that the OG girls would always rock...ugh those were the days! i was a teen just beyond over the shows now they just look so ""meh"" but the ladies always look amazing!!",11,1760584443.0,User_596
888,https://www.reddit.com/r/popculturechat/comments/1o7t451/the_victorias_secret_fashion_show_2025/,njqy1cs,t1_njq6g4w,"Yeah the models are gorgeous, but what they’re wearing is… less",13,1760591683.0,User_728
889,https://www.reddit.com/r/popculturechat/comments/1o7t451/the_victorias_secret_fashion_show_2025/,njsuoh2,t1_njq6g4w,And the swimsuits!!! 💔,7,1760624923.0,User_729
890,https://www.reddit.com/r/popculturechat/comments/1o7t451/the_victorias_secret_fashion_show_2025/,njqfwzq,t1_njq6g4w,Agreed. This looked cheap and tacky to me,7,1760583254.0,User_730
891,https://www.reddit.com/r/popculturechat/comments/1o7t451/the_victorias_secret_fashion_show_2025/,njr4yz3,t1_njq6g4w,"Thank you!
*
These literally look like they are straight out of a 2010s department store! 

The actual underwear is so boring and cheap-looking that even draping them in crystal props can't make it look expensive.",7,1760595539.0,User_731
892,https://www.reddit.com/r/popculturechat/comments/1o7t451/the_victorias_secret_fashion_show_2025/,njr3mlw,t1_njq6g4w,"The last couple times I got bras they had a weird chemical smell and it just felt like quality went down overall, so I prob stopped shopping there right around 2015",2,1760594768.0,User_732
893,https://www.reddit.com/r/popculturechat/comments/1o7t451/the_victorias_secret_fashion_show_2025/,njrbr0s,t1_njq6g4w,This part. I feel like it peaked but they’re still trying to be that Moment when it was the most beautiful and unattainable and therefore super fun to watch.,2,1760599548.0,User_707
894,https://www.reddit.com/r/popculturechat/comments/1o7t451/the_victorias_secret_fashion_show_2025/,njqp552,t1_njq6g4w,Yes!!!,1,1760587254.0,User_533
895,https://www.reddit.com/r/popculturechat/comments/1o7t451/the_victorias_secret_fashion_show_2025/,njq6guu,t1_njq1hrv,They gave her the simplest outfit of that segment and she looked the best. Thanks for providing the name,221,1760579611.0,User_568
896,https://www.reddit.com/r/popculturechat/comments/1o7t451/the_victorias_secret_fashion_show_2025/,njq7uyc,t1_njq1hrv,Wow she is a fucking knockout,89,1760580120.0,User_692
897,https://www.reddit.com/r/popculturechat/comments/1o7t451/the_victorias_secret_fashion_show_2025/,njsb09w,t1_njq1hrv,Oof what a stunner! And in just regular looking underwear too - beats all the bejewelled wing stuff every time.,9,1760618264.0,User_733
898,https://www.reddit.com/r/popculturechat/comments/1o7t451/the_victorias_secret_fashion_show_2025/,njqsp98,t1_njq1hrv,She’s stunning!,17,1760588958.0,User_658
899,https://www.reddit.com/r/popculturechat/comments/1o7t451/the_victorias_secret_fashion_show_2025/,njubi4j,t1_njq1hrv,My mom and I were visibly gagged when she walked out. She was so captivating and so sexy and confident. I mean that very respectfully. She belonged on that VS fashion show,8,1760640545.0,User_695
900,https://www.reddit.com/r/popculturechat/comments/1o7t451/the_victorias_secret_fashion_show_2025/,njqyy5b,t1_njq1hrv,"God, she has the best body. I was star strucked",23,1760592170.0,User_734
901,https://www.reddit.com/r/popculturechat/comments/1o7t451/the_victorias_secret_fashion_show_2025/,njs3xbe,t1_njq1hrv,She’s legitimately perfect! 😍,8,1760615428.0,User_735
902,https://www.reddit.com/r/popculturechat/comments/1o7t451/the_victorias_secret_fashion_show_2025/,njr82pu,t1_njq1hrv,Holy Jesus,11,1760597346.0,User_677
903,https://www.reddit.com/r/popculturechat/comments/1o7t451/the_victorias_secret_fashion_show_2025/,njsi6g8,t1_njq1hrv,I hate that lingerie. You KNOW that lace is gonna roll after one wash and never look good again.,2,1760620827.0,User_591
904,https://www.reddit.com/r/popculturechat/comments/1o7t451/the_victorias_secret_fashion_show_2025/,njue1gy,t1_njq1hrv,"This girl's great body, I was shocked",2,1760641300.0,User_736
905,https://www.reddit.com/r/popculturechat/comments/1o7t451/the_victorias_secret_fashion_show_2025/,njth839,t1_njq1hrv,wow that’s so body goals,1,1760631662.0,User_349
906,https://www.reddit.com/r/popculturechat/comments/1o7t451/the_victorias_secret_fashion_show_2025/,njumf9p,t1_njq1hrv,Thick thighs representing!!!!! I'm so happy to see her,1,1760643824.0,User_737
907,https://www.reddit.com/r/popculturechat/comments/1o7t451/the_victorias_secret_fashion_show_2025/,njx8hym,t1_njq1hrv,Dream body holy,1,1760677509.0,User_738
908,https://www.reddit.com/r/popculturechat/comments/1o7t451/the_victorias_secret_fashion_show_2025/,njqlzaa,t1_njq1hrv,I'm glad some of these ladies have some rolls,-20,1760585833.0,User_739
909,https://www.reddit.com/r/popculturechat/comments/1o7t451/the_victorias_secret_fashion_show_2025/,njqkltm,t1_njqbx3q,I've never seen this woman before but she is stunning 😍,78,1760585224.0,User_740
910,https://www.reddit.com/r/popculturechat/comments/1o7t451/the_victorias_secret_fashion_show_2025/,njxqvgf,t1_njqbx3q,"Omg the face card she's serving! The mood! 💯

Never seen her before but love the vibes. Glad to see some mystique and intrigue to the faces and not just bored ""too cool"" faces a lot of models give.",5,1760687884.0,User_690
911,https://www.reddit.com/r/popculturechat/comments/1o7t451/the_victorias_secret_fashion_show_2025/,njvlan5,t1_njqbx3q,I love Maty Fall Diba! She’s so pretty in those Ralph Lauren ads,3,1760655017.0,User_741
912,https://www.reddit.com/r/popculturechat/comments/1o7t451/the_victorias_secret_fashion_show_2025/,njqn2sz,t1_njq2otv,"As an Asian, it makes me so proud to see another Asian winning 🥳",160,1760586322.0,User_534
913,https://www.reddit.com/r/popculturechat/comments/1o7t451/the_victorias_secret_fashion_show_2025/,njqcqjh,t1_njq2otv,She’s such a beautiful woman. I was searching for more East Asians/ other Asians but was disappointed there was just a couple,41,1760581991.0,User_701
914,https://www.reddit.com/r/popculturechat/comments/1o7t451/the_victorias_secret_fashion_show_2025/,njusa1l,t1_njqjxy6,She is gorgeous. Also the slide 9/20 wow.,6,1760645559.0,User_598
915,https://www.reddit.com/r/popculturechat/comments/1o7t451/the_victorias_secret_fashion_show_2025/,njqs8hj,t1_njqjxy6,Best wings of the night,10,1760588726.0,User_742
916,https://www.reddit.com/r/popculturechat/comments/1o7t451/the_victorias_secret_fashion_show_2025/,njxqyqg,t1_njqjxy6,Loving these wings!,3,1760687939.0,User_690
917,https://www.reddit.com/r/popculturechat/comments/1o7t451/the_victorias_secret_fashion_show_2025/,njq83j3,t1_njq7xl3,https://preview.redd.it/8ddtqu1vsdvf1.jpeg?width=1200&format=pjpg&auto=webp&s=77911a6f2081497fbbb6169587dd4cbe3fadd1c5,232,1760580207.0,User_66
918,https://www.reddit.com/r/popculturechat/comments/1o7t451/the_victorias_secret_fashion_show_2025/,njqgeg3,t1_njq7xl3,"She’s pulling this off in an amazing way, but it weirdly reminds of a thanksgiving themed look. Ha ha it may be the color scheme",100,1760583451.0,User_649
919,https://www.reddit.com/r/popculturechat/comments/1o7t451/the_victorias_secret_fashion_show_2025/,njr0ws8,t1_njq7xl3,"Trending for fall: pubic rhinestones and turkey feather ruffs! 
She’s beyond gorgeous but this outfit/styling is strange to me.",24,1760593249.0,User_743
920,https://www.reddit.com/r/popculturechat/comments/1o7t451/the_victorias_secret_fashion_show_2025/,njqwlvp,t1_njq7xl3,"Why did they put that thing around her neck? It reminds me of Like, a turkey. Come on vs🤦‍♀️",38,1760590931.0,User_744
921,https://www.reddit.com/r/popculturechat/comments/1o7t451/the_victorias_secret_fashion_show_2025/,njr7i7q,t1_njq7xl3,"I hate the lingerie they put her in tonight, but she is still a goddess.",23,1760597021.0,User_152
922,https://www.reddit.com/r/popculturechat/comments/1o7t451/the_victorias_secret_fashion_show_2025/,njqhh73,t1_njqf3v8,https://preview.redd.it/whv4yset3evf1.jpeg?width=1200&format=pjpg&auto=webp&s=023835bfbca13044b0d6674cd7e24bc1721f8c2d,149,1760583891.0,User_66
923,https://www.reddit.com/r/popculturechat/comments/1o7t451/the_victorias_secret_fashion_show_2025/,njrc5j6,t1_njqf3v8,AHHHH THE OG EAST ASIAN ANGEL! I will forever love her. She did so much for East Asian women in the modeling industry.,43,1760599801.0,User_228
924,https://www.reddit.com/r/popculturechat/comments/1o7t451/the_victorias_secret_fashion_show_2025/,njr05op,t1_njqf3v8,my queen!! I hope she’s thriving,14,1760592829.0,User_745
925,https://www.reddit.com/r/popculturechat/comments/1o7t451/the_victorias_secret_fashion_show_2025/,njq4rsd,t1_njq2koa,"Maybe I’m remembering wrong, but I feel like classic VS had all the models smiling and excited to be there?",175,1760578984.0,User_746
926,https://www.reddit.com/r/popculturechat/comments/1o7t451/the_victorias_secret_fashion_show_2025/,njqlfbh,t1_njq2koa,https://preview.redd.it/yz8t39nu8evf1.png?width=1200&format=png&auto=webp&s=681314d8102941ef9c91d8bc82c1eece767c17a2,22,1760585584.0,User_66
927,https://www.reddit.com/r/popculturechat/comments/1o7t451/the_victorias_secret_fashion_show_2025/,njq6l4q,t1_njq2koa,Her walk was crazy each time.,30,1760579654.0,User_568
928,https://www.reddit.com/r/popculturechat/comments/1o7t451/the_victorias_secret_fashion_show_2025/,njqan0p,t1_njq2koa,She stood out to me the most tbh! Great facial structure and body,17,1760581170.0,User_747
929,https://www.reddit.com/r/popculturechat/comments/1o7t451/the_victorias_secret_fashion_show_2025/,njqlrzg,t1_njq2koa,Yasmin’s walk stood out the most,5,1760585741.0,User_748
930,https://www.reddit.com/r/popculturechat/comments/1o7t451/the_victorias_secret_fashion_show_2025/,njtoa6z,t1_njq2koa,She’s beautiful but this looks like something my kids would wear at their dance recitals.,3,1760633737.0,User_749
931,https://www.reddit.com/r/popculturechat/comments/1o7t451/the_victorias_secret_fashion_show_2025/,njt2gbr,t1_njq2koa,She looks like she's in mourning 🥲💀,3,1760627270.0,User_586
932,https://www.reddit.com/r/popculturechat/comments/1o7t451/the_victorias_secret_fashion_show_2025/,njs6e8s,t1_njq4shv,All the outfits look kinda cheap..,24,1760616451.0,User_750
933,https://www.reddit.com/r/popculturechat/comments/1o7t451/the_victorias_secret_fashion_show_2025/,njsjenc,t1_njq4shv,"She’s so beautiful, why the hell did they put her in this 😭",18,1760621251.0,User_706
934,https://www.reddit.com/r/popculturechat/comments/1o7t451/the_victorias_secret_fashion_show_2025/,njrayap,t1_njq4shv,She’s kinda giving the Kubrick Stare here,12,1760599051.0,User_532
935,https://www.reddit.com/r/popculturechat/comments/1o7t451/the_victorias_secret_fashion_show_2025/,njsfy2q,t1_njq4shv,The outfit is just… no.. what’s going on VS?!,6,1760620048.0,User_751
936,https://www.reddit.com/r/popculturechat/comments/1o7t451/the_victorias_secret_fashion_show_2025/,njtqn95,t1_njqdxt7,This woman not only looks gorgeous-she also looks fun loving and like she would be cool to hang out with.,16,1760634425.0,User_749
937,https://www.reddit.com/r/popculturechat/comments/1o7t451/the_victorias_secret_fashion_show_2025/,njvm1j1,t1_njqdxt7,"Wow, she’s stunning",10,1760655287.0,User_741
938,https://www.reddit.com/r/popculturechat/comments/1o7t451/the_victorias_secret_fashion_show_2025/,njwiulx,t1_njqdxt7,"This is one of the best looks for me, it suits her.",9,1760666938.0,User_752
939,https://www.reddit.com/r/popculturechat/comments/1o7t451/the_victorias_secret_fashion_show_2025/,njxrgcr,t1_njqdxt7,Idk if the model is making the outfit better with the smiling but I kinda vibe with this one (I'm just gonna forget the shoes exist and they weren't on sooo many models),6,1760688240.0,User_690
940,https://www.reddit.com/r/popculturechat/comments/1o7t451/the_victorias_secret_fashion_show_2025/,njsek2w,t1_njqdhnv,I wonder if her and Gigi interacted backstage with their shared BCoop experiences.,12,1760619556.0,User_753
941,https://www.reddit.com/r/popculturechat/comments/1o7t451/the_victorias_secret_fashion_show_2025/,njsrfd3,t1_njqdhnv,Bradley cooper sweating 😅😅😅,5,1760623903.0,User_754
942,https://www.reddit.com/r/popculturechat/comments/1o7t451/the_victorias_secret_fashion_show_2025/,njwgch5,t1_njqdhnv,Girl ABS! I have to go do some crunches now.,6,1760666048.0,user_deleted
943,https://www.reddit.com/r/popculturechat/comments/1o7t451/the_victorias_secret_fashion_show_2025/,njqzxt3,t1_njqdhnv,"CR7’s ex still got it going on

Edit: LMAO I knew it was gonna trigger some of you",-29,1760592709.0,User_755
944,https://www.reddit.com/r/popculturechat/comments/1o7t451/the_victorias_secret_fashion_show_2025/,njqa8q6,t1_njq6kip,I think Tempur-Pedic sponsored her outfit,20,1760581017.0,User_76
945,https://www.reddit.com/r/popculturechat/comments/1o7t451/the_victorias_secret_fashion_show_2025/,njrinn0,t1_njq6kip,"Beyond the wings, that white number looks horribly constructed too - did they even do a fitting?",8,1760603898.0,User_756
946,https://www.reddit.com/r/popculturechat/comments/1o7t451/the_victorias_secret_fashion_show_2025/,njqzkqj,t1_njq9fif,"nope, they are stored in the VS archives",42,1760592510.0,User_757
947,https://www.reddit.com/r/popculturechat/comments/1o7t451/the_victorias_secret_fashion_show_2025/,njquqm2,t1_njq9fif,I am not sure cause the fantasy bra used to get sold after.,22,1760589981.0,User_758
948,https://www.reddit.com/r/popculturechat/comments/1o7t451/the_victorias_secret_fashion_show_2025/,njqteno,t1_njq9fif,Haha I would hope so.,4,1760589312.0,User_658
949,https://www.reddit.com/r/popculturechat/comments/1o7t451/the_victorias_secret_fashion_show_2025/,njt3mdd,t1_njqiux6,I love the pastel sunset gradient,9,1760627621.0,User_586
950,https://www.reddit.com/r/popculturechat/comments/1o7t451/the_victorias_secret_fashion_show_2025/,njsowd5,t1_njqiux6,Is she the one who was fixing her robe cuz it was stuck to her heels? LOL,6,1760623086.0,User_759
951,https://www.reddit.com/r/popculturechat/comments/1o7t451/the_victorias_secret_fashion_show_2025/,njt4bis,t1_njqiux6,"The chemise fits her crazily, but the colors and movement of that robe are very pretty!",4,1760627830.0,User_760
952,https://www.reddit.com/r/popculturechat/comments/1o7t451/the_victorias_secret_fashion_show_2025/,njqz20q,t1_njq8zy3,Always breathtaking. That level of poise cannot be taught — it is GODDESS-NESS revealed,18,1760592228.0,User_761
953,https://www.reddit.com/r/popculturechat/comments/1o7t451/the_victorias_secret_fashion_show_2025/,njro6ai,t1_njq8zy3,Light loves her. It always hits her in a way that makes her look like a god,8,1760607382.0,User_762
954,https://www.reddit.com/r/popculturechat/comments/1o7t451/the_victorias_secret_fashion_show_2025/,njqpixz,t1_njq4wc4,Knowing what we know ab how Yolanda raised Gigi & Bella…it is so heartwarming to see Gigi’s posts ab her daughter’s (very normal) looking meals,402,1760587434.0,User_763
955,https://www.reddit.com/r/popculturechat/comments/1o7t451/the_victorias_secret_fashion_show_2025/,njqnc92,t1_njq4wc4,That’s cute,22,1760586438.0,User_534
956,https://www.reddit.com/r/popculturechat/comments/1o7t451/the_victorias_secret_fashion_show_2025/,njszebc,t1_njq4wc4,"I was not expecting Gigi Hadid’s daughter to have the same thermos as my daughter, solidly middle class in a blue collar Canadian town lmao",6,1760626351.0,User_764
957,https://www.reddit.com/r/popculturechat/comments/1o7t451/the_victorias_secret_fashion_show_2025/,njrzrq6,t1_njq4wc4,Their interviews on zeteo are great,7,1760613585.0,User_765
958,https://www.reddit.com/r/popculturechat/comments/1o7t451/the_victorias_secret_fashion_show_2025/,njq7gfr,t1_njq3djj,"I’m wowed by the representation compared to when I was a teen, but the garments are trash.",586,1760579971.0,User_766
959,https://www.reddit.com/r/popculturechat/comments/1o7t451/the_victorias_secret_fashion_show_2025/,njq4rb0,t1_njq3djj,"I feel the same. I used to be in absolute awe of these models. Now I feel nothing. I think it's social media, where everyone is modeling all of the time. It's not special or interesting anymore. It's just the same sh*t I see everywhere. ",149,1760578979.0,User_767
960,https://www.reddit.com/r/popculturechat/comments/1o7t451/the_victorias_secret_fashion_show_2025/,njq7zd6,t1_njq3djj,"I’m only wowed in that I never thought I would see average size or plus size Angels, if you would’ve told 15 year old me that…

But yeah online there are so many hot people just living life haha we don’t need this anymore.",58,1760580165.0,User_768
961,https://www.reddit.com/r/popculturechat/comments/1o7t451/the_victorias_secret_fashion_show_2025/,njqg7b1,t1_njq3djj,"My overall thought was, “this underwear looks so cheap”",7,1760583370.0,User_769
962,https://www.reddit.com/r/popculturechat/comments/1o7t451/the_victorias_secret_fashion_show_2025/,njq5vwf,t1_njq3djj,It’s the same underwire stiff cup bras they’ve been doing for damn near 20+ years.,25,1760579398.0,User_100
963,https://www.reddit.com/r/popculturechat/comments/1o7t451/the_victorias_secret_fashion_show_2025/,njq3su2,t1_njq3djj,It's giving nothing but I've been anti Victoria's Secret for a while now.,28,1760578628.0,User_770
964,https://www.reddit.com/r/popculturechat/comments/1o7t451/the_victorias_secret_fashion_show_2025/,njqqqld,t1_njq3djj,"Same. I’m swiping thinking, who cares about any of this?",8,1760588003.0,User_771
965,https://www.reddit.com/r/popculturechat/comments/1o7t451/the_victorias_secret_fashion_show_2025/,njqqyh4,t1_njq3djj,Agreed also feels like expensive underwear is just not recession chic,3,1760588107.0,User_772
966,https://www.reddit.com/r/popculturechat/comments/1o7t451/the_victorias_secret_fashion_show_2025/,njq86ih,t1_njq3djj,Seriously. It’s kind of boring at this point.,8,1760580237.0,User_773
967,https://www.reddit.com/r/popculturechat/comments/1o7t451/the_victorias_secret_fashion_show_2025/,njqq4ru,t1_njq3djj,For me it’s seeing bras with underwire. I don’t own any underwire bras and have no intention of ever buying them again. ,5,1760587718.0,User_774
968,https://www.reddit.com/r/popculturechat/comments/1o7t451/the_victorias_secret_fashion_show_2025/,njq4eso,t1_njq3djj,They didn’t hire new blood artists and it shows.,12,1760578851.0,User_775
969,https://www.reddit.com/r/popculturechat/comments/1o7t451/the_victorias_secret_fashion_show_2025/,njra9hb,t1_njq3djj,"I like the celestial (?) themed stuff, but otherwise agree.

Also the last time I looked at VS’s actual products on their website, it was all pretty boring.",3,1760598629.0,User_776
970,https://www.reddit.com/r/popculturechat/comments/1o7t451/the_victorias_secret_fashion_show_2025/,njqvku9,t1_njq3djj,They gave the best outfits to the 10+ year veterans,2,1760590406.0,User_777
971,https://www.reddit.com/r/popculturechat/comments/1o7t451/the_victorias_secret_fashion_show_2025/,njq6j36,t1_njq3djj,Not just you. Just don’t care. I think it’s lingerie/underwear overload.,5,1760579634.0,User_778
972,https://www.reddit.com/r/popculturechat/comments/1o7t451/the_victorias_secret_fashion_show_2025/,njq8ol5,t1_njq3djj,"Maybe it’s the music or theme or the models? Even they remodel the undergarments, music will carry",2,1760580422.0,User_119
973,https://www.reddit.com/r/popculturechat/comments/1o7t451/the_victorias_secret_fashion_show_2025/,njrsgu3,t1_njq3djj,">has VS gone downhill

![gif](giphy|WpxOQAMvWdiecRbCr5)",1,1760609877.0,User_594
974,https://www.reddit.com/r/popculturechat/comments/1o7t451/the_victorias_secret_fashion_show_2025/,njrtxgd,t1_njq3djj,I think it's partly bc it's become a trend to wear lingerie out in public as part of an outfit.,1,1760610692.0,User_779
975,https://www.reddit.com/r/popculturechat/comments/1o7t451/the_victorias_secret_fashion_show_2025/,njr7a6w,t1_njq5x8s,3d printed trash 🤣🤣,9,1760596891.0,User_780
976,https://www.reddit.com/r/popculturechat/comments/1o7t451/the_victorias_secret_fashion_show_2025/,njq9iow,t1_njq8hkr,![gif](giphy|GMdcBivU0d1ni),198,1760580739.0,User_781
977,https://www.reddit.com/r/popculturechat/comments/1o7t451/the_victorias_secret_fashion_show_2025/,njqgnyo,t1_njq8hkr,she’s so fine and i actually like the simplicity of this. the wings are beautiful. none of the bras fitting right is really irking me though.,149,1760583559.0,User_716
978,https://www.reddit.com/r/popculturechat/comments/1o7t451/the_victorias_secret_fashion_show_2025/,njs9ug8,t1_njq8hkr,I wish Ashley Graham was a model when I was in high school. She is beautiful and her body is relatable.,22,1760617816.0,User_782
979,https://www.reddit.com/r/popculturechat/comments/1o7t451/the_victorias_secret_fashion_show_2025/,njqo0cc,t1_njq8hkr,Omg I almost didn’t recognize her. I love Ashley though! The black is absolutely stunning on her!,7,1760586737.0,User_187
980,https://www.reddit.com/r/popculturechat/comments/1o7t451/the_victorias_secret_fashion_show_2025/,njuc44q,t1_njq8hkr,She looked so beautiful!! A truly amazing model! This was what we wanted from VS all these years and we finally got it,2,1760640727.0,User_695
981,https://www.reddit.com/r/popculturechat/comments/1o7t451/the_victorias_secret_fashion_show_2025/,njullpx,t1_njq8hkr,"Wait, what sizes do they carry now? Last time I went to VS/Pink was about 6 or 7 years ago and they didn’t have anything bigger than a 38D. I’m bigger than after my last baby that so I stopped going.",2,1760643579.0,User_783
982,https://www.reddit.com/r/popculturechat/comments/1o7t451/the_victorias_secret_fashion_show_2025/,njwimb4,t1_njq8hkr,This is literally my favorite model ever. She genuinely eats every look. I’m beyond obsessed with her.,2,1760666856.0,User_752
983,https://www.reddit.com/r/popculturechat/comments/1o7t451/the_victorias_secret_fashion_show_2025/,njxrk1e,t1_njq8hkr,This is a LINGERE company... why are the bras ill fitting?! 🥴,2,1760688306.0,User_690
984,https://www.reddit.com/r/popculturechat/comments/1o7t451/the_victorias_secret_fashion_show_2025/,njqlvr8,t1_njq8hkr,"Great to see natural, healthy women",2,1760585789.0,User_719
985,https://www.reddit.com/r/popculturechat/comments/1o7t451/the_victorias_secret_fashion_show_2025/,njq4cj9,t1_njq2mx8,I coulda swore they stopped this a few years ago,127,1760578828.0,User_784
986,https://www.reddit.com/r/popculturechat/comments/1o7t451/the_victorias_secret_fashion_show_2025/,njqkv5l,t1_njq2mx8,Not surprising when a) their budget is clearly not what it used to be and b) the bar for becoming a VS model is on the ground given all the influencers and 5’4 nepo babies walking the runway.,51,1760585336.0,User_785
987,https://www.reddit.com/r/popculturechat/comments/1o7t451/the_victorias_secret_fashion_show_2025/,njqymoy,t1_njq2mx8,Because they aren’t as beautiful as they were in the past,-3,1760592000.0,User_786
988,https://www.reddit.com/r/popculturechat/comments/1o7t451/the_victorias_secret_fashion_show_2025/,njvk70d,t1_njrbp02,OMg what is thaaaat 😂😂,1,1760654625.0,User_787
989,https://www.reddit.com/r/popculturechat/comments/1o7t451/the_victorias_secret_fashion_show_2025/,njqnupz,t1_njq8zq2,"Ugh I used to want to look like her so bad when I was a teen. Knowing her politics and values now has been disappointing. Not that I’m devastated personally, but to discourage kids from medical care or vaccines…",70,1760586668.0,User_788
990,https://www.reddit.com/r/popculturechat/comments/1o7t451/the_victorias_secret_fashion_show_2025/,njw0oxl,t1_njq8zq2,the way i thought this was lena headey until reading the name,2,1760660551.0,User_789
991,https://www.reddit.com/r/popculturechat/comments/1o7t451/the_victorias_secret_fashion_show_2025/,njqk0bx,t1_njq8zq2,Goddess,1,1760584964.0,User_790
992,https://www.reddit.com/r/popculturechat/comments/1o7t451/the_victorias_secret_fashion_show_2025/,njqsuz6,t1_njq9zj2,"Same! She looked stunning! She’s always been one of my favourite models, I think she’s one of the most beautiful smiles I’ve ever seen.",19,1760589039.0,User_183
993,https://www.reddit.com/r/popculturechat/comments/1o7t451/the_victorias_secret_fashion_show_2025/,njr60mn,t1_njq9zj2,Same!! And she’s 9 months pregnant! That’s incredible that she did that,16,1760596150.0,User_791
994,https://www.reddit.com/r/popculturechat/comments/1o7t451/the_victorias_secret_fashion_show_2025/,njrwhpb,t1_njq9zj2,That one is definitely favorite of the model like. 😊,5,1760612012.0,User_792
995,https://www.reddit.com/r/popculturechat/comments/1o7t451/the_victorias_secret_fashion_show_2025/,njui3qi,t1_njq9zj2,Slick Woods did it at the first Savage x Fenty show in 2018 while she was in labour.,6,1760642524.0,User_793
996,https://www.reddit.com/r/popculturechat/comments/1o7t451/the_victorias_secret_fashion_show_2025/,nk3on48,t1_njq9zj2,"Bloody heck yess!!! 9 months pregnant, I could barely put a bra on let alone breathe right with it on. Some women really are God’s favourites hahah ! Love her!",2,1760768930.0,User_257
997,https://www.reddit.com/r/popculturechat/comments/1o7t451/the_victorias_secret_fashion_show_2025/,njrlspx,t1_njq9zj2,🥹 agreed. Stunning 🤩 ,3,1760605906.0,User_207
998,https://www.reddit.com/r/popculturechat/comments/1o7t451/the_victorias_secret_fashion_show_2025/,njt7b0l,t1_njq9zj2,I saw someone say that her baby is the pearl 😭🥺,1,1760628728.0,User_794
999,https://www.reddit.com/r/popculturechat/comments/1o7t451/the_victorias_secret_fashion_show_2025/,njqkxf6,t1_njqexum,Yess short girl rep!! Unfortunately all of the pink looks fucking terrible. Wish they put her in something worth walking in,166,1760585364.0,User_72
1000,https://www.reddit.com/r/popculturechat/comments/1o7t451/the_victorias_secret_fashion_show_2025/,njtes5y,t1_njqexum,MN Queen 👑,7,1760630934.0,User_795
1001,https://www.reddit.com/r/popculturechat/comments/1o7t451/the_victorias_secret_fashion_show_2025/,njtjty2,t1_njqexum,I was hoping for a better outfit for her. Those shoes don't match either. Obviously not her fault; she looks stunning as always.,5,1760632435.0,User_796
1002,https://www.reddit.com/r/popculturechat/comments/1o7t451/the_victorias_secret_fashion_show_2025/,njuoasu,t1_njqexum,"what a cutie :,)  she looks like meee so lovely to see",5,1760644383.0,User_797
1003,https://www.reddit.com/r/popculturechat/comments/1o7t451/the_victorias_secret_fashion_show_2025/,njvwued,t1_njqexum,"Finally showed this queen! First Olympian to walk a show, and she has the hair genetics my cracker self could only dream of 🥲❤️",4,1760659150.0,User_798
1004,https://www.reddit.com/r/popculturechat/comments/1o7t451/the_victorias_secret_fashion_show_2025/,njr6xdr,t1_njqaodt,Apparently they weighed up to 50lb 😅 hard pass fam,10,1760596686.0,User_799
1005,https://www.reddit.com/r/popculturechat/comments/1o7t451/the_victorias_secret_fashion_show_2025/,njt1882,t1_njq26ga,I feel he was only on project runway so his brand would be a household name. Never heard of the man until the 2000s,2,1760626901.0,User_800
1006,https://www.reddit.com/r/popculturechat/comments/1o7t451/the_victorias_secret_fashion_show_2025/,njq4t77,t1_njq28tc,Oooof idk what happened here lol,161,1760578999.0,User_801
1007,https://www.reddit.com/r/popculturechat/comments/1o7t451/the_victorias_secret_fashion_show_2025/,njq82ql,t1_njq28tc,Its giving popcorn shirt,51,1760580199.0,User_692
1008,https://www.reddit.com/r/popculturechat/comments/1o7t451/the_victorias_secret_fashion_show_2025/,njqr1kb,t1_njq28tc,The fringes look cheap and the wings look like cake icing 😭 I would frown too if I have to wear something like this too,43,1760588148.0,User_802
1009,https://www.reddit.com/r/popculturechat/comments/1o7t451/the_victorias_secret_fashion_show_2025/,njq53xn,t1_njq28tc,"Okay, I don’t like this one..",116,1760579111.0,User_77
1010,https://www.reddit.com/r/popculturechat/comments/1o7t451/the_victorias_secret_fashion_show_2025/,njq6jaw,t1_njq28tc,A crime. I'm suing on her behalf,73,1760579636.0,User_568
1011,https://www.reddit.com/r/popculturechat/comments/1o7t451/the_victorias_secret_fashion_show_2025/,njqm11v,t1_njq28tc,The tan + the blonde ages her about 20 years,98,1760585854.0,User_803
1012,https://www.reddit.com/r/popculturechat/comments/1o7t451/the_victorias_secret_fashion_show_2025/,njqwlp4,t1_njq28tc,The wings are so bad that it’s making her look like she’s disassociating.,21,1760590928.0,User_804
1013,https://www.reddit.com/r/popculturechat/comments/1o7t451/the_victorias_secret_fashion_show_2025/,njqbnkb,t1_njq28tc,"Oh no, this looks like modge podge 😭

Edit: I meant modge not lodge lol",12,1760581565.0,User_691
1014,https://www.reddit.com/r/popculturechat/comments/1o7t451/the_victorias_secret_fashion_show_2025/,njsraof,t1_njq28tc,The wings look like they’re made of that siding foam you spray out of a can to keep wasps from building nests.,7,1760623862.0,User_805
1015,https://www.reddit.com/r/popculturechat/comments/1o7t451/the_victorias_secret_fashion_show_2025/,njq28u2,t1_njq28tc,"[Donatella VERSACE](https://i.ibb.co/ycSWQsgF/donatellaversace.jpg)&#128156;

&nbsp; 
&nbsp; 

*I am a bot, and this action was performed automatically. Please [contact the moderators of this subreddit](/message/compose/?to=/r/popculturechat) if you have any questions or concerns.*",12,1760578053.0,User_806
1016,https://www.reddit.com/r/popculturechat/comments/1o7t451/the_victorias_secret_fashion_show_2025/,njq847b,t1_njq28tc,She should’ve rested.,10,1760580214.0,User_119
1017,https://www.reddit.com/r/popculturechat/comments/1o7t451/the_victorias_secret_fashion_show_2025/,njqs8hn,t1_njq28tc,She looks like she has a bad case of ILS as my husband calls it… invisible lat syndrome. But apparently the wings were hella heavy,7,1760588726.0,User_807
1018,https://www.reddit.com/r/popculturechat/comments/1o7t451/the_victorias_secret_fashion_show_2025/,njsjdki,t1_njq28tc,Walking with fringe dangling in your crotch has to be HELL. How do you make that elegant? Did it snag and bunch there?,3,1760621240.0,User_591
1019,https://www.reddit.com/r/popculturechat/comments/1o7t451/the_victorias_secret_fashion_show_2025/,njueiod,t1_njq28tc,She looks like she’s about to topple backward 😭,3,1760641444.0,User_808
1020,https://www.reddit.com/r/popculturechat/comments/1o7t451/the_victorias_secret_fashion_show_2025/,njva7oy,t1_njq28tc,Her red outfit was so much better,3,1760651169.0,User_384
1021,https://www.reddit.com/r/popculturechat/comments/1o7t451/the_victorias_secret_fashion_show_2025/,njq7u1n,t1_njq28tc,No.,5,1760580110.0,User_76
1022,https://www.reddit.com/r/popculturechat/comments/1o7t451/the_victorias_secret_fashion_show_2025/,njxmbht,t1_njq28tc,Yikes 😭😭,1,1760685125.0,User_809
1023,https://www.reddit.com/r/popculturechat/comments/1o7t451/the_victorias_secret_fashion_show_2025/,njrcv3r,t1_njqb4px,Everyone’s hair looks so FLAT! Weird that every insta girlie with a Dyson is putting out more VS hair than VS,64,1760600245.0,User_810
1024,https://www.reddit.com/r/popculturechat/comments/1o7t451/the_victorias_secret_fashion_show_2025/,njro818,t1_njqb4px,I miss the bombshell waves and tans and fun make up of old school vs fashion shows,14,1760607412.0,User_309
1025,https://www.reddit.com/r/popculturechat/comments/1o7t451/the_victorias_secret_fashion_show_2025/,njth6zy,t1_njqb4px,I’m wondering if something is off lighting. How can everyone’s makeup be that bad? Or have they all had many fillers their faces look off?,3,1760631652.0,User_811
1026,https://www.reddit.com/r/popculturechat/comments/1o7t451/the_victorias_secret_fashion_show_2025/,njvb37e,t1_njqb4px,Big bouncy blowouts are a little outdated now aren't they?,1,1760651465.0,User_812
1027,https://www.reddit.com/r/popculturechat/comments/1o7t451/the_victorias_secret_fashion_show_2025/,njr9jj0,t1_njq9v0c,"Okay, Hooters uniform",181,1760598197.0,User_611
1028,https://www.reddit.com/r/popculturechat/comments/1o7t451/the_victorias_secret_fashion_show_2025/,nju4f00,t1_njq9v0c,using a body like hers on THIS outfit? they should be ashamed,24,1760638415.0,User_813
1029,https://www.reddit.com/r/popculturechat/comments/1o7t451/the_victorias_secret_fashion_show_2025/,njqgay8,t1_njq9v0c,How is she both a bombshell and a cutiepatootie?,49,1760583411.0,User_814
1030,https://www.reddit.com/r/popculturechat/comments/1o7t451/the_victorias_secret_fashion_show_2025/,njtjpon,t1_njq9v0c,She’s gorgeous but this is definitely the worst look for me,3,1760632400.0,User_815
1031,https://www.reddit.com/r/popculturechat/comments/1o7t451/the_victorias_secret_fashion_show_2025/,njwj5y7,t1_njq9v0c,Body is TEA,5,1760667051.0,User_752
1032,https://www.reddit.com/r/popculturechat/comments/1o7t451/the_victorias_secret_fashion_show_2025/,njtgr1o,t1_njq9v0c,She’s gorgeous but that outfit doesn’t fit her.,3,1760631521.0,User_811
1033,https://www.reddit.com/r/popculturechat/comments/1o7t451/the_victorias_secret_fashion_show_2025/,njr4pfk,t1_njq9v0c,She is so beautiful omg!,2,1760595387.0,User_816
1034,https://www.reddit.com/r/popculturechat/comments/1o7t451/the_victorias_secret_fashion_show_2025/,njuebxt,t1_njq9v0c,Goddamn,1,1760641388.0,User_817
1035,https://www.reddit.com/r/popculturechat/comments/1o7t451/the_victorias_secret_fashion_show_2025/,nk22ka0,t1_njq9v0c,"her walk was so fun, I wish they put her in something that matched 😭",1,1760743756.0,User_616
1036,https://www.reddit.com/r/popculturechat/comments/1o7t451/the_victorias_secret_fashion_show_2025/,nk3x7p0,t1_njq9v0c,"The outfit is garbage, but she sells it with that adorable smile.",1,1760774059.0,User_818
1037,https://www.reddit.com/r/popculturechat/comments/1o7t451/the_victorias_secret_fashion_show_2025/,njq70bd,t1_njq5tpx,noooo this look would’ve been so much better with some wings! Like a winx club fairy!,144,1760579809.0,User_819
1038,https://www.reddit.com/r/popculturechat/comments/1o7t451/the_victorias_secret_fashion_show_2025/,njsfpw6,t1_njq5tpx,One of my favorite looks from last night,9,1760619969.0,User_820
1039,https://www.reddit.com/r/popculturechat/comments/1o7t451/the_victorias_secret_fashion_show_2025/,njq7vne,t1_njq5tpx,At least someone had a good time. Everyone is so dour! She’s beautiful,16,1760580127.0,User_821
1040,https://www.reddit.com/r/popculturechat/comments/1o7t451/the_victorias_secret_fashion_show_2025/,njwsoo0,t1_njq5tpx,"\>Neelam Gill

SIKH REPRESENTATION LETS GOOO

Crazy thing is in Punjabi industry she would be called ""too dark""... and ""Too Indian in features"" i.e her flatter nose and fuller lips. Its crazy",6,1760670531.0,User_822
1041,https://www.reddit.com/r/popculturechat/comments/1o7t451/the_victorias_secret_fashion_show_2025/,njqa7mv,t1_njq5tpx,She looked so awkward when she blew her kiss,7,1760581006.0,User_823
1042,https://www.reddit.com/r/popculturechat/comments/1o7t451/the_victorias_secret_fashion_show_2025/,njzqpxw,t1_njq5tpx,One of like 3 new models who capture the spirit of old VS.,1,1760716980.0,User_824
1043,https://www.reddit.com/r/popculturechat/comments/1o7t451/the_victorias_secret_fashion_show_2025/,njq6opo,t1_njq440b,My queen 👑 her walk was legitimately so good,28,1760579692.0,User_568
1044,https://www.reddit.com/r/popculturechat/comments/1o7t451/the_victorias_secret_fashion_show_2025/,njt85bz,t1_njq440b,Yaaaasssss 👏🔥🇨🇴‼️ LA BICHOTA!!! De Medellín pa’l mundo!!!!,3,1760628979.0,User_654
1045,https://www.reddit.com/r/popculturechat/comments/1o7t451/the_victorias_secret_fashion_show_2025/,njvode3,t1_njq440b,"She was SO powerful, hottt",2,1760656115.0,User_825
1046,https://www.reddit.com/r/popculturechat/comments/1o7t451/the_victorias_secret_fashion_show_2025/,njuom1d,t1_njqe72g,she manages to make this shein ass outfit look convincing wow,7,1760644474.0,User_797
1047,https://www.reddit.com/r/popculturechat/comments/1o7t451/the_victorias_secret_fashion_show_2025/,nk0kw8y,t1_njqe72g,Her body is phenomenal,2,1760726039.0,User_826
1048,https://www.reddit.com/r/popculturechat/comments/1o7t451/the_victorias_secret_fashion_show_2025/,njq8x0d,t1_njq39fw,"they did her so dirty, this doesn’t feel runway worthy at all",211,1760580509.0,User_115
1049,https://www.reddit.com/r/popculturechat/comments/1o7t451/the_victorias_secret_fashion_show_2025/,njqm7ht,t1_njq39fw,A lanyard??!,78,1760585933.0,User_803
1050,https://www.reddit.com/r/popculturechat/comments/1o7t451/the_victorias_secret_fashion_show_2025/,njqgg93,t1_njq39fw,the bra is so ill fitting 😭 and the denim jacket is crazyyy just why,45,1760583470.0,User_716
1051,https://www.reddit.com/r/popculturechat/comments/1o7t451/the_victorias_secret_fashion_show_2025/,njqdqja,t1_njq39fw,Her walk wasn’t it at all and she’s like no I’d didn’t prepare. She’s gorgeous but this is no fashion show walk,70,1760582389.0,User_701
1052,https://www.reddit.com/r/popculturechat/comments/1o7t451/the_victorias_secret_fashion_show_2025/,njq7xav,t1_njq39fw,Barely recognized her tbh,30,1760580144.0,User_827
1053,https://www.reddit.com/r/popculturechat/comments/1o7t451/the_victorias_secret_fashion_show_2025/,njrfbad,t1_njq39fw,A Jean jacket..,8,1760601782.0,User_828
1054,https://www.reddit.com/r/popculturechat/comments/1o7t451/the_victorias_secret_fashion_show_2025/,njq681o,t1_njq39fw,"I couldn’t take my eyes off her in the group shot with twice, just an incredible woman",27,1760579521.0,User_621
1055,https://www.reddit.com/r/popculturechat/comments/1o7t451/the_victorias_secret_fashion_show_2025/,nk3xc2l,t1_njq39fw,She's gorgeous. That outfit is such an insult.,2,1760774135.0,User_818
1056,https://www.reddit.com/r/popculturechat/comments/1o7t451/the_victorias_secret_fashion_show_2025/,njtowcp,t1_njq39fw,Soo breathtaking.. hardly recognize her due weight loss,1,1760633916.0,User_829
1057,https://www.reddit.com/r/popculturechat/comments/1o7t451/the_victorias_secret_fashion_show_2025/,nk22mrc,t1_njq39fw,ugly denim jacket like why,1,1760743781.0,User_616
1058,https://www.reddit.com/r/popculturechat/comments/1o7t451/the_victorias_secret_fashion_show_2025/,njqhngj,t1_njqall1,Why tf would they put her in tshirt? My jaw was on the floor when she walked out after Bella and Alex consani…Stella deserved better!!,115,1760583964.0,User_830
1059,https://www.reddit.com/r/popculturechat/comments/1o7t451/the_victorias_secret_fashion_show_2025/,njs7dmz,t1_njqall1,Those wings look soo cheap,14,1760616848.0,User_831
1060,https://www.reddit.com/r/popculturechat/comments/1o7t451/the_victorias_secret_fashion_show_2025/,nk22smf,t1_njqall1,"The wings, I think, are cute, but I hate the tshirt. They could've at least cropped it.",1,1760743841.0,User_616
1061,https://www.reddit.com/r/popculturechat/comments/1o7t451/the_victorias_secret_fashion_show_2025/,njs464x,t1_njr40f2,I had to scroll so far to see this comment! Also I cannot believe women in their underwear are still being paraded like this. I don’t find it empowering I think it’s internalised misogyny that makes us feel it is.,16,1760615532.0,User_832
1062,https://www.reddit.com/r/popculturechat/comments/1o7t451/the_victorias_secret_fashion_show_2025/,njq8tna,t1_njq6zdd,"I also enjoy the different body types represented these days. Maybe I wouldn’t have had an eating disorder had I not grown up with the 2000s VS shows. (No it’s not VS’ fault, don’t sue me)",34,1760580475.0,User_76
1063,https://www.reddit.com/r/popculturechat/comments/1o7t451/the_victorias_secret_fashion_show_2025/,njqaj5v,t1_njq6zdd,"See but that’s what’s probably bothers me the most? I get Jasmine Tookes walked but give me the stretch marked, the melasma-d. It’s progress but it still feels like the male gaze and I’m just so fucking tired. I want rights not slightly “curvy” models who have breastfed.",-11,1760581130.0,User_833
1064,https://www.reddit.com/r/popculturechat/comments/1o7t451/the_victorias_secret_fashion_show_2025/,njrbk1j,t1_njqi6yg,![gif](giphy|mk69aYIERqCkg),29,1760599428.0,User_78
1065,https://www.reddit.com/r/popculturechat/comments/1o7t451/the_victorias_secret_fashion_show_2025/,njqlaq8,t1_njqi6yg,This look had so much potential,23,1760585527.0,User_72
1066,https://www.reddit.com/r/popculturechat/comments/1o7t451/the_victorias_secret_fashion_show_2025/,njqxkzl,t1_njqi6yg,I didn’t like the singing down the runway,8,1760591444.0,User_51
1067,https://www.reddit.com/r/popculturechat/comments/1o7t451/the_victorias_secret_fashion_show_2025/,njvmtlm,t1_njqi6yg,This was the worst look of the night hands downb,2,1760655566.0,User_834
1068,https://www.reddit.com/r/popculturechat/comments/1o7t451/the_victorias_secret_fashion_show_2025/,njxs56q,t1_njqi6yg,This looks like something they have you put together for the freshman week activity fashion shows where youre given a box of craft supplies and scraps and an hour with your new college/uni mates...,2,1760688667.0,User_690
1069,https://www.reddit.com/r/popculturechat/comments/1o7t451/the_victorias_secret_fashion_show_2025/,njtx0pl,t1_njr1kyq,No because I feel like the whole lead up to the show they were posting hype on insta about ‘return of the big bouncy blowouts’ or something and then we get… this,3,1760636261.0,User_835
1070,https://www.reddit.com/r/popculturechat/comments/1o7t451/the_victorias_secret_fashion_show_2025/,njwairg,t1_njr1kyq,I completely agree with you. The show has lost its touch now they’re inviting everybody on the runway.,2,1760664029.0,User_836
1071,https://www.reddit.com/r/popculturechat/comments/1o7t451/the_victorias_secret_fashion_show_2025/,njqo4h1,t1_njqnx5c,"https://preview.redd.it/tf9rdtifcevf1.jpeg?width=1365&format=pjpg&auto=webp&s=da6478e2bfa790b305f95df2b5fa848d0cff989c

Momo",71,1760586789.0,User_66
1072,https://www.reddit.com/r/popculturechat/comments/1o7t451/the_victorias_secret_fashion_show_2025/,njqo0g3,t1_njqnx5c,"Jihyo

https://preview.redd.it/yyoh4l2acevf1.jpeg?width=1018&format=pjpg&auto=webp&s=44e83b2fbce36952fb85ab75e5439877b06ccb83",79,1760586739.0,User_66
1073,https://www.reddit.com/r/popculturechat/comments/1o7t451/the_victorias_secret_fashion_show_2025/,njqo301,t1_njqnx5c,"https://preview.redd.it/qo392ijdcevf1.jpeg?width=1366&format=pjpg&auto=webp&s=a6517d18f031bb64861afb59f16f3fcfbd37bdb4

Tzuyu",52,1760586771.0,User_66
1074,https://www.reddit.com/r/popculturechat/comments/1o7t451/the_victorias_secret_fashion_show_2025/,njqv4rl,t1_njqnx5c,Are they famous? Was very disappointed by their performance compared to Lalisa last year.,-24,1760590180.0,User_758
1075,https://www.reddit.com/r/popculturechat/comments/1o7t451/the_victorias_secret_fashion_show_2025/,njqzqid,t1_njqbzx3,As always!,2,1760592597.0,User_837
1076,https://www.reddit.com/r/popculturechat/comments/1o7t451/the_victorias_secret_fashion_show_2025/,njqa1gk,t1_njq5m47,Fenty is superior now,-6,1760580938.0,User_76
1077,https://www.reddit.com/r/popculturechat/comments/1o7t451/the_victorias_secret_fashion_show_2025/,njszn3w,t1_njqabw8,Pretty much lol,1,1760626423.0,User_838
1078,https://www.reddit.com/r/popculturechat/comments/1o7t451/the_victorias_secret_fashion_show_2025/,njqnbfw,t1_njq80ng,"Her natural shape is out of this world.  And plus muscles, she is drop dead gorgeous",65,1760586429.0,User_839
1079,https://www.reddit.com/r/popculturechat/comments/1o7t451/the_victorias_secret_fashion_show_2025/,njsa5mf,t1_njq80ng,I can’t believe people were saying she shouldn’t be in the show. She looked gorgeous!,23,1760617938.0,User_782
1080,https://www.reddit.com/r/popculturechat/comments/1o7t451/the_victorias_secret_fashion_show_2025/,njr02sb,t1_njq80ng,her face is so unique and beautiful! love her!,17,1760592785.0,User_840
1081,https://www.reddit.com/r/popculturechat/comments/1o7t451/the_victorias_secret_fashion_show_2025/,njqosy5,t1_njq80ng,Oh she is a goddess!!!!!,9,1760587098.0,User_187
1082,https://www.reddit.com/r/popculturechat/comments/1o7t451/the_victorias_secret_fashion_show_2025/,njqmgi5,t1_njq80ng,LOVED HER. She gave,8,1760586045.0,User_841
1083,https://www.reddit.com/r/popculturechat/comments/1o7t451/the_victorias_secret_fashion_show_2025/,njqtnkh,t1_njq80ng,So stunning,5,1760589437.0,User_842
1084,https://www.reddit.com/r/popculturechat/comments/1o7t451/the_victorias_secret_fashion_show_2025/,njqu6ga,t1_njq80ng,Stunning!,5,1760589696.0,User_512
1085,https://www.reddit.com/r/popculturechat/comments/1o7t451/the_victorias_secret_fashion_show_2025/,njr9lxu,t1_njq80ng,Starstruck 🤩,4,1760598238.0,User_843
1086,https://www.reddit.com/r/popculturechat/comments/1o7t451/the_victorias_secret_fashion_show_2025/,njvoz15,t1_njq80ng,This queen SERVED,2,1760656329.0,User_825
1087,https://www.reddit.com/r/popculturechat/comments/1o7t451/the_victorias_secret_fashion_show_2025/,njt5p6o,t1_njq80ng,"Seeing how she plays basketball, I'd say modeling/cat-walking is her true calling.",-1,1760628247.0,User_844
1088,https://www.reddit.com/r/popculturechat/comments/1o7t451/the_victorias_secret_fashion_show_2025/,njwjrqa,t1_njqbthj,This feels like she got the extra stuff in wardrobe bc they forgot to get her a fit,3,1760667265.0,User_752
1089,https://www.reddit.com/r/popculturechat/comments/1o7t451/the_victorias_secret_fashion_show_2025/,njqjvqw,t1_njqe365,"This seems so abruptly modest, is there a reason for it that I don’t know?",61,1760584909.0,User_845
1090,https://www.reddit.com/r/popculturechat/comments/1o7t451/the_victorias_secret_fashion_show_2025/,nk22zpm,t1_njqe365,I'd be mad if I were walking th vs show and they put me in a two piece sweatsuit and jacket.,6,1760743913.0,User_616
1091,https://www.reddit.com/r/popculturechat/comments/1o7t451/the_victorias_secret_fashion_show_2025/,njtt4m0,t1_njqe365,This looks like a coat I have that’s shoved into the back of my closet.  The outfit looks like something that one might find shoved into the back of my mom’s closet.  I’m confused …beautiful woman though,1,1760635135.0,User_749
1092,https://www.reddit.com/r/popculturechat/comments/1o7t451/the_victorias_secret_fashion_show_2025/,njuovgq,t1_njqe365,a fur coat ???? 😭,1,1760644552.0,User_797
1093,https://www.reddit.com/r/popculturechat/comments/1o7t451/the_victorias_secret_fashion_show_2025/,njrbh0x,t1_njqocwl,What’s good about it is it does not feel forced like it did right before they stopped last time,31,1760599376.0,User_846
1094,https://www.reddit.com/r/popculturechat/comments/1o7t451/the_victorias_secret_fashion_show_2025/,njqj289,t1_njq4ezq,Kate's daughter really stands out in a bad way,51,1760584558.0,User_847
1095,https://www.reddit.com/r/popculturechat/comments/1o7t451/the_victorias_secret_fashion_show_2025/,njqgxls,t1_njq4ezq,i thought it was emma chamberlain 😭,35,1760583670.0,User_716
1096,https://www.reddit.com/r/popculturechat/comments/1o7t451/the_victorias_secret_fashion_show_2025/,njq6c7r,t1_njq4ezq,Add Amelia to that list too. She looks awful.,26,1760579564.0,User_848
1097,https://www.reddit.com/r/popculturechat/comments/1o7t451/the_victorias_secret_fashion_show_2025/,njq5vxo,t1_njq4ezq,Wait who Gigi and bella!?,0,1760579399.0,User_849
1098,https://www.reddit.com/r/popculturechat/comments/1o7t451/the_victorias_secret_fashion_show_2025/,njqb197,t1_njq338t,"I knew her name but not her face. I cannot get over how gawt damn gorgeous she is. Said, “oooh and who is this…”",12,1760581324.0,User_850
1099,https://www.reddit.com/r/popculturechat/comments/1o7t451/the_victorias_secret_fashion_show_2025/,njriyq7,t1_njq338t,I don’t know sports so don’t know about her. But I saw her interviewed on YT and she seems super sweet!,4,1760604099.0,User_851
1100,https://www.reddit.com/r/popculturechat/comments/1o7t451/the_victorias_secret_fashion_show_2025/,njq9e5f,t1_njq338t,People were complaining before the show about her and in like feel how you feel about her but don’t pretend she’s not absolutely stunning,4,1760580691.0,User_672
1101,https://www.reddit.com/r/popculturechat/comments/1o7t451/the_victorias_secret_fashion_show_2025/,njtj16c,t1_njq7w9z,They had a run from about 10 to 20 years ago when it was a rockstar event. They can’t seem to recapture that vibe.,1,1760632199.0,User_811
1102,https://www.reddit.com/r/popculturechat/comments/1o7t451/the_victorias_secret_fashion_show_2025/,njq82om,t1_njq41vi,Brought to you by yassification and BBL,132,1760580198.0,User_76
1103,https://www.reddit.com/r/popculturechat/comments/1o7t451/the_victorias_secret_fashion_show_2025/,njq9aiv,t1_njq41vi,Love her down but dammmn she went crazy with the boob job ,105,1760580652.0,User_117
1104,https://www.reddit.com/r/popculturechat/comments/1o7t451/the_victorias_secret_fashion_show_2025/,njq8sg2,t1_njq41vi,it’s meh :/ they could have done her better,17,1760580462.0,User_115
1105,https://www.reddit.com/r/popculturechat/comments/1o7t451/the_victorias_secret_fashion_show_2025/,njq8xkp,t1_njq41vi,She was sexy but the performance and walk was meh. Gurl didn’t know to walk,24,1760580515.0,User_119
1106,https://www.reddit.com/r/popculturechat/comments/1o7t451/the_victorias_secret_fashion_show_2025/,njr3sbx,t1_njq41vi,She’s near perfect yet when you look at this pic you realize just how distinctly beautiful the OG VS models are.,12,1760594859.0,User_852
1107,https://www.reddit.com/r/popculturechat/comments/1o7t451/the_victorias_secret_fashion_show_2025/,njqtbiw,t1_njq41vi,"She is so stunning, a good fit for VS, but they just did her so dirty",1,1760589269.0,User_183
1108,https://www.reddit.com/r/popculturechat/comments/1o7t451/the_victorias_secret_fashion_show_2025/,njq4fxa,t1_njq3kv0,Her ribcage scares me a bit :$,69,1760578863.0,User_853
1109,https://www.reddit.com/r/popculturechat/comments/1o7t451/the_victorias_secret_fashion_show_2025/,njqf2kr,t1_njq3kv0,"I feel like this is a step backwards- not through any fault of hers, that's just her body, but it somehow jars against the healthier look VS are going for. Idk how to word it without sounding like a judgy bitch 😭",44,1760582917.0,User_854
1110,https://www.reddit.com/r/popculturechat/comments/1o7t451/the_victorias_secret_fashion_show_2025/,njunusx,t1_njt4x8s,Dylan is so lucky!!,1,1760644251.0,User_855
1111,https://www.reddit.com/r/popculturechat/comments/1o7t451/the_victorias_secret_fashion_show_2025/,njrm1v1,t1_njqcqiz,They really were. For everything that is * wrong * about VS. No denying the OG’s with their joyous cheeky super sexy strutting were a vision,4,1760606064.0,User_207
1112,https://www.reddit.com/r/popculturechat/comments/1o7t451/the_victorias_secret_fashion_show_2025/,njqjoyr,t1_njqfetm,https://preview.redd.it/cjqw2ujl6evf1.png?width=634&format=png&auto=webp&s=7dbbb37cf872cc3f4a82a061bca30e066a83dc32,14,1760584827.0,User_66
1113,https://www.reddit.com/r/popculturechat/comments/1o7t451/the_victorias_secret_fashion_show_2025/,nju23j3,t1_njqfetm,Her hair is so pretty,3,1760637723.0,User_856
1114,https://www.reddit.com/r/popculturechat/comments/1o7t451/the_victorias_secret_fashion_show_2025/,njq6rne,t1_njq5qfh,Beautiful! But a swim suit over a bra & panties? What the hell is going on here,81,1760579721.0,User_848
1115,https://www.reddit.com/r/popculturechat/comments/1o7t451/the_victorias_secret_fashion_show_2025/,njq85k2,t1_njq5qfh,She’s gorgeous but wtfffff is this fugly ass fit,45,1760580228.0,User_857
1116,https://www.reddit.com/r/popculturechat/comments/1o7t451/the_victorias_secret_fashion_show_2025/,njq9kgy,t1_njq5qfh,and the tiny little wings </3 she deserved better,22,1760580759.0,User_858
1117,https://www.reddit.com/r/popculturechat/comments/1o7t451/the_victorias_secret_fashion_show_2025/,njqe4kf,t1_njq5qfh,"Am I the only one who didn’t like
Her walk?",7,1760582543.0,User_701
1118,https://www.reddit.com/r/popculturechat/comments/1o7t451/the_victorias_secret_fashion_show_2025/,njqjizw,t1_njq5qfh,"omg that was Quen?!! love that crazy girl (she's like my little sister's age hence the ""girl"") her face card is **LETHAL**",4,1760584757.0,User_596
1119,https://www.reddit.com/r/popculturechat/comments/1o7t451/the_victorias_secret_fashion_show_2025/,njrm1lw,t1_njq5qfh,The walk. The outfit. The maxi pad wings. She deserved so much better 💔,2,1760606059.0,User_859
1120,https://www.reddit.com/r/popculturechat/comments/1o7t451/the_victorias_secret_fashion_show_2025/,njrc8ld,t1_njqve5m,It’s 100% performative. You are correct.,28,1760599854.0,User_707
1121,https://www.reddit.com/r/popculturechat/comments/1o7t451/the_victorias_secret_fashion_show_2025/,njr6pl4,t1_njqve5m,"Yup, just screams damage control for destroying generations of women and their body image - but without any genuity behind it.",24,1760596559.0,User_860
1122,https://www.reddit.com/r/popculturechat/comments/1o7t451/the_victorias_secret_fashion_show_2025/,njrs2r1,t1_njqve5m,"Contrary to what others are saying I also think the diversity in this show is quite tokenistic. In particular with regards to body, size/ shape. There are not many plus sizes or people of different shapes. The plus sized women still have pretty unattainable body dimensions ie massive bust, small waist/ mostly flat stomach, ""thin"" face and large butt/ thighs. 

Some diversity compared to none isn't ground breaking and they shouldn't be applauded for doing the bare minimum when as you say that's likely performative to address the damage they did previously to justify restarting the show. It feels insincere and none of the fashion is inspiring either. Trying to tap into naughties nostalgia/ their glory days but just making it look tacky and unoriginal.",12,1760609656.0,User_861
1123,https://www.reddit.com/r/popculturechat/comments/1o7t451/the_victorias_secret_fashion_show_2025/,njreg2g,t1_njqieet,She’s a WNBA player!,10,1760601240.0,User_862
1124,https://www.reddit.com/r/popculturechat/comments/1o7t451/the_victorias_secret_fashion_show_2025/,njrs0bw,t1_njqieet,WNBA superstar!! Show some support! She’s that girl 🥰😍,7,1760609619.0,User_863
1125,https://www.reddit.com/r/popculturechat/comments/1o7t451/the_victorias_secret_fashion_show_2025/,njqvmfj,t1_njqolw2,She was the best on the runway tonight!,2,1760590429.0,User_758
1126,https://www.reddit.com/r/popculturechat/comments/1o7t451/the_victorias_secret_fashion_show_2025/,njq6uv0,t1_njq4tqc,"Agreed! And no convoluted themes! Just classic glam

PINK on the other hand…. Yikes",4,1760579753.0,User_665
1127,https://www.reddit.com/r/popculturechat/comments/1o7t451/the_victorias_secret_fashion_show_2025/,njqch3u,t1_njq3w2h,"What gets me is the models deserved better outfits. Who put this show together and have they never heard of fittings? The plus/full figure models are in clothes that look overly stretched, digging into the skin and Ill fitting. There’s no reason for this. They’re gorgeous women and it seemed like they were downplayed. 

Did VS just throw them a garbage bag of outfits that day and say “pick one and just be glad we let you in”? 

Edited for a misread of your comment. ",26,1760581887.0,User_727
1128,https://www.reddit.com/r/popculturechat/comments/1o7t451/the_victorias_secret_fashion_show_2025/,njqnog0,t1_njqedb8,I can’t get past her very dramatic chin. Was it always like that??,31,1760586589.0,User_864
1129,https://www.reddit.com/r/popculturechat/comments/1o7t451/the_victorias_secret_fashion_show_2025/,njwk7j2,t1_njqedb8,This is NOT a runway outfit what,2,1760667422.0,User_752
1130,https://www.reddit.com/r/popculturechat/comments/1o7t451/the_victorias_secret_fashion_show_2025/,njtu290,t1_njqedb8,Her walk was awful 😩,1,1760635402.0,User_865
1131,https://www.reddit.com/r/popculturechat/comments/1o7t451/the_victorias_secret_fashion_show_2025/,nk3ytbn,t1_njqedb8,"She's lovely, but the fit is a transphobic hate crime.",1,1760775059.0,User_818
1132,https://www.reddit.com/r/popculturechat/comments/1o7t451/the_victorias_secret_fashion_show_2025/,njq53mi,t1_njq24qz,Idk if it’s her make up or the lighting but she looks so much older than she is.,133,1760579108.0,User_801
1133,https://www.reddit.com/r/popculturechat/comments/1o7t451/the_victorias_secret_fashion_show_2025/,njqb4ib,t1_njq24qz,It’s almost like she lost weight really recently bc this is ill fitted ,22,1760581359.0,User_866
1134,https://www.reddit.com/r/popculturechat/comments/1o7t451/the_victorias_secret_fashion_show_2025/,njtm1oc,t1_njq24qz,They sent her out with this hair and said F it.,3,1760633090.0,User_811
1135,https://www.reddit.com/r/popculturechat/comments/1o7t451/the_victorias_secret_fashion_show_2025/,njr5xc8,t1_njq24qz,I wonder if her and Irina get along,6,1760596096.0,User_867
1136,https://www.reddit.com/r/popculturechat/comments/1o7t451/the_victorias_secret_fashion_show_2025/,njut5ru,t1_njq24qz,I kinda liked her this year (she seemed better on video those photos doesn’t do her justice) but honestly she seemed a bit in the “bravo housewives facelift” category.,2,1760645823.0,User_598
1137,https://www.reddit.com/r/popculturechat/comments/1o7t451/the_victorias_secret_fashion_show_2025/,njsiho5,t1_njqri3c,it has. it needs to be a thing of the past 👋 ,4,1760620935.0,User_868
1138,https://www.reddit.com/r/popculturechat/comments/1o7t451/the_victorias_secret_fashion_show_2025/,njr6zqs,t1_njqblii,The world already has these gals; it needs you too perfectly as you are 🩷,30,1760596724.0,User_799
1139,https://www.reddit.com/r/popculturechat/comments/1o7t451/the_victorias_secret_fashion_show_2025/,njrjnx8,t1_njreryx,yes!!,3,1760604550.0,User_869
1140,https://www.reddit.com/r/popculturechat/comments/1o7t451/the_victorias_secret_fashion_show_2025/,njr38h1,t1_njq3wbv,Lol nope... All a facade,5,1760594546.0,User_870
1141,https://www.reddit.com/r/popculturechat/comments/1o7t451/the_victorias_secret_fashion_show_2025/,njvd3nj,t1_njsoswc,She looks awful and so out of place,1,1760652147.0,User_725
1142,https://www.reddit.com/r/popculturechat/comments/1o7t451/the_victorias_secret_fashion_show_2025/,njr3t6x,t1_njqbthl,"Her treatments were all elective, not necessary. She wasn't being treated in actual hospitals",14,1760594873.0,User_870
1143,https://www.reddit.com/r/popculturechat/comments/1o7t451/the_victorias_secret_fashion_show_2025/,njqo9s1,t1_njqbthl,"A chronic illness is chronic. 

Also- things change every day in an illness. Some days are good, some are bad. Some days you can push through and some you can’t. 

We also can get health updates (even in regular, non famous people) once someone is BETTER versus acutely doing poorly. Photos etc can be old. 

I’m not a fan of her but I’m tired of this narrative that someone is only sick sometimes.",7,1760586856.0,User_788
1144,https://www.reddit.com/r/popculturechat/comments/1o7t451/the_victorias_secret_fashion_show_2025/,njqfnh7,t1_njqbthl,She is seemingly always sick before a big show and miraculously recovers with just enough time to make it to a show.,2,1760583147.0,User_871
1145,https://www.reddit.com/r/popculturechat/comments/1o7t451/the_victorias_secret_fashion_show_2025/,njruw88,t1_njrk00n,"What goof balls. There are def some of that body type represented! Honestly, that includes some of the curvier ladies because every bit of curve is in exactly the right place. They just don’t even knowz",4,1760611210.0,User_872
1146,https://www.reddit.com/r/popculturechat/comments/1o7t451/the_victorias_secret_fashion_show_2025/,njqafn5,t1_njq8ado,She does look good in that blonde,3,1760581091.0,User_76
1147,https://www.reddit.com/r/popculturechat/comments/1o7t451/the_victorias_secret_fashion_show_2025/,njsrcl2,t1_njrliyj,They are there because of who their parents are but having paid on top?!,3,1760623879.0,User_192
1148,https://www.reddit.com/r/popculturechat/comments/1o7t451/the_victorias_secret_fashion_show_2025/,njq2r3b,t1_njq1wp4,![gif](giphy|0Vv0Ne2CnOClIExIuL),57,1760578240.0,User_112
1149,https://www.reddit.com/r/popculturechat/comments/1o7t451/the_victorias_secret_fashion_show_2025/,njq3j2n,t1_njq1wp4,oh,20,1760578527.0,User_848
1150,https://www.reddit.com/r/popculturechat/comments/1o7t451/the_victorias_secret_fashion_show_2025/,njq4j4f,t1_njq1wp4,Oh dear,18,1760578896.0,User_873
1151,https://www.reddit.com/r/popculturechat/comments/1o7t451/the_victorias_secret_fashion_show_2025/,njqbsv9,t1_njq1wp4,![gif](giphy|wFk7roIpDeXC0),14,1760581622.0,User_76
1152,https://www.reddit.com/r/popculturechat/comments/1o7t451/the_victorias_secret_fashion_show_2025/,njq49ox,t1_njq1wp4,They needed to stop at the Hadids when it comes to nepo babies,40,1760578800.0,User_874
1153,https://www.reddit.com/r/popculturechat/comments/1o7t451/the_victorias_secret_fashion_show_2025/,njq1z00,t1_njq1wp4,https://preview.redd.it/pop9bsh5mdvf1.jpeg?width=1639&format=pjpg&auto=webp&s=729f97756c4e591c248145dddfb6f0e6dda6f7b1,6,1760577951.0,User_66
1154,https://www.reddit.com/r/popculturechat/comments/1o7t451/the_victorias_secret_fashion_show_2025/,njrjrso,t1_njrc9py,she is beautiful but the height difference between her and the other models did not help her performance,2,1760604618.0,User_869
1155,https://www.reddit.com/r/popculturechat/comments/1o7t451/the_victorias_secret_fashion_show_2025/,njsyyo5,t1_njrdhg3,she won model of the year lol. i think she’s very pretty 🤷‍♀️,10,1760626220.0,User_875
1156,https://www.reddit.com/r/popculturechat/comments/1o7t451/the_victorias_secret_fashion_show_2025/,njq9j5w,t1_njq8oxe,The show must go on ~,3,1760580744.0,User_876
1157,https://www.reddit.com/r/popculturechat/comments/1o7t451/the_victorias_secret_fashion_show_2025/,njqnh66,t1_njq8oxe,"Sick people still need jobs etc. I understand she doesn’t ever need to work a day in her life financially, but I’m very confused at this comment. A chronic illness is *chronic* and there’s highs and lows.",1,1760586501.0,User_788
1158,https://www.reddit.com/r/popculturechat/comments/1o7t451/the_victorias_secret_fashion_show_2025/,njsrlvn,t1_njqij6l,Why?,1,1760623961.0,User_192
1159,https://www.reddit.com/r/popculturechat/comments/1o7t451/the_victorias_secret_fashion_show_2025/,njr8ulm,t1_njqrv7c,What's gone wrong with Doutzen? What did she do?,2,1760597787.0,User_877
1160,https://www.reddit.com/r/popculturechat/comments/1o7t451/the_victorias_secret_fashion_show_2025/,njsr1mn,t1_njqdjkv,What?!,1,1760623780.0,User_192
1161,https://www.reddit.com/r/popculturechat/comments/1o7t451/the_victorias_secret_fashion_show_2025/,njrjn96,t1_njrgmau,yes i feel like im in the vast minority that loved the show! but that pink section/twice was rough,1,1760604538.0,User_869
1162,https://www.reddit.com/r/popculturechat/comments/1o7t451/the_victorias_secret_fashion_show_2025/,njrauqu,t1_njqzjys,They’re clinging on to all the legacy models because they represent the era when vs was culturally relevant,6,1760598989.0,User_878
1163,https://www.reddit.com/r/popculturechat/comments/1o7t451/the_victorias_secret_fashion_show_2025/,njxfsxd,t1_njtgi32,lol,1,1760681420.0,User_483
1164,https://www.reddit.com/r/popculturechat/comments/1o7t451/the_victorias_secret_fashion_show_2025/,njr02hc,t1_njqy7qs,Not an actual model she is a nepo baby. Iris Law.,4,1760592780.0,User_758
1165,https://www.reddit.com/r/popculturechat/comments/1o7t451/the_victorias_secret_fashion_show_2025/,njrk3b2,t1_njr2mwg,"i thought it was my TV, but there was def something weird going on with the lighting. the models with deeper skin tones actually looked way better on the livestream than these photos…. very odd and not consistent",1,1760604821.0,User_869
1166,https://www.reddit.com/r/popculturechat/comments/1o7t451/the_victorias_secret_fashion_show_2025/,njss26r,t1_njr3b8a,I used to watch lots of fashion tv in the 90s and I am so pleasantly surprised the models don’t look severely underweight anymore! The body that got promoted then (for women only) was so unhealthy.,2,1760624102.0,User_192
1167,https://www.reddit.com/r/popculturechat/comments/1o7t451/the_victorias_secret_fashion_show_2025/,njssdwr,t1_njr8er3,We all know why..,3,1760624206.0,User_192
1168,https://www.reddit.com/r/popculturechat/comments/1o7t451/the_victorias_secret_fashion_show_2025/,njwfiy6,t1_njrinu8,"There were nearly 100 runway looks, and I can only include 20 of them in a post. 

I added the other looks in the comments.",1,1760665763.0,User_66
1169,https://www.reddit.com/r/popculturechat/comments/1o7t451/the_victorias_secret_fashion_show_2025/,njqry4r,t1_njqizhl,"![gif](giphy|aTXHpCN7TSpmE)

THAT'S WHAT IT IS",655,1760588586.0,User_879
1170,https://www.reddit.com/r/popculturechat/comments/1o7t451/the_victorias_secret_fashion_show_2025/,njqy729,t1_njqizhl,"![gif](giphy|xTiN0NOr8JabQstXVK|downsized)

Exactly! lol 😂",214,1760591766.0,User_880
1171,https://www.reddit.com/r/popculturechat/comments/1o7t451/the_victorias_secret_fashion_show_2025/,njqwekl,t1_njqizhl,"OMG that is exactly it!

Ya I don’t know if I’m just now behind the fashion trends in my thirties, but I felt like quite a few of these missed the mark. I remember watching the fashion shows some ten years ago and drooling over the artistry and decadence of every outfit. Now? Not so much.",22,1760590827.0,User_881
1172,https://www.reddit.com/r/popculturechat/comments/1o7t451/the_victorias_secret_fashion_show_2025/,njqrloa,t1_njqizhl,im dying hahahaha,3,1760588418.0,User_882
1173,https://www.reddit.com/r/popculturechat/comments/1o7t451/the_victorias_secret_fashion_show_2025/,njt53vh,t1_njqizhl,Literally my thought when I saw it lol,1,1760628069.0,User_883
1174,https://www.reddit.com/r/popculturechat/comments/1o7t451/the_victorias_secret_fashion_show_2025/,njtkx9j,t1_njqizhl,and swimsuits!,1,1760632757.0,User_884
1175,https://www.reddit.com/r/popculturechat/comments/1o7t451/the_victorias_secret_fashion_show_2025/,njs3jez,t1_njqnia2,she’s an influencer,60,1760615262.0,user_deleted
1176,https://www.reddit.com/r/popculturechat/comments/1o7t451/the_victorias_secret_fashion_show_2025/,njviq2g,t1_njqnia2,"Tbf, after seeing the show where the models were wearing hair suits and whatnot, it seems like not pinning your hopes on the clothes looking good is a big part of being a model in general. You just gotta wear what’s given. Whether it looks trash or not is the designer and stylists job to worry about. I do wish VS didn’t seem like they feel the need to cover up their plus size models tho.",7,1760654098.0,User_548
1177,https://www.reddit.com/r/popculturechat/comments/1o7t451/the_victorias_secret_fashion_show_2025/,njro4wc,t1_njracup,"This makes me so mad as a plus size woman with a large chest. VS sells bras and they couldn’t make one to fit her perfectly? It’s ridiculous. She is gorgeous and this set does her no justice. 

Some of the super lean models also have bras that don’t fit their breasts properly. Victoria’s Secret, you had one job. Make lingerie that fits. Come on now.",787,1760607358.0,User_653
1178,https://www.reddit.com/r/popculturechat/comments/1o7t451/the_victorias_secret_fashion_show_2025/,njrqwwf,t1_njracup,genuinely looks like something off temu,25,1760608996.0,User_780
1179,https://www.reddit.com/r/popculturechat/comments/1o7t451/the_victorias_secret_fashion_show_2025/,njs70bm,t1_njracup,It’s sooo bad and just not even remotely sexy. They keep trying to make this trend of exposed lingerie on top of lingerie happen in fashion lately and I’m not sure why because I don’t think anybody wants that.,21,1760616699.0,User_885
1180,https://www.reddit.com/r/popculturechat/comments/1o7t451/the_victorias_secret_fashion_show_2025/,nju0ur1,t1_njracup,"They could have made her fabulous, they failed. She should be glowing.",6,1760637358.0,User_710
1181,https://www.reddit.com/r/popculturechat/comments/1o7t451/the_victorias_secret_fashion_show_2025/,njrpk7h,t1_njqoioj,I feel like the last pic is pretty bad. Looks like her entire outfit was assembled with items off the VS clearance rack in 2004,83,1760608213.0,User_886
1182,https://www.reddit.com/r/popculturechat/comments/1o7t451/the_victorias_secret_fashion_show_2025/,njrtvsd,t1_njr0nkf,Which makes zero sense to me! Just layer her with a coverup or something?? Or at least give her garments that are nude and meant to be layered. This is so strange to me.,34,1760610667.0,User_887
1183,https://www.reddit.com/r/popculturechat/comments/1o7t451/the_victorias_secret_fashion_show_2025/,njroaq4,t1_njrkwcd,"The double layer panties and bras is just an odd look. It looks unpolished. *She* looks absolutely stunning. The outfit is not doing her justice. And it’s not just her outfit, there are several others with this black underpanty thing.",6,1760607457.0,User_653
1184,https://www.reddit.com/r/popculturechat/comments/1o7t451/the_victorias_secret_fashion_show_2025/,njqb6px,t1_njqaqpu,I predict they go out of business within 5 years. It just ain’t it anymore.,501,1760581383.0,User_76
1185,https://www.reddit.com/r/popculturechat/comments/1o7t451/the_victorias_secret_fashion_show_2025/,njqzm3f,t1_njqaqpu,"Why do several of these Angels look like they’re wearing black jock straps layered under their panties? Like, what?",25,1760592530.0,User_888
1186,https://www.reddit.com/r/popculturechat/comments/1o7t451/the_victorias_secret_fashion_show_2025/,njsnuwk,t1_njqaqpu,I miss when they sold regular clothing besides loungewear. I remember it was decent quality for the price.,9,1760622746.0,User_889
1187,https://www.reddit.com/r/popculturechat/comments/1o7t451/the_victorias_secret_fashion_show_2025/,njsmt80,t1_njqaqpu,None of it feels like 2025. I still see VS and think 2008.,7,1760622400.0,User_890
1188,https://www.reddit.com/r/popculturechat/comments/1o7t451/the_victorias_secret_fashion_show_2025/,njtezfu,t1_njqaqpu,"For me, they are flopping because the quality of their fabrics has gone downhill. The panties are so thin and cheap feeling nowadays. The designs are pretty blah too compared to what they used to be.",5,1760630995.0,User_891
1189,https://www.reddit.com/r/popculturechat/comments/1o7t451/the_victorias_secret_fashion_show_2025/,njqgu6y,t1_njqaqpu,"thank you! it’s just not hitting this moment at all. they needed to pivot to something. the women are all gorgeous, not their fault, but the designs are just not it.",8,1760583631.0,User_892
1190,https://www.reddit.com/r/popculturechat/comments/1o7t451/the_victorias_secret_fashion_show_2025/,njqoz89,t1_njqaqpu,"They've been worse than this in the past, for quite a while actually. Not just ""meh"" more like wtf",4,1760587178.0,User_533
1191,https://www.reddit.com/r/popculturechat/comments/1o7t451/the_victorias_secret_fashion_show_2025/,njtebzm,t1_njqaqpu,The first image is so iconic It makes up for the flops,3,1760630800.0,User_343
1192,https://www.reddit.com/r/popculturechat/comments/1o7t451/the_victorias_secret_fashion_show_2025/,njtceq2,t1_njqaqpu,it's giving local mall fashion show,2,1760630232.0,User_893
1193,https://www.reddit.com/r/popculturechat/comments/1o7t451/the_victorias_secret_fashion_show_2025/,njtfc3q,t1_njqaqpu,Like nothing memorable here at all.,2,1760631100.0,User_894
1194,https://www.reddit.com/r/popculturechat/comments/1o7t451/the_victorias_secret_fashion_show_2025/,njw8t41,t1_njqaqpu,Yeah the models look great but the outfits are trash,2,1760663426.0,User_895
1195,https://www.reddit.com/r/popculturechat/comments/1o7t451/the_victorias_secret_fashion_show_2025/,njtb4bb,t1_njqaqpu,"Everyone commenting about the outfits, but the hair and makeup is horrid. Maybe it was bad lighting? They made them all look old.",1,1760629852.0,User_811
1196,https://www.reddit.com/r/popculturechat/comments/1o7t451/the_victorias_secret_fashion_show_2025/,njtvnoz,t1_njqaqpu,I am so underwhelmed by them. It all looks so cheap and Ill fitting.,1,1760635867.0,User_896
1197,https://www.reddit.com/r/popculturechat/comments/1o7t451/the_victorias_secret_fashion_show_2025/,njw8h6r,t1_njqaqpu,They really shouldn’t’ve come back,1,1760663308.0,User_897
1198,https://www.reddit.com/r/popculturechat/comments/1o7t451/the_victorias_secret_fashion_show_2025/,njqp2wk,t1_njqaqpu,Except for jasmine best wings and outfit by far . But seriously the performances suggested they do not have the budget this year,1,1760587225.0,User_898
1199,https://www.reddit.com/r/popculturechat/comments/1o7t451/the_victorias_secret_fashion_show_2025/,njua5ll,t1_njq7lze,"I thought that was the point, it makes her look a bit like shes laying in a bed. I feel like with the arms uncovered it could have been a cute idea.",4,1760640142.0,User_899
1200,https://www.reddit.com/r/popculturechat/comments/1o7t451/the_victorias_secret_fashion_show_2025/,nju1ek2,t1_njq7lze,Yess!!!,1,1760637518.0,User_900
1201,https://www.reddit.com/r/popculturechat/comments/1o7t451/the_victorias_secret_fashion_show_2025/,njq8ec5,t1_njq7dlx,![gif](giphy|e0RCY5bDoHkQAcmCrx|downsized),7,1760580317.0,User_901
1202,https://www.reddit.com/r/popculturechat/comments/1o7t451/the_victorias_secret_fashion_show_2025/,njqecxi,t1_njq7dlx,They remind me of those tombstone angels. But like a prop tombstone from Spirit Halloween.,6,1760582635.0,User_902
1203,https://www.reddit.com/r/popculturechat/comments/1o7t451/the_victorias_secret_fashion_show_2025/,njq520a,t1_njq329s,"Sorta, but they did her dirty this year.

https://preview.redd.it/cz8w9vkjpdvf1.jpeg?width=960&format=pjpg&auto=webp&s=bddf614339cf835e82b9eb4557105d05f013c969",33,1760579092.0,User_77
1204,https://www.reddit.com/r/popculturechat/comments/1o7t451/the_victorias_secret_fashion_show_2025/,njqcb32,t1_njq329s,"They look like same from last year

https://preview.redd.it/ui1pg7yoxdvf1.jpeg?width=1200&format=pjpg&auto=webp&s=da7e4cfe53f475cbf858a3abbe9c068149402e5d",1,1760581821.0,User_903
1205,https://www.reddit.com/r/popculturechat/comments/1o7t451/the_victorias_secret_fashion_show_2025/,njqgvn9,t1_njq7cs0,that's like half her body weight. and she's on heels too. fire the designer,1237,1760583648.0,User_904
1206,https://www.reddit.com/r/popculturechat/comments/1o7t451/the_victorias_secret_fashion_show_2025/,njrnz2a,t1_njq7cs0,Fire the designer and you could save 50 pounds per person,24,1760607259.0,User_905
1207,https://www.reddit.com/r/popculturechat/comments/1o7t451/the_victorias_secret_fashion_show_2025/,njs5hx5,t1_njq7cs0,First thing I noticed was that they didn’t use any feathers in the wings and headdresses this year. Everything was faux pampas grass and fabric. At that size it weighs SOO much more than feathers would,17,1760616083.0,User_906
1208,https://www.reddit.com/r/popculturechat/comments/1o7t451/the_victorias_secret_fashion_show_2025/,njqtojq,t1_njq7cs0,Oh wow. I was thinking it was her shoes causing her to be so wobbly. Combination of things I’m sure.,12,1760589450.0,User_907
1209,https://www.reddit.com/r/popculturechat/comments/1o7t451/the_victorias_secret_fashion_show_2025/,njuilkp,t1_njq7cs0,60 lbs! ,2,1760642672.0,User_908
1210,https://www.reddit.com/r/popculturechat/comments/1o7t451/the_victorias_secret_fashion_show_2025/,njx10s9,t1_njq7cs0,I read this as “wigs” and was so confused 😂,1,1760673928.0,User_909
1211,https://www.reddit.com/r/popculturechat/comments/1o7t451/the_victorias_secret_fashion_show_2025/,njr8sga,t1_njql087,Bella’s second walk. The first one is pictured in this post.,183,1760597752.0,User_910
1212,https://www.reddit.com/r/popculturechat/comments/1o7t451/the_victorias_secret_fashion_show_2025/,njqmp3o,t1_njq3j8d,everyone was giving dead eyed “don’t wanna be here” in the original photos on this post. I was wondering if the photo editor was shady but were the floor and costumes really that awful?!,192,1760586154.0,User_911
1213,https://www.reddit.com/r/popculturechat/comments/1o7t451/the_victorias_secret_fashion_show_2025/,njqypi0,t1_njq3j8d,I think the models were weary because last year the floor actually broke,1,1760592041.0,User_912
1214,https://www.reddit.com/r/popculturechat/comments/1o7t451/the_victorias_secret_fashion_show_2025/,njq30z9,t1_njq20iz,Wings were really heavy she was leaning,148,1760578340.0,User_903
1215,https://www.reddit.com/r/popculturechat/comments/1o7t451/the_victorias_secret_fashion_show_2025/,njqn4a5,t1_njq6a3c,"She has Lyme disease which I think is chronic…idk for sure.

Edit she does in fact have Lyme disease and it is chronic.",-11,1760586341.0,User_913
1216,https://www.reddit.com/r/popculturechat/comments/1o7t451/the_victorias_secret_fashion_show_2025/,njq7fxs,t1_njq5lr9,"She said on Instagram that the wings were 50 pounds, I’m sure that + the recent health problems contributed to her looking shaky",43,1760579967.0,User_567
1217,https://www.reddit.com/r/popculturechat/comments/1o7t451/the_victorias_secret_fashion_show_2025/,njq9qjw,t1_njq5lr9,She had some experimental pseudoscientific blood procedure for suspected Lyme disease. ‘‘Twas sus but I don’t know the ins and outs of any other health problems.,48,1760580823.0,User_76
1218,https://www.reddit.com/r/popculturechat/comments/1o7t451/the_victorias_secret_fashion_show_2025/,nju9p34,t1_njqx3kw,"also 4th and 12th girls for me, gorgeous!",3,1760640003.0,User_914
1219,https://www.reddit.com/r/popculturechat/comments/1o7t451/the_victorias_secret_fashion_show_2025/,njuhzac,t1_njqjip2,Wow those wings are really cool,8,1760642487.0,User_915
1220,https://www.reddit.com/r/popculturechat/comments/1o7t451/the_victorias_secret_fashion_show_2025/,njv0dbt,t1_njqjip2,"She looks beautiful and perfect here, but when I watched, I saw the awkwardness out of her while she was walking.. It looked like she's uncomfortable 😕",6,1760647999.0,User_916
1221,https://www.reddit.com/r/popculturechat/comments/1o7t451/the_victorias_secret_fashion_show_2025/,njv1hkt,t1_njurqab,I think she is the most unpopular longterm angel.,4,1760648344.0,User_758
1222,https://www.reddit.com/r/popculturechat/comments/1o7t451/the_victorias_secret_fashion_show_2025/,njq2ltt,t1_njq2el2,I should exercise more.,1319,1760578185.0,User_917
1223,https://www.reddit.com/r/popculturechat/comments/1o7t451/the_victorias_secret_fashion_show_2025/,njq61n0,t1_njq2el2,I literally wowed out loud when she started walking. I'm so glad they did her hair justice this time,116,1760579457.0,User_568
1224,https://www.reddit.com/r/popculturechat/comments/1o7t451/the_victorias_secret_fashion_show_2025/,njq5ko0,t1_njq2el2,The goat,72,1760579283.0,User_68
1225,https://www.reddit.com/r/popculturechat/comments/1o7t451/the_victorias_secret_fashion_show_2025/,njr19xp,t1_njq2el2,She has really powerful legs and probably the best proportions from the overall haul of models. OP’s pic above was the only one I stopped at and said “woah”,20,1760593451.0,User_918
1226,https://www.reddit.com/r/popculturechat/comments/1o7t451/the_victorias_secret_fashion_show_2025/,njqc8yw,t1_njq2el2,one of my favourite models she's perfection 😭,8,1760581798.0,User_919
1227,https://www.reddit.com/r/popculturechat/comments/1o7t451/the_victorias_secret_fashion_show_2025/,njsk7h2,t1_njq2el2,![gif](giphy|WJ4smRmyBjmAsUtU7M|downsized),3,1760621525.0,User_920
1228,https://www.reddit.com/r/popculturechat/comments/1o7t451/the_victorias_secret_fashion_show_2025/,njq5nay,t1_njq2el2,😭🥵,5,1760579309.0,User_921
1229,https://www.reddit.com/r/popculturechat/comments/1o7t451/the_victorias_secret_fashion_show_2025/,njtvqjm,t1_njq2el2,the rest was mostly a snooze for me but she looks amazing,2,1760635890.0,User_922
1230,https://www.reddit.com/r/popculturechat/comments/1o7t451/the_victorias_secret_fashion_show_2025/,njvzi4m,t1_njq2el2,Emma Frost,2,1760660116.0,User_923
1231,https://www.reddit.com/r/popculturechat/comments/1o7t451/the_victorias_secret_fashion_show_2025/,njqe5nf,t1_njq2el2,I need a time machine and money for plastic surgery and a wealthyhealthy lifestyle,2,1760582555.0,User_924
1232,https://www.reddit.com/r/popculturechat/comments/1o7t451/the_victorias_secret_fashion_show_2025/,njrof8o,t1_njq2el2,"The bra looks a bit painful, like it's putting one boob on top of the other in the middle or something?",1,1760607532.0,User_925
1233,https://www.reddit.com/r/popculturechat/comments/1o7t451/the_victorias_secret_fashion_show_2025/,njsqoq1,t1_njq2el2,holy smokes fireeee,1,1760623665.0,User_926
1234,https://www.reddit.com/r/popculturechat/comments/1o7t451/the_victorias_secret_fashion_show_2025/,nju3b1t,t1_njq2el2,She's such a stunner,1,1760638085.0,User_629
1235,https://www.reddit.com/r/popculturechat/comments/1o7t451/the_victorias_secret_fashion_show_2025/,njuo0am,t1_njq2el2,I do appreciate that she's clearly muscular/fit. That is not something you would have seen in the early 2000s.,1,1760644296.0,user_deleted
1236,https://www.reddit.com/r/popculturechat/comments/1o7t451/the_victorias_secret_fashion_show_2025/,njvd52j,t1_njq2el2,"Candice vs Miranda Kerr in her heyday

Miranda!",1,1760652160.0,User_927
1237,https://www.reddit.com/r/popculturechat/comments/1o7t451/the_victorias_secret_fashion_show_2025/,njyqdj2,t1_njq2el2,"I consider myself like, 95% straight but holy hell, I am Gay",1,1760705672.0,User_928
1238,https://www.reddit.com/r/popculturechat/comments/1o7t451/the_victorias_secret_fashion_show_2025/,njrodwf,t1_njq2el2,This bra also doesn’t fit! wtf.,1,1760607510.0,User_653
1239,https://www.reddit.com/r/popculturechat/comments/1o7t451/the_victorias_secret_fashion_show_2025/,njqag01,t1_njq6m62,She's kinda looking like Paris Hilton..,146,1760581095.0,User_929
1240,https://www.reddit.com/r/popculturechat/comments/1o7t451/the_victorias_secret_fashion_show_2025/,njqcdk0,t1_njq6m62,![gif](giphy|dMQx7LDBl9OzO0q1z3),16,1760581848.0,User_919
1241,https://www.reddit.com/r/popculturechat/comments/1o7t451/the_victorias_secret_fashion_show_2025/,njqr6zu,t1_njq6m62,Isabella Rossellini in Death Becomes Her vibes,9,1760588222.0,User_930
1242,https://www.reddit.com/r/popculturechat/comments/1o7t451/the_victorias_secret_fashion_show_2025/,njstwwb,t1_njq6m62,that's mother,3,1760624688.0,User_331
1243,https://www.reddit.com/r/popculturechat/comments/1o7t451/the_victorias_secret_fashion_show_2025/,njtkaoa,t1_njq6m62,She is one of the most beautiful and classy women to exist. Love her so much.,3,1760632573.0,User_931
1244,https://www.reddit.com/r/popculturechat/comments/1o7t451/the_victorias_secret_fashion_show_2025/,njtcjut,t1_njq6m62,Yeeeees,1,1760630273.0,user_deleted
1245,https://www.reddit.com/r/popculturechat/comments/1o7t451/the_victorias_secret_fashion_show_2025/,nk1qxsj,t1_njq6m62,I'm SO glad they didn't put her hair in that very tight slick back ponytail they had her in last VS show. This hair is perfect,1,1760739478.0,User_932
1246,https://www.reddit.com/r/popculturechat/comments/1o7t451/the_victorias_secret_fashion_show_2025/,nk4m4ij,t1_njq6m62,Younger Kate Hudson,1,1760788757.0,User_933
1247,https://www.reddit.com/r/popculturechat/comments/1o7t451/the_victorias_secret_fashion_show_2025/,njrkvb2,t1_njrje9g,"I get that regular fashion shows require that kind of look/vibe, but that’s never been the case for VS. Angels have always been encouraged to be flirty and fun and friendly and are responsible for keeping up the party vibe. Did no one talk to these girls ahead of time?",156,1760605314.0,User_934
1248,https://www.reddit.com/r/popculturechat/comments/1o7t451/the_victorias_secret_fashion_show_2025/,njtmfrf,t1_njrje9g,In years past people do usually look like they’re having fun,5,1760633204.0,User_935
1249,https://www.reddit.com/r/popculturechat/comments/1o7t451/the_victorias_secret_fashion_show_2025/,njrok2w,t1_njqu7w2,yeah I don't know who I'm more jealous of 😭,18,1760607614.0,User_925
1250,https://www.reddit.com/r/popculturechat/comments/1o7t451/the_victorias_secret_fashion_show_2025/,njrom4j,t1_njr3kzz,may she step on me (respectfully),171,1760607648.0,User_925
1251,https://www.reddit.com/r/popculturechat/comments/1o7t451/the_victorias_secret_fashion_show_2025/,njukwwi,t1_njr3kzz,Is the plus size in the room with us? What a dream figure. Cute as a button too.,41,1760643372.0,User_936
1252,https://www.reddit.com/r/popculturechat/comments/1o7t451/the_victorias_secret_fashion_show_2025/,njtgb9b,t1_njr3kzz,She’s so cute!!!,13,1760631390.0,User_937
1253,https://www.reddit.com/r/popculturechat/comments/1o7t451/the_victorias_secret_fashion_show_2025/,njvfm5q,t1_njr3kzz,Um she’s HEALTHY. She looks amazing,8,1760653018.0,User_627
1254,https://www.reddit.com/r/popculturechat/comments/1o7t451/the_victorias_secret_fashion_show_2025/,njtdob8,t1_njr3kzz,It was amazing at that time to see a girl walk with a little thigh meat.,3,1760630605.0,User_811
1255,https://www.reddit.com/r/popculturechat/comments/1o7t451/the_victorias_secret_fashion_show_2025/,njrbjxg,t1_njr0cn1,"They really did. I didn’t know it was Iris Law, I thought it was one of the Alex/Alix girls and it was an influencer spot.",127,1760599426.0,User_938
1256,https://www.reddit.com/r/popculturechat/comments/1o7t451/the_victorias_secret_fashion_show_2025/,nju9yn6,t1_njr0cn1,i didn’t know who iris was & was thinking she didn’t fit in,13,1760640084.0,User_366
1257,https://www.reddit.com/r/popculturechat/comments/1o7t451/the_victorias_secret_fashion_show_2025/,njsibk2,t1_njr0cn1,Idk who those 2 look like but I looked up who they were and it turns out they were the exact 2 models who I thought were a strange choice for the show while I was looking through pics in this post…,7,1760620877.0,User_939
1258,https://www.reddit.com/r/popculturechat/comments/1o7t451/the_victorias_secret_fashion_show_2025/,njvpllm,t1_njr0cn1,Wait Lila Moss was in this? Oh.,5,1760656553.0,User_940
1259,https://www.reddit.com/r/popculturechat/comments/1o7t451/the_victorias_secret_fashion_show_2025/,njrnbv4,t1_njr0cn1,At least Kate Moss wasn’t there this year - she did not fit in last year,8,1760606865.0,User_309
1260,https://www.reddit.com/r/popculturechat/comments/1o7t451/the_victorias_secret_fashion_show_2025/,njvapi4,t1_njq8iqf,It is inherently bad. Those industries should be separate. Other models trying to make it big deserved those spots. Celebrities already have their separate careers so they shouldn’t take over the modelling industry,9,1760651335.0,User_725
1261,https://www.reddit.com/r/popculturechat/comments/1o7t451/the_victorias_secret_fashion_show_2025/,njqni01,t1_njqkwwb,Maybe that's why she was given that silly hat that sticks 4 inches off her head 😅,286,1760586511.0,User_941
1262,https://www.reddit.com/r/popculturechat/comments/1o7t451/the_victorias_secret_fashion_show_2025/,njrbzhf,t1_njqkwwb,"I had no idea who she was but googled her bc I was curious if she was as short as she looked in the photo. As soon as I saw she was Jude Laws daughter I was like “ah I see” and yeah, she’s exactly my height, 5’4.5. Like wut.",116,1760599696.0,User_942
1263,https://www.reddit.com/r/popculturechat/comments/1o7t451/the_victorias_secret_fashion_show_2025/,njrrkct,t1_njqkwwb,Idk as a short girlie I kinda like the representation. I know my legs are short 😭,45,1760609370.0,User_541
1264,https://www.reddit.com/r/popculturechat/comments/1o7t451/the_victorias_secret_fashion_show_2025/,njwczno,t1_njqkwwb,"Honestly is not just about height but body proportions. 

Miley Cyrus is the same height as her and Miley looked amazing at the Marc Jacobs show.",8,1760664890.0,User_943
1265,https://www.reddit.com/r/popculturechat/comments/1o7t451/the_victorias_secret_fashion_show_2025/,njr8yol,t1_njqkwwb,"I never understood why short people can’t “model”. Short people exist, short models should too.",97,1760597853.0,User_910
1266,https://www.reddit.com/r/popculturechat/comments/1o7t451/the_victorias_secret_fashion_show_2025/,njwtew3,t1_njqkwwb,doesn’t help they dressed her that way,5,1760670807.0,User_944
1267,https://www.reddit.com/r/popculturechat/comments/1o7t451/the_victorias_secret_fashion_show_2025/,njrgkph,t1_njqkwwb,I dunno - I like the diversity of bodies in the show! And she looks amazing and definitely appeals to an audience segment VS has ignored for too long.,17,1760602578.0,User_637
1268,https://www.reddit.com/r/popculturechat/comments/1o7t451/the_victorias_secret_fashion_show_2025/,njrqkjy,t1_njqkwwb,"🙄 Devin Aoki is the same height as the girl in the last picture. The ""no hate to shorter folks"" part of your comment was not needed.",17,1760608800.0,User_945
1269,https://www.reddit.com/r/popculturechat/comments/1o7t451/the_victorias_secret_fashion_show_2025/,nju1ou8,t1_njqkwwb,Is that the one at the end?? She looks like a child,4,1760637602.0,User_900
1270,https://www.reddit.com/r/popculturechat/comments/1o7t451/the_victorias_secret_fashion_show_2025/,njqrx6l,t1_njqkwwb,"I did like her energy though, but the height definitely stuck out",5,1760588572.0,User_183
1271,https://www.reddit.com/r/popculturechat/comments/1o7t451/the_victorias_secret_fashion_show_2025/,njrhlr1,t1_njqpdoo,It feels budget ,20,1760603222.0,User_851
1272,https://www.reddit.com/r/popculturechat/comments/1o7t451/the_victorias_secret_fashion_show_2025/,njr8dkg,t1_njqpdoo,FRR sorry they’re privileged as fuck and don’t belong as runway models. Like leave that for the hot tall girls,4,1760597517.0,User_946
1273,https://www.reddit.com/r/popculturechat/comments/1o7t451/the_victorias_secret_fashion_show_2025/,njtz1kd,t1_njrgqqt,"the short women are the nepos and influencers, everyone else is a model",2,1760636837.0,User_947
1274,https://www.reddit.com/r/popculturechat/comments/1o7t451/the_victorias_secret_fashion_show_2025/,njqe32z,t1_njqdn5x,"Two pairs of panties and still not 100% labia coverage.

But I'm so happy with the wings this time around.",565,1760582526.0,User_902
1275,https://www.reddit.com/r/popculturechat/comments/1o7t451/the_victorias_secret_fashion_show_2025/,njqpuib,t1_njqf1so,There’s a painting of her in an attic somewhere aging.,206,1760587586.0,User_948
1276,https://www.reddit.com/r/popculturechat/comments/1o7t451/the_victorias_secret_fashion_show_2025/,njw4qje,t1_njqf1so,right like she looks 2-3 years older than her original vs shows i can’t,3,1760661998.0,User_949
1277,https://www.reddit.com/r/popculturechat/comments/1o7t451/the_victorias_secret_fashion_show_2025/,nk1rd69,t1_njqf1so,Her strong jawline/bone structure helps significantly,1,1760739631.0,User_932
1278,https://www.reddit.com/r/popculturechat/comments/1o7t451/the_victorias_secret_fashion_show_2025/,njr40ju,t1_njqp2rb,"Yeah, several of these look quite uncomfortable even on their famous long-term models whom they should have perfect measurements of.  Even if not they *are* the sample size so they should not look this painful! 

Also, a lot of it looks like straight up cheap 2000s-2010s department store catalogue stuff. 

*",154,1760594988.0,User_731
1279,https://www.reddit.com/r/popculturechat/comments/1o7t451/the_victorias_secret_fashion_show_2025/,njrv21j,t1_njqp2rb,I noticed that almost right away. It should be hugely embarrassing for the designers that they let her walk with the “top” fitting that way.,12,1760611295.0,User_553
1280,https://www.reddit.com/r/popculturechat/comments/1o7t451/the_victorias_secret_fashion_show_2025/,njtiexe,t1_njqaqa7,About a decade ago I saw her on the beach in Rio and she is the single most physically attractive person I've ever seen. The fact that she still looks like this defies logic.,1,1760632015.0,User_950
1281,https://www.reddit.com/r/popculturechat/comments/1o7t451/the_victorias_secret_fashion_show_2025/,njttj5l,t1_njqaqa7,Stunning. She hasn’t aged in my entire life. ✨,1,1760635250.0,User_951
1282,https://www.reddit.com/r/popculturechat/comments/1o7t451/the_victorias_secret_fashion_show_2025/,njrwzyz,t1_njq81zo,"WOAH LORDY

(respectfully)",8,1760612262.0,User_952
1283,https://www.reddit.com/r/popculturechat/comments/1o7t451/the_victorias_secret_fashion_show_2025/,njxgxuo,t1_njqszh0,Maybe she snapped back with the help of a postpartum physical therapist.,-1,1760682052.0,User_953
1284,https://www.reddit.com/r/popculturechat/comments/1o7t451/the_victorias_secret_fashion_show_2025/,njua9ho,t1_njr34oj,for days 💅✨️,2,1760640174.0,User_914
1285,https://www.reddit.com/r/popculturechat/comments/1o7t451/the_victorias_secret_fashion_show_2025/,njrqgf2,t1_njqjhxw,I was so obsessed with this album. Back in the day when it was easy getting tickers to see her live too.,15,1760608733.0,User_538
1286,https://www.reddit.com/r/popculturechat/comments/1o7t451/the_victorias_secret_fashion_show_2025/,njqjugb,t1_njqjhxw,Also how is Anok real my god she is beyond gorgeous,17,1760584893.0,User_661
1287,https://www.reddit.com/r/popculturechat/comments/1o7t451/the_victorias_secret_fashion_show_2025/,njr740t,t1_njqjhxw,Little baby icon 🥹,6,1760596793.0,User_954
1288,https://www.reddit.com/r/popculturechat/comments/1o7t451/the_victorias_secret_fashion_show_2025/,njqaje0,t1_njq483s,ethereal. She’s so beautiful it hurts 😫,101,1760581132.0,user_deleted
1289,https://www.reddit.com/r/popculturechat/comments/1o7t451/the_victorias_secret_fashion_show_2025/,njqonkf,t1_njq483s,Perfect complexion,9,1760587030.0,User_533
1290,https://www.reddit.com/r/popculturechat/comments/1o7t451/the_victorias_secret_fashion_show_2025/,njqf5wh,t1_njq483s,"I hadn't heard of her, just googled, how is she even real!? Her eyes are insane!",11,1760582953.0,User_668
1291,https://www.reddit.com/r/popculturechat/comments/1o7t451/the_victorias_secret_fashion_show_2025/,njqgdvp,t1_njq5qil,This is pretty common for fashion shows.Many years ago on ANTM Tyra said she wore a size 7 shoe for the VS show and she’s usually a 9.5 - they just don’t/can’t have that many shoes backstage - the models have to change fast and keeping them all similar sizes makes it easier to make quick adjustments to the outfits as needed which sometimes means putting on a totally different pair of shoes than originally styled/rehearsed 20 seconds before you walk,147,1760583445.0,User_955
1292,https://www.reddit.com/r/popculturechat/comments/1o7t451/the_victorias_secret_fashion_show_2025/,njqj3np,t1_njqbid0,"Dior Jadore 😂 

ps obsessed with the Jadore L'or scent and the bottle looks exactly like her outfit lol",7,1760584574.0,User_596
1293,https://www.reddit.com/r/popculturechat/comments/1o7t451/the_victorias_secret_fashion_show_2025/,njucq8v,t1_njqbid0,"Saving this comment because I work at Macys in the beauty department and I'm really good friends withthe Dior Counter Manager and her co worker who wanted to quit after working at The Chanel Counter( mostly due to Macys not Chanel) but The CM was like, Nah.",1,1760640910.0,User_956
1294,https://www.reddit.com/r/popculturechat/comments/1o7t451/the_victorias_secret_fashion_show_2025/,njtugjv,t1_njt1igr,She's like Hermes.,7,1760635517.0,User_957
1295,https://www.reddit.com/r/popculturechat/comments/1o7t451/the_victorias_secret_fashion_show_2025/,njsizrn,t1_njq969w,"Fr, they did so many amazing models dirty with the arm stuff this year",13,1760621108.0,User_706
1296,https://www.reddit.com/r/popculturechat/comments/1o7t451/the_victorias_secret_fashion_show_2025/,njsw6j4,t1_njq969w,Omg I thought she was holding pompoms 😭,1,1760625383.0,User_958
1297,https://www.reddit.com/r/popculturechat/comments/1o7t451/the_victorias_secret_fashion_show_2025/,njvm0wb,t1_njqivtx,Seriously takes me back to college 2007 - I think I had this exact outfit and I rocked it hahaha,6,1760655281.0,User_959
1298,https://www.reddit.com/r/popculturechat/comments/1o7t451/the_victorias_secret_fashion_show_2025/,njwbagc,t1_njqivtx,I had one of those sequin hoodies and I wish I still had it 😭,2,1760664292.0,User_960
1299,https://www.reddit.com/r/popculturechat/comments/1o7t451/the_victorias_secret_fashion_show_2025/,njr2ua8,t1_njqlms1,SAME,7,1760594324.0,User_961
1300,https://www.reddit.com/r/popculturechat/comments/1o7t451/the_victorias_secret_fashion_show_2025/,njtnxjg,t1_njqlms1,"If you find out where to get one, please share !",3,1760633636.0,User_749
1301,https://www.reddit.com/r/popculturechat/comments/1o7t451/the_victorias_secret_fashion_show_2025/,njtcawn,t1_njsiwjf,Falsetto rat 💀,114,1760630200.0,User_795
1302,https://www.reddit.com/r/popculturechat/comments/1o7t451/the_victorias_secret_fashion_show_2025/,njv6df3,t1_njsiwjf,I may need to see the booty 🤮😂,7,1760649911.0,User_598
1303,https://www.reddit.com/r/popculturechat/comments/1o7t451/the_victorias_secret_fashion_show_2025/,njsyapb,t1_njrbted,I was just admiring how muscular her abs are. ,18,1760626019.0,User_962
1304,https://www.reddit.com/r/popculturechat/comments/1o7t451/the_victorias_secret_fashion_show_2025/,njqzwsq,t1_njqd7w3,And this is the woman that runt Adam Levine cheated on jfc,586,1760592693.0,User_963
1305,https://www.reddit.com/r/popculturechat/comments/1o7t451/the_victorias_secret_fashion_show_2025/,njt9ppz,t1_njs9t7e,What’s crazy is 15 years later these models still look as good as back then!!,7,1760629441.0,User_964
1306,https://www.reddit.com/r/popculturechat/comments/1o7t451/the_victorias_secret_fashion_show_2025/,njyej8k,t1_njs9t7e,"I think it’s intentional for nostalgia. The original VS models are iconic and have fan bases and VS overall has been struggling so they need to do everything they can to capture as much attention as they can. 

Because apparently showcasing unique lingerie designs is a bridge too far. ",4,1760701047.0,User_965
1307,https://www.reddit.com/r/popculturechat/comments/1o7t451/the_victorias_secret_fashion_show_2025/,njz00j9,t1_njrgw9x,Agree. So stunning!,1,1760708927.0,User_966
1308,https://www.reddit.com/r/popculturechat/comments/1o7t451/the_victorias_secret_fashion_show_2025/,njqex96,t1_njqdu9k,I guess if we’re not counting South or Southeast Asians,19,1760582858.0,User_601
1309,https://www.reddit.com/r/popculturechat/comments/1o7t451/the_victorias_secret_fashion_show_2025/,njqlp8v,t1_njqdu9k,Did you miss TWICE performance,7,1760585707.0,User_264
1310,https://www.reddit.com/r/popculturechat/comments/1o7t451/the_victorias_secret_fashion_show_2025/,njtabcd,t1_njqtr7p,"Bro she does everything, once you start seeing her you cant stop",3,1760629617.0,User_967
1311,https://www.reddit.com/r/popculturechat/comments/1o7t451/the_victorias_secret_fashion_show_2025/,njqcnvn,t1_njqbjvs,"I remember when VS sold quality clothing like jeans, heels, boots, sweaters, etc. I even remember they had decent makeup and swimsuits that lasted for over 10 years like you said. I bought a $50 wireless pushup bra last year that I barely wear and it’s already pilling.",215,1760581962.0,User_71
1312,https://www.reddit.com/r/popculturechat/comments/1o7t451/the_victorias_secret_fashion_show_2025/,njqww0j,t1_njqbjvs,I had that one! In black and burgundy in the matching thong set. Wish they would remake that,3,1760591078.0,User_968
1313,https://www.reddit.com/r/popculturechat/comments/1o7t451/the_victorias_secret_fashion_show_2025/,njrcidr,t1_njqbjvs,I still have some fold over yoga pants I bought in the 90s. The black ones are looking a bit faded but the grey pair still look new (but maybe dated). I don’t wear them much anymore but can’t bring myself to get rid of them.,3,1760600024.0,User_942
1314,https://www.reddit.com/r/popculturechat/comments/1o7t451/the_victorias_secret_fashion_show_2025/,njqz3lu,t1_njqbjvs,I'm still buying and wearing 2000s era VS sets. It's crazy that you can still find some (but not many anymore) NWT from resellers.,2,1760592252.0,User_271
1315,https://www.reddit.com/r/popculturechat/comments/1o7t451/the_victorias_secret_fashion_show_2025/,njr8ez3,t1_njqbjvs,I find pink/vs now to be pretty decent quality tbh. I get the 5 for £25 packs and they last a lot longer than any other underwear I buy,2,1760597538.0,User_969
1316,https://www.reddit.com/r/popculturechat/comments/1o7t451/the_victorias_secret_fashion_show_2025/,njrs4u7,t1_njqbjvs,"I had a pair of sweatpants from them that I bought in the early 2000s that are still in great condition (I just no longer fit into them)

They closed my account for inactivity a few years ago. At that point I was just buying the underwear when they had deals but even those weren’t worth it. The last few bras I got from them were hot garbage.",2,1760609688.0,User_594
1317,https://www.reddit.com/r/popculturechat/comments/1o7t451/the_victorias_secret_fashion_show_2025/,njsfqse,t1_njqbjvs,I have a VS Mets hoodie from like 2010 that is still the softest item of clothing I own,2,1760619977.0,User_970
1318,https://www.reddit.com/r/popculturechat/comments/1o7t451/the_victorias_secret_fashion_show_2025/,njv5rf5,t1_njqp30m,"Double underwear and double bikinis are becoming a “thing” now and it is driving me up the wall! It looks so stupid and the gen z girls wearing them now, will look back in 10+ years and laugh at how goofy they looked. Just like me when I look at pics of me in the 2010’s with my layers of Free People boxy shirts and sweaters, with my denim tights over black tights and combat boots. I really though I was Violet Harmon or an Urban Outfitters model.",1,1760649713.0,User_71
1319,https://www.reddit.com/r/popculturechat/comments/1o7t451/the_victorias_secret_fashion_show_2025/,njqohzr,t1_njqlkai,I love the models but I just wish the clothes weren’t so tacky looking with cheap Shein level fabrics.,21,1760586959.0,User_71
1320,https://www.reddit.com/r/popculturechat/comments/1o7t451/the_victorias_secret_fashion_show_2025/,njqolyh,t1_njqislr,I also remember the days when one coveted model was chosen to wear the special million dollar diamond down the runway. Now it’s all Shein fabrics,18,1760587010.0,User_71
1321,https://www.reddit.com/r/popculturechat/comments/1o7t451/the_victorias_secret_fashion_show_2025/,njt453c,t1_njsuoh2,These were my go tos for real. I’m wishing I hadn’t gotten rid of my older ones because now I can’t replace them.  The new ones just don’t have the same level of quality.,4,1760627777.0,User_971
1322,https://www.reddit.com/r/popculturechat/comments/1o7t451/the_victorias_secret_fashion_show_2025/,njsvtxq,t1_njsuoh2,The colors of the new swimsuits…just horrendous,3,1760625276.0,User_71
1323,https://www.reddit.com/r/popculturechat/comments/1o7t451/the_victorias_secret_fashion_show_2025/,njraq1q,t1_njq6guu,And her outfit actually fits her!,16,1760598910.0,User_532
1324,https://www.reddit.com/r/popculturechat/comments/1o7t451/the_victorias_secret_fashion_show_2025/,njrx9ly,t1_njq6guu,"My husband, my brother, and I all agreed she was the best of the night. Perfection, I just need to grow 10 inches and lose 50 lbs",10,1760612390.0,User_972
1325,https://www.reddit.com/r/popculturechat/comments/1o7t451/the_victorias_secret_fashion_show_2025/,njqoqgf,t1_njqlzaa,i wouldn't call those rolls lol,41,1760587067.0,User_973
1326,https://www.reddit.com/r/popculturechat/comments/1o7t451/the_victorias_secret_fashion_show_2025/,njte3n6,t1_njqlzaa,![gif](giphy|Rk7xnHa3axPoI),6,1760630730.0,User_795
1327,https://www.reddit.com/r/popculturechat/comments/1o7t451/the_victorias_secret_fashion_show_2025/,njqstmr,t1_njqkltm,"She has so many Italian vogue covers but never books runway, I find it so weird. Glad to see her",25,1760589020.0,User_657
1328,https://www.reddit.com/r/popculturechat/comments/1o7t451/the_victorias_secret_fashion_show_2025/,njr8r9u,t1_njqn2sz,And seems like she just returned from pregnancy! She looks amazing,19,1760597733.0,User_681
1329,https://www.reddit.com/r/popculturechat/comments/1o7t451/the_victorias_secret_fashion_show_2025/,njtem86,t1_njqn2sz,"I love her but what happened to her eyes??!! I didn’t recognize her. I loved her work years ago but she’s not been as busy. 

(She used to be distinctly mono-lidded. )",8,1760630885.0,User_974
1330,https://www.reddit.com/r/popculturechat/comments/1o7t451/the_victorias_secret_fashion_show_2025/,njr5353,t1_njqv4ro,I like her outfit! To me it feels like they trusted her to model the shit out of a more simple look with full confidence that her face will carry it,3,1760595605.0,User_975
1331,https://www.reddit.com/r/popculturechat/comments/1o7t451/the_victorias_secret_fashion_show_2025/,njst6sd,t1_njqcqjh,"I'm devastated that He Sui wasn't back this year. I have vivid memories of seeing her at the VS show in high school and being convinced she was the most beautiful woman in the world

https://preview.redd.it/rz5ykubgghvf1.jpeg?width=407&format=pjpg&auto=webp&s=ce5452c32ae8a9500baa3047573ec2f339b62f3e",54,1760624460.0,User_976
1332,https://www.reddit.com/r/popculturechat/comments/1o7t451/the_victorias_secret_fashion_show_2025/,njr4qqo,t1_njq83j3,She should really go easy on the fillers and Botox. Makes her look so unnatural these days. I get that she’s older but still,184,1760595407.0,User_977
1333,https://www.reddit.com/r/popculturechat/comments/1o7t451/the_victorias_secret_fashion_show_2025/,njsj2bo,t1_njq83j3,We really are cooked if someone like Adriana Lima felt the need to get work done on her face,32,1760621132.0,User_978
1334,https://www.reddit.com/r/popculturechat/comments/1o7t451/the_victorias_secret_fashion_show_2025/,njrzgof,t1_njq83j3,How did some one like her ruin her face?,9,1760613442.0,User_765
1335,https://www.reddit.com/r/popculturechat/comments/1o7t451/the_victorias_secret_fashion_show_2025/,njqljmj,t1_njqgeg3,And the silver wings look like the silvery icicle strands you put on a Christmas tree,8,1760585638.0,User_661
1336,https://www.reddit.com/r/popculturechat/comments/1o7t451/the_victorias_secret_fashion_show_2025/,njt1k1q,t1_njr7i7q,Shes still modeling? She was the best… 20 years ago,-4,1760627001.0,User_979
1337,https://www.reddit.com/r/popculturechat/comments/1o7t451/the_victorias_secret_fashion_show_2025/,njx8kc3,t1_njqhh73,She looks like mulan. Beautiful princess ❤️,2,1760677544.0,User_738
1338,https://www.reddit.com/r/popculturechat/comments/1o7t451/the_victorias_secret_fashion_show_2025/,njq72fn,t1_njq4rsd,"It depends on the theme, for the PINK runway yeah they'd act a bit more bubbly. This one is a bit more sultry, of course they can smile, it all comes down to how a model interprets the concept they're walking for",100,1760579831.0,User_666
1339,https://www.reddit.com/r/popculturechat/comments/1o7t451/the_victorias_secret_fashion_show_2025/,njtaj0w,t1_njq4rsd,lol yasmin dont need to smile she just serves,4,1760629680.0,User_967
1340,https://www.reddit.com/r/popculturechat/comments/1o7t451/the_victorias_secret_fashion_show_2025/,njqcbnq,t1_njq4rsd,"I remember seeing the smiling shots, so this looks off to me- but I never watched the show itself. Maybe they just advertised it with the smiles.",6,1760581828.0,User_980
1341,https://www.reddit.com/r/popculturechat/comments/1o7t451/the_victorias_secret_fashion_show_2025/,njqcw9m,t1_njq6l4q,She was one of the the best walkers,23,1760582054.0,User_701
1342,https://www.reddit.com/r/popculturechat/comments/1o7t451/the_victorias_secret_fashion_show_2025/,njsr8g2,t1_njsfy2q,"It’s giving Temu Sabrina Carpenter wannabe (the dress to be clear, Blesnya is stunning)",7,1760623842.0,User_981
1343,https://www.reddit.com/r/popculturechat/comments/1o7t451/the_victorias_secret_fashion_show_2025/,njr8psy,t1_njqpixz,It's nothing short of a miracle that Gigi and Bella get along and don't have weird vibes between them (publicly anyways),203,1760597710.0,User_982
1344,https://www.reddit.com/r/popculturechat/comments/1o7t451/the_victorias_secret_fashion_show_2025/,njr5kyl,t1_njqpixz,"I think it's also really positive that she is not being so critical of her girls these days too, that little message comes across as her trying to promote self-acceptance for her girls.",52,1760595896.0,User_983
1345,https://www.reddit.com/r/popculturechat/comments/1o7t451/the_victorias_secret_fashion_show_2025/,njrrd0d,t1_njqpixz,How did she raise them? Where can I read about this lol,1,1760609253.0,User_984
1346,https://www.reddit.com/r/popculturechat/comments/1o7t451/the_victorias_secret_fashion_show_2025/,njqawp7,t1_njq7gfr,+++ the representation is lovely but yeah everything else is lackluster,167,1760581276.0,user_deleted
1347,https://www.reddit.com/r/popculturechat/comments/1o7t451/the_victorias_secret_fashion_show_2025/,njqm7k1,t1_njq7gfr,It’s been years since I’ve seen a VS show - is this the first time they’ve had plus size (and pregnant!) models or have they been doing it for a while?,13,1760585934.0,User_985
1348,https://www.reddit.com/r/popculturechat/comments/1o7t451/the_victorias_secret_fashion_show_2025/,njqbur4,t1_njq7gfr,"I am so offended for Precious Lee. Not surprising that VS doesn’t make a top that fits her breasts, but they had her wearing two horribly fitting bras at the same time.",39,1760581643.0,User_986
1349,https://www.reddit.com/r/popculturechat/comments/1o7t451/the_victorias_secret_fashion_show_2025/,njr4nea,t1_njq7gfr,Ngl this is the most inclusive VS runway ive seen (granted i havent seen too many since the 00s) and im not upset about it.,8,1760595355.0,User_987
1350,https://www.reddit.com/r/popculturechat/comments/1o7t451/the_victorias_secret_fashion_show_2025/,njqicoe,t1_njq7gfr,"yeah absolutely it’s much better than it was, too bad they don’t evolve the brand itself and the designs.",6,1760584258.0,User_892
1351,https://www.reddit.com/r/popculturechat/comments/1o7t451/the_victorias_secret_fashion_show_2025/,njqsuhn,t1_njq7gfr,We can thank Rihanna and Savage X Fenty for that! Literally,6,1760589032.0,User_842
1352,https://www.reddit.com/r/popculturechat/comments/1o7t451/the_victorias_secret_fashion_show_2025/,njsbxte,t1_njq7gfr,"I can’t believe I scrolled down to here for someone to acknowledge this! I was like idc about what they’re wearing, I care that they’re there.

But also all my bras are from VS or VS Pink so I’m personally happy with seeing stuff from them so 🤷‍♀️",3,1760618614.0,User_988
1353,https://www.reddit.com/r/popculturechat/comments/1o7t451/the_victorias_secret_fashion_show_2025/,njqwd1h,t1_njq4rb0,"It is the exposure, but in the right clothes these models would have us all gagged. 

The fact is VS went the way of Pink and it shows. 

There is no more fantasy being sold, as it should since they’re inclusive now. Shitty flip to make.",10,1760590805.0,User_989
1354,https://www.reddit.com/r/popculturechat/comments/1o7t451/the_victorias_secret_fashion_show_2025/,njup667,t1_njq9iow,I will literally always upvote this gif,5,1760644639.0,User_990
1355,https://www.reddit.com/r/popculturechat/comments/1o7t451/the_victorias_secret_fashion_show_2025/,njqul9d,t1_njqgnyo,At least it’s accurate to VS stores in real life lol,34,1760589905.0,User_991
1356,https://www.reddit.com/r/popculturechat/comments/1o7t451/the_victorias_secret_fashion_show_2025/,njqz2ik,t1_njqgnyo,Yes!!! Wearing a bra like this in this size would look so weird in a tshirt with a high neck!! It’s just too small,3,1760592236.0,User_624
1357,https://www.reddit.com/r/popculturechat/comments/1o7t451/the_victorias_secret_fashion_show_2025/,njq5170,t1_njq4cj9,"They did, but they subsequently brought it back.",76,1760579084.0,User_85
1358,https://www.reddit.com/r/popculturechat/comments/1o7t451/the_victorias_secret_fashion_show_2025/,njq6d52,t1_njq4cj9,"They did stop it for a few years. It used to be on TV but ratings went down and Victoria's Secret as a brand was losing marketshare and profitibility. They cancelled it after the 2018 show. Then they brought it back last year (2024) and it was streamed on Amazon.

It used to be popular but I don't think it will recapture it's previous highs.",36,1760579573.0,User_992
1359,https://www.reddit.com/r/popculturechat/comments/1o7t451/the_victorias_secret_fashion_show_2025/,njr5yca,t1_njqkv5l,"Just looked up iris law she's literally 5""4 omg 😭",5,1760596112.0,User_993
1360,https://www.reddit.com/r/popculturechat/comments/1o7t451/the_victorias_secret_fashion_show_2025/,njrq6s3,t1_njqkv5l,"As a petite woman, I appreciate the shorter models.",5,1760608580.0,User_994
1361,https://www.reddit.com/r/popculturechat/comments/1o7t451/the_victorias_secret_fashion_show_2025/,njreqy3,t1_njqkv5l,"we really don't need to bring the height into this lmao, when we say ""all sizes"" it means all heights too. (i understand it is because they are a nepo baby but still, us short girlies need representation too)",9,1760601431.0,User_995
1362,https://www.reddit.com/r/popculturechat/comments/1o7t451/the_victorias_secret_fashion_show_2025/,njs5n3o,t1_njqymoy,"Finally somebody said it. They have very peculiar faces that are chosen to stand out, and not to be conventionally pretty. That's how the ""model vs cashier"" memes became so popular.  
It doesn't work, in my opinion.",-1,1760616142.0,User_996
1363,https://www.reddit.com/r/popculturechat/comments/1o7t451/the_victorias_secret_fashion_show_2025/,njqyqss,t1_njq51k3,No it just looks kinda sad they trying to revive this concept and their budget and people’s interest in stuff is both changed.,6,1760592060.0,User_82
1364,https://www.reddit.com/r/popculturechat/comments/1o7t451/the_victorias_secret_fashion_show_2025/,njz12f8,t1_njvk70d,Oh lord... how old are you? Am I showing my age? Haha.,3,1760709269.0,User_83
1365,https://www.reddit.com/r/popculturechat/comments/1o7t451/the_victorias_secret_fashion_show_2025/,njrm0hn,t1_njqnupz,"Right during the pandemic she gave me a huge migraine with her anti vaccine talk, just no",21,1760606040.0,User_997
1366,https://www.reddit.com/r/popculturechat/comments/1o7t451/the_victorias_secret_fashion_show_2025/,njrbke9,t1_njqnupz,"Well said. 

Qanon quack",24,1760599434.0,User_846
1367,https://www.reddit.com/r/popculturechat/comments/1o7t451/the_victorias_secret_fashion_show_2025/,njsbs2u,t1_njqnupz,The anti-vax stuff from her was infuriating. So many models went down the wellness to QAnon pipeline. Very easy to think you’re a wellness expert when you are both genetically gifted and wealthy enough to have a team of trainers and nutritionists 🙄,16,1760618556.0,User_998
1368,https://www.reddit.com/r/popculturechat/comments/1o7t451/the_victorias_secret_fashion_show_2025/,njrt0yx,t1_njqnupz,Crazy af,3,1760610195.0,User_999
1369,https://www.reddit.com/r/popculturechat/comments/1o7t451/the_victorias_secret_fashion_show_2025/,njqx803,t1_njqkxf6,Have you watched previous shows? The pink looks are always like this,41,1760591254.0,User_51
1370,https://www.reddit.com/r/popculturechat/comments/1o7t451/the_victorias_secret_fashion_show_2025/,njt2c5y,t1_njt1882,You’re probably right. I liiiiived for his shady comments on Project Runway though 🤣,7,1760627235.0,User_89
1371,https://www.reddit.com/r/popculturechat/comments/1o7t451/the_victorias_secret_fashion_show_2025/,njs6quo,t1_njq4t77,Are these the really heavy wings cos if so there not even worth it,23,1760616591.0,User_831
1372,https://www.reddit.com/r/popculturechat/comments/1o7t451/the_victorias_secret_fashion_show_2025/,njs68rx,t1_njq82ql,"It’s giving popcorn ceiling, just why?!?",6,1760616390.0,User_1000
1373,https://www.reddit.com/r/popculturechat/comments/1o7t451/the_victorias_secret_fashion_show_2025/,njqpamv,t1_njq53xn,She looked amazing in red,13,1760587327.0,User_898
1374,https://www.reddit.com/r/popculturechat/comments/1o7t451/the_victorias_secret_fashion_show_2025/,njrisak,t1_njqm11v,She looks like she needs to rest a while 🥺,17,1760603981.0,User_851
1375,https://www.reddit.com/r/popculturechat/comments/1o7t451/the_victorias_secret_fashion_show_2025/,njqzcjd,t1_njqm11v,"You think so? I really like the blonde. But I also can’t for the life of me recognize someone’s age, so I couldn’t really say if she’s looking older",9,1760592385.0,User_624
1376,https://www.reddit.com/r/popculturechat/comments/1o7t451/the_victorias_secret_fashion_show_2025/,njrohyx,t1_njqm11v,This..,3,1760607578.0,User_1001
1377,https://www.reddit.com/r/popculturechat/comments/1o7t451/the_victorias_secret_fashion_show_2025/,njzqgva,t1_njqm11v,I didnt recognise her and assumed its some returning model from the 90s. She was born in the 90s lol.,1,1760716906.0,User_824
1378,https://www.reddit.com/r/popculturechat/comments/1o7t451/the_victorias_secret_fashion_show_2025/,njskfqx,t1_njqgay8,Being 21 will do that ,19,1760621604.0,User_1002
1379,https://www.reddit.com/r/popculturechat/comments/1o7t451/the_victorias_secret_fashion_show_2025/,njtxa55,t1_njqgay8,This comment is so accurate 😂,2,1760636333.0,User_951
1380,https://www.reddit.com/r/popculturechat/comments/1o7t451/the_victorias_secret_fashion_show_2025/,njvcwh9,t1_njq70bd,Literally. The colour of the outfit + her skin makes her look like Flora.,5,1760652077.0,User_725
1381,https://www.reddit.com/r/popculturechat/comments/1o7t451/the_victorias_secret_fashion_show_2025/,njqrukm,t1_njq6opo,Honestly best walk of the night. She had the most energy!,9,1760588537.0,User_1003
1382,https://www.reddit.com/r/popculturechat/comments/1o7t451/the_victorias_secret_fashion_show_2025/,njqpejp,t1_njq8x0d,I could buy all this on amazon fr,25,1760587378.0,User_1004
1383,https://www.reddit.com/r/popculturechat/comments/1o7t451/the_victorias_secret_fashion_show_2025/,njthl62,t1_njq8x0d,She looks great. The outfit looks like something from TJ Maxx.,5,1760631770.0,User_811
1384,https://www.reddit.com/r/popculturechat/comments/1o7t451/the_victorias_secret_fashion_show_2025/,njwqeb1,t1_njs7dmz,99% of these outfits look cheap lol,1,1760669661.0,User_1005
1385,https://www.reddit.com/r/popculturechat/comments/1o7t451/the_victorias_secret_fashion_show_2025/,njtp44a,t1_njs464x,"Hmm idk. I get how like the swimsuit portion of a beauty pageant is women getting “paraded around” and is inherently misogynistic, but a lingerie fashion show (in general) does feel kinda empowering? At least to me.",8,1760633979.0,User_1006
1386,https://www.reddit.com/r/popculturechat/comments/1o7t451/the_victorias_secret_fashion_show_2025/,njqbo51,t1_njqaj5v,"I saw Ashley Graham was covered in stretch marks on her belly when she walked 🤷🏻‍♀️

I get what you’re saying but hey, at least they’re not all a bunch of underweight teenagers like before. Baby steps :)",43,1760581571.0,User_97
1387,https://www.reddit.com/r/popculturechat/comments/1o7t451/the_victorias_secret_fashion_show_2025/,njqx59j,t1_njqlaq8,Right? The idea is so cool but it’s giving pipe cleaner!,28,1760591213.0,User_804
1388,https://www.reddit.com/r/popculturechat/comments/1o7t451/the_victorias_secret_fashion_show_2025/,njtjkby,t1_njqlaq8,Looks like it could have been a stunner. Feels like one of those outfits from project runway when they run out of time and have to walk it unfinished.,2,1760632356.0,User_811
1389,https://www.reddit.com/r/popculturechat/comments/1o7t451/the_victorias_secret_fashion_show_2025/,njv8a7m,t1_njqxkzl,"Agreed, I liked her so much except lip sync…it was kinda cringe.",4,1760650533.0,User_598
1390,https://www.reddit.com/r/popculturechat/comments/1o7t451/the_victorias_secret_fashion_show_2025/,njt06sc,t1_njqxkzl,"Of all the things to complain about in this show…

Imo Angelina was the best part",2,1760626587.0,User_1007
1391,https://www.reddit.com/r/popculturechat/comments/1o7t451/the_victorias_secret_fashion_show_2025/,njs8c1d,t1_njqo4h1,She looks incredible 🤩,2,1760617225.0,User_628
1392,https://www.reddit.com/r/popculturechat/comments/1o7t451/the_victorias_secret_fashion_show_2025/,njquage,t1_njqo301,"These fits kind of salacious for South Korea, right?? I hope their home fans aren’t too hard on em!  😭😭",26,1760589753.0,User_1008
1393,https://www.reddit.com/r/popculturechat/comments/1o7t451/the_victorias_secret_fashion_show_2025/,njr1xkp,t1_njqv4rl,"They're huge! But this is just 4 out of 9 members and Tzuyu was apparently sick. They are very good, look up their Lollapalooza set earlier this year if you're interested.",33,1760593816.0,User_1009
1394,https://www.reddit.com/r/popculturechat/comments/1o7t451/the_victorias_secret_fashion_show_2025/,njqxmk6,t1_njqv4rl,I did not like their performance,8,1760591467.0,User_51
1395,https://www.reddit.com/r/popculturechat/comments/1o7t451/the_victorias_secret_fashion_show_2025/,njqnfge,t1_njqa1gk,Doesn’t Fenty have worse labor standards and working conditions than Shein? They might have better designs but are the actual materials and craftsmanship and quality better?,19,1760586479.0,User_1010
1396,https://www.reddit.com/r/popculturechat/comments/1o7t451/the_victorias_secret_fashion_show_2025/,njrj1iq,t1_njqgxls,me too!!!!,5,1760604149.0,User_869
1397,https://www.reddit.com/r/popculturechat/comments/1o7t451/the_victorias_secret_fashion_show_2025/,njrj4r9,t1_njqgxls,Me too!! ,4,1760604209.0,User_851
1398,https://www.reddit.com/r/popculturechat/comments/1o7t451/the_victorias_secret_fashion_show_2025/,njqelxr,t1_njq6c7r,Her walk was terrible how’s she a runway model lol,12,1760582734.0,User_701
1399,https://www.reddit.com/r/popculturechat/comments/1o7t451/the_victorias_secret_fashion_show_2025/,njseg9w,t1_njq6c7r,Hats don't belong on a runway. At least not the common casual winter hat. Nothing about that kind of hat is glamorous. Same with caps,1,1760619518.0,user_deleted
1400,https://www.reddit.com/r/popculturechat/comments/1o7t451/the_victorias_secret_fashion_show_2025/,njq6pzh,t1_njq5vxo,Iris Law and Lila Moss!,20,1760579705.0,User_819
1401,https://www.reddit.com/r/popculturechat/comments/1o7t451/the_victorias_secret_fashion_show_2025/,njsekte,t1_njq5vxo,Nooooooo I adore gigi and bella. Iris I think and lottie. I don't know their memes but they're towards the end wearing terrible outfits,1,1760619563.0,user_deleted
1402,https://www.reddit.com/r/popculturechat/comments/1o7t451/the_victorias_secret_fashion_show_2025/,njska3r,t1_njriyq7,Then media is working - she is not known for being sweet she has been the biggest baby and brat but she’s one of the best known recruits to come for the WNBA since Caitlin Clark,4,1760621550.0,User_1011
1403,https://www.reddit.com/r/popculturechat/comments/1o7t451/the_victorias_secret_fashion_show_2025/,njqa6qs,t1_njq9e5f,She needs to go where she’s adored - fashion. I feel like the haters are from the basketball “fans”,3,1760580996.0,User_1012
1404,https://www.reddit.com/r/popculturechat/comments/1o7t451/the_victorias_secret_fashion_show_2025/,njqtiho,t1_njq82om,"Did she really get a BBL? I don’t care if someone gets work done, each to their own, but it makes me sad how much work she’s had done because it clearly stems from insecurities and it’s so sad because she’s always been so beautiful, I wish she saw that.",24,1760589366.0,User_183
1405,https://www.reddit.com/r/popculturechat/comments/1o7t451/the_victorias_secret_fashion_show_2025/,njqhm8q,t1_njq82om,And a BBL NOW!??? I’m stunned,16,1760583949.0,User_587
1406,https://www.reddit.com/r/popculturechat/comments/1o7t451/the_victorias_secret_fashion_show_2025/,njqpk64,t1_njq9aiv,It’s so unflattering and makes her look even shorter and boxier,38,1760587451.0,User_898
1407,https://www.reddit.com/r/popculturechat/comments/1o7t451/the_victorias_secret_fashion_show_2025/,njqm8np,t1_njq9aiv,Looks like mini basketballs,25,1760585947.0,User_719
1408,https://www.reddit.com/r/popculturechat/comments/1o7t451/the_victorias_secret_fashion_show_2025/,njqgvgp,t1_njq9aiv,maybe they haven’t fully dropped yet? 😬,17,1760583646.0,User_716
1409,https://www.reddit.com/r/popculturechat/comments/1o7t451/the_victorias_secret_fashion_show_2025/,njqtz76,t1_njq9aiv,Omg lol,6,1760589597.0,User_1008
1410,https://www.reddit.com/r/popculturechat/comments/1o7t451/the_victorias_secret_fashion_show_2025/,njrg0tz,t1_njq8xkp,Is it me or she lip synced the whole time?,8,1760602228.0,User_1013
1411,https://www.reddit.com/r/popculturechat/comments/1o7t451/the_victorias_secret_fashion_show_2025/,njr5wpl,t1_njqe44g,Kinda looks like Jeffrey Star with no eyebrows…,42,1760596085.0,User_1014
1412,https://www.reddit.com/r/popculturechat/comments/1o7t451/the_victorias_secret_fashion_show_2025/,njvleaf,t1_njqe44g,You must not be a mia goth fan 😂,2,1760655054.0,User_787
1413,https://www.reddit.com/r/popculturechat/comments/1o7t451/the_victorias_secret_fashion_show_2025/,njvqdg4,t1_njqe44g,She recently said in a video that she has thought about switching to her og brows but the fashion industry hates changes,1,1760656828.0,User_825
1414,https://www.reddit.com/r/popculturechat/comments/1o7t451/the_victorias_secret_fashion_show_2025/,njqez7g,t1_njq4fxa,"I love Alex and how beautiful she walks however I was thinking like why is she giving advice on the earlier interview saying eat that burger or something while she’s just so so underweight.. it’s just crazy.


I do love her and was excited seeing her walk again. She’s absolutely stunning",41,1760582880.0,User_701
1415,https://www.reddit.com/r/popculturechat/comments/1o7t451/the_victorias_secret_fashion_show_2025/,njr02t6,t1_njqf2kr,No I agree it’s very old 90d high fashion skinny not the slim but lifts weights vibes vs usually goes for.,11,1760592785.0,User_837
1416,https://www.reddit.com/r/popculturechat/comments/1o7t451/the_victorias_secret_fashion_show_2025/,njqbrv7,t1_njq6rne,Her beauty really distracted me from the outfit lol,17,1760581611.0,User_130
1417,https://www.reddit.com/r/popculturechat/comments/1o7t451/the_victorias_secret_fashion_show_2025/,njqbhk4,t1_njq85k2,A hate crime,18,1760581500.0,User_76
1418,https://www.reddit.com/r/popculturechat/comments/1o7t451/the_victorias_secret_fashion_show_2025/,njqaz6e,t1_njq9kgy,I think her look deserved bigger wings too!,6,1760581302.0,User_130
1419,https://www.reddit.com/r/popculturechat/comments/1o7t451/the_victorias_secret_fashion_show_2025/,njqhz50,t1_njqaa73,She’s not trans but beautiful tho yes! :),2,1760584100.0,User_130
1420,https://www.reddit.com/r/popculturechat/comments/1o7t451/the_victorias_secret_fashion_show_2025/,njt4j0o,t1_njr6pl4,It is 1000% is damage control people forget that the whole “diverse” rebrand came after their stocks dropped and people stopped shopping there because their original creative director said they’d never be diverse and would continue selling fantasy and iirc that’s a very nice version of what he actually said,7,1760627894.0,User_1015
1421,https://www.reddit.com/r/popculturechat/comments/1o7t451/the_victorias_secret_fashion_show_2025/,njtatfn,t1_njrs0bw,omg!! she is maybe the most beautiful woman i've ever seen and a sports star?? i can't even imagine being so blessed,3,1760629765.0,User_141
1422,https://www.reddit.com/r/popculturechat/comments/1o7t451/the_victorias_secret_fashion_show_2025/,njrjsls,t1_njqnog0,She has an extremely/perfectly square chin. But I think the lighting / angle here makes it worse. Almost cartoonish.  ,8,1760604632.0,User_851
1423,https://www.reddit.com/r/popculturechat/comments/1o7t451/the_victorias_secret_fashion_show_2025/,njr5lqe,t1_njqnog0,I didn’t even notice until I saw your comment,3,1760595909.0,User_816
1424,https://www.reddit.com/r/popculturechat/comments/1o7t451/the_victorias_secret_fashion_show_2025/,njqi48e,t1_njq53mi,It’s just thinness to that extent can kind of make you look a bit older,54,1760584159.0,User_587
1425,https://www.reddit.com/r/popculturechat/comments/1o7t451/the_victorias_secret_fashion_show_2025/,njqmknv,t1_njq53mi,"https://preview.redd.it/5bwti76baevf1.jpeg?width=1290&format=pjpg&auto=webp&s=079c42338496765b69b75024e52d1050c97d393b

i noticed that on her other look. wtf did she do to her face?!",28,1760586098.0,User_1016
1426,https://www.reddit.com/r/popculturechat/comments/1o7t451/the_victorias_secret_fashion_show_2025/,njqb1pt,t1_njq53mi,She looks 30 something is she not 30 something?,22,1760581330.0,User_648
1427,https://www.reddit.com/r/popculturechat/comments/1o7t451/the_victorias_secret_fashion_show_2025/,njq83dy,t1_njq53mi,I thought the same thing,3,1760580206.0,User_827
1428,https://www.reddit.com/r/popculturechat/comments/1o7t451/the_victorias_secret_fashion_show_2025/,njqbj5r,t1_njq53mi,"I think it's just the pose with her chin out her collar bones appear to be really prominent. I love this outfit, way better than the others!",6,1760581518.0,User_1017
1429,https://www.reddit.com/r/popculturechat/comments/1o7t451/the_victorias_secret_fashion_show_2025/,njqlggl,t1_njqfnh7,She’s probably sick through the show and just hides it,11,1760585599.0,User_72
1430,https://www.reddit.com/r/popculturechat/comments/1o7t451/the_victorias_secret_fashion_show_2025/,nju29ls,t1_njqfnh7,"Her Lyme might present similar to ME/CFS. I have it and get PEM (post-exertional malaise) really badly. I'll be fine for the day of an event and able to socialize and even be active, but once I get home I crash for days, weeks even, sometimes months. They're considered invisible illnesses because most people outside your immediate family never see you at your worst. You'll visit friends and family say you seem fine, healthy, energetic, etc., but then you get home and you're so drained you can hardly take care of yourself, and sometimes you can't even. You're on pain meds and blood pressure meds, antibiotics all the time. It's a struggle to keep up with basic tasks like cooking and cleaning and hygiene and eating. Some people need mobility aids, others need feeding tubes and IVs. I've seen some who needed a central line and a catheter. People who can't tolerate light and sound. That's barely scraping the surface of chronic symptoms like neurological, orthostatic, gastrointestinal, etc. Fatigue, headaches, rashes, brain fog, nausea, tachycardia. Plus comorbidities. And many of us with chronic illness are house bound or bed bound most of the time. A simple shopping trip can exhaust you for days, a bigger event for weeks. I still haven't recovered from going to a wedding three weeks ago. Quality of life is often worse than for terminal cancer or heart failure.",1,1760637773.0,User_1018
1431,https://www.reddit.com/r/popculturechat/comments/1o7t451/the_victorias_secret_fashion_show_2025/,njt5v53,t1_njsrcl2,"I probably shouldn’t have said their parents paid. That’s all on me trying to understand why, of all the nepo kids, they picked these 2? They’re almost nobodies (I don’t even know if people outside of Britain know them) 

Kai Schreiber, even Apple Martin, Eve Jobs, Deva Cassel, Ever Anderson, Esther Rose McGregor, Selah Marley? I would say Leni Klum but she’s so small, she looks like she’s 12

Also just to clarify, I’m not being bi****. I’m just sooo weary of nepo wannabe models getting free passes",2,1760628296.0,User_207
1432,https://www.reddit.com/r/popculturechat/comments/1o7t451/the_victorias_secret_fashion_show_2025/,njq5cu6,t1_njq49ox,"At least Gigi and Bella put it in the work alongside their fellow models despite being nepo babies. 

*cough cough* I was never one of those girls who would do like 30 shows a season or whatever the f*ck those girls do *cough cough*",27,1760579204.0,User_77
1433,https://www.reddit.com/r/popculturechat/comments/1o7t451/the_victorias_secret_fashion_show_2025/,nju7cyb,t1_njsrlvn,because she knows her brand absolutely kills it compared to VS attempts,1,1760639300.0,User_67
1434,https://www.reddit.com/r/popculturechat/comments/1o7t451/the_victorias_secret_fashion_show_2025/,njrbsjn,t1_njr8ulm,"Anti vaccine, anti medicine, qanon",2,1760599575.0,User_846
1435,https://www.reddit.com/r/popculturechat/comments/1o7t451/the_victorias_secret_fashion_show_2025/,njrd26n,t1_njqwekl,Totally agree as a fellow old. A lot of the time I just don’t get it lol,6,1760600370.0,User_1019
1436,https://www.reddit.com/r/popculturechat/comments/1o7t451/the_victorias_secret_fashion_show_2025/,njsms9l,t1_njs3jez,put some respect on that vine comedian’s name,12,1760622392.0,User_1020
1437,https://www.reddit.com/r/popculturechat/comments/1o7t451/the_victorias_secret_fashion_show_2025/,njscpbv,t1_njs3jez,Oh lol. I’m less concerned now 😂,46,1760618894.0,User_531
1438,https://www.reddit.com/r/popculturechat/comments/1o7t451/the_victorias_secret_fashion_show_2025/,njw607j,t1_njs3jez,"Let’s not minimise Quen’s hard work now, yes she started as an influencer and still does it but she’s been transitioning to modelling for the past couple of years and has done legitimate shoots and been in magazine spreads and she’s shown real model skill and not just influencer-hired-because-she’s-pretty-and-popular ",6,1760662441.0,User_1021
1439,https://www.reddit.com/r/popculturechat/comments/1o7t451/the_victorias_secret_fashion_show_2025/,njuhadt,t1_njs3jez,And building a career \*when she's modelled before\* negates that... how?,0,1760642278.0,User_1022
1440,https://www.reddit.com/r/popculturechat/comments/1o7t451/the_victorias_secret_fashion_show_2025/,njrueyf,t1_njro4wc,This seems on par. Their business model is more about squishing you than about proper fitting bras.,410,1760610954.0,User_1023
1441,https://www.reddit.com/r/popculturechat/comments/1o7t451/the_victorias_secret_fashion_show_2025/,njszlq1,t1_njro4wc,"I mean, I haven’t shopped at VS in over a decade so idk if they’ve expanded their size range but last time I went in 2012 and got measured (I think I was 40DD at that point), they didn’t carry my size 💀",21,1760626412.0,User_1024
1442,https://www.reddit.com/r/popculturechat/comments/1o7t451/the_victorias_secret_fashion_show_2025/,njsioo7,t1_njro4wc,"Cue [""Victoria's Secret"" by Jax](https://youtu.be/p0qfCa4TezY?si=Yml6mZBxyzSUnI2v) playing",14,1760621001.0,User_1025
1443,https://www.reddit.com/r/popculturechat/comments/1o7t451/the_victorias_secret_fashion_show_2025/,njvn12w,t1_njro4wc,"I feel like it doesn’t even matter to them whether or not the stuff fits because the whole point of this exercise here is to show very very scantily clad tall, thin, gorgeous women, for the most part. Like anyone who’s ever bought a bra at Victoria’s Secret, knows they are not there to make a bra fit you right. And don’t even get me started on their panties. 🙄",8,1760655638.0,User_392
1444,https://www.reddit.com/r/popculturechat/comments/1o7t451/the_victorias_secret_fashion_show_2025/,njsiost,t1_njro4wc,"Yes! It doesn't fit at all, and considering the focus of this show is supposed to  be the bras...that seems like a catastrophic oversight.",21,1760621002.0,User_532
1445,https://www.reddit.com/r/popculturechat/comments/1o7t451/the_victorias_secret_fashion_show_2025/,njswpm7,t1_njro4wc,"Yeah, this pink is also so beautiful against her skin tone. They couldn’t give her some pasties and whatever kind of modesty pantiliner?",4,1760625543.0,User_1026
1446,https://www.reddit.com/r/popculturechat/comments/1o7t451/the_victorias_secret_fashion_show_2025/,njs5e8h,t1_njrqwwf,TikTok shop 😭😭,13,1760616041.0,User_1027
1447,https://www.reddit.com/r/popculturechat/comments/1o7t451/the_victorias_secret_fashion_show_2025/,njsiyxf,t1_njrqwwf,"and the pink pieces look like they could have been really cute when they weren't layered with the black ones! I thought at first glace it was some dramatic way of preventing nip slips, I totally didn't think it was intentional because it looks so bad",10,1760621099.0,User_532
1448,https://www.reddit.com/r/popculturechat/comments/1o7t451/the_victorias_secret_fashion_show_2025/,njsj2wx,t1_njs70bm,If it's not built into the piece it's going to be really uncomfortable too,10,1760621138.0,User_532
1449,https://www.reddit.com/r/popculturechat/comments/1o7t451/the_victorias_secret_fashion_show_2025/,njuls3p,t1_nju0ur1,"She looks amazing in spite of the outfit, I wish she had been given a better ensemble to work with",7,1760643633.0,User_532
1450,https://www.reddit.com/r/popculturechat/comments/1o7t451/the_victorias_secret_fashion_show_2025/,njvbsck,t1_njrpk7h,"No, I saw more pics, this is indeed *not*  the tackiest, not by a long shot",4,1760651701.0,User_533
1451,https://www.reddit.com/r/popculturechat/comments/1o7t451/the_victorias_secret_fashion_show_2025/,njqek6t,t1_njqb6px,"Honestly, the last time they did their big thing was with all that pink merch and body sprays because that’s what we could afford in HS 😂",300,1760582715.0,user_deleted
1452,https://www.reddit.com/r/popculturechat/comments/1o7t451/the_victorias_secret_fashion_show_2025/,njsn8fh,t1_njqb6px,"Their stores are almost completely taken over by sales bins, every time I walk by it in the mall. It’s not as glamours as it used to seem in the 2000s.",10,1760622539.0,User_890
1453,https://www.reddit.com/r/popculturechat/comments/1o7t451/the_victorias_secret_fashion_show_2025/,njqfsmn,t1_njqb6px,i’m honestly shocked they have the funds to put this show on still. they’re worried about the wrong things 😭 especially considering barely any (if any at all?) of the pieces in the show are available for purchase,21,1760583206.0,User_716
1454,https://www.reddit.com/r/popculturechat/comments/1o7t451/the_victorias_secret_fashion_show_2025/,njwoquv,t1_njqb6px,"I said this when the c-suite denounced plus-sized women, but what he meant was anyone over a size 2. I can't believe they haven't gone under yet.",3,1760669055.0,User_1005
1455,https://www.reddit.com/r/popculturechat/comments/1o7t451/the_victorias_secret_fashion_show_2025/,njtml9f,t1_njqb6px,"Their bras are overpriced and they don’t even carry a wide range of sizes, no one I know seriously shops there",2,1760633247.0,User_1028
1456,https://www.reddit.com/r/popculturechat/comments/1o7t451/the_victorias_secret_fashion_show_2025/,njvd67b,t1_njqb6px,They just opened the first store in my country😅,2,1760652171.0,User_1029
1457,https://www.reddit.com/r/popculturechat/comments/1o7t451/the_victorias_secret_fashion_show_2025/,njt9i16,t1_njqb6px,I like the last one,1,1760629379.0,User_1030
1458,https://www.reddit.com/r/popculturechat/comments/1o7t451/the_victorias_secret_fashion_show_2025/,njrb4pg,t1_njqzm3f,"Seriously! But honestly, it’s probably because whoever designs those underwear don’t realize 1 inch fabric across our coochies isn’t going to cover everything 😭",12,1760599161.0,user_deleted
1459,https://www.reddit.com/r/popculturechat/comments/1o7t451/the_victorias_secret_fashion_show_2025/,njtt1nf,t1_njtebzm,So true Anok Yai is simply gorgeous and makes anything/everything look good. I really enjoy the representation since their relaunch!! It just seems forced like “here! Damn!” Because we basically cancelled them several years ago 😂,6,1760635112.0,user_deleted
1460,https://www.reddit.com/r/popculturechat/comments/1o7t451/the_victorias_secret_fashion_show_2025/,njr3wcb,t1_njqgvn9,Seriously why the fuck should those weigh fifty lbs? It's like they just cut 1/2 inch plywood into shape and upholstered them with gravel in the fabric,519,1760594922.0,User_181
1461,https://www.reddit.com/r/popculturechat/comments/1o7t451/the_victorias_secret_fashion_show_2025/,njvirpa,t1_njqgvn9,"It’s true! I know lots of folks who work in costume design and special effects and the only reason these would be fifty pounds is if someone was absolute shit at their job. Sometimes the answer is simply incompetence, and it happens more than us viewers would think. As a former model this makes me mad for Gigi. So disrespectful.",7,1760654114.0,User_1031
1462,https://www.reddit.com/r/popculturechat/comments/1o7t451/the_victorias_secret_fashion_show_2025/,njun0ex,t1_njqgvn9,Seriously. She's very slender and not muscular. That girl cannot carry 50 lb wings without breaking her back.,6,1760643999.0,user_deleted
1463,https://www.reddit.com/r/popculturechat/comments/1o7t451/the_victorias_secret_fashion_show_2025/,njs2oo1,t1_njrnz2a,![gif](giphy|kC8N6DPOkbqWTxkNTe),6,1760614897.0,User_607
1464,https://www.reddit.com/r/popculturechat/comments/1o7t451/the_victorias_secret_fashion_show_2025/,njt1moh,t1_njs5hx5,Maybe they try to be vegan friendly?,0,1760627023.0,User_1032
1465,https://www.reddit.com/r/popculturechat/comments/1o7t451/the_victorias_secret_fashion_show_2025/,njr8rc1,t1_njr7fk7,Bella had gigantic wigs for her second walk.,25,1760597734.0,User_910
1466,https://www.reddit.com/r/popculturechat/comments/1o7t451/the_victorias_secret_fashion_show_2025/,njqpc2j,t1_njqmp3o,"It’s funny, during the show I thought that they were showing a lot more personality than last year, but yeah looking at these photos I see what you mean! My guess is these stills are mostly from the middle of the runway, and they’re too busy concentrating on walking. Most of them were able to give more when they posed at the end of the runway, although a few like Bella looked like they were fighting to keep their balance",66,1760587346.0,User_570
1467,https://www.reddit.com/r/popculturechat/comments/1o7t451/the_victorias_secret_fashion_show_2025/,njq3jve,t1_njq30z9,Yeah she looked much better when her wings were off in the end.,59,1760578535.0,User_1033
1468,https://www.reddit.com/r/popculturechat/comments/1o7t451/the_victorias_secret_fashion_show_2025/,njqyfce,t1_njq9qjw,She wouldn’t be doing the treatment if she wasn’t sick and desperate to try anything to get her health back to normal. I wish people had more empathy for the struggles of having chronic illness and trying to find healing,-5,1760591891.0,User_1034
1469,https://www.reddit.com/r/popculturechat/comments/1o7t451/the_victorias_secret_fashion_show_2025/,nk4s4wx,t1_njv0dbt,She’s always had a bad walk.,2,1760791372.0,User_1035
1470,https://www.reddit.com/r/popculturechat/comments/1o7t451/the_victorias_secret_fashion_show_2025/,njv4d8v,t1_njv1hkt,Probably yes but I like her. She is very beautiful and sexy in my eyes.,4,1760649265.0,User_598
1471,https://www.reddit.com/r/popculturechat/comments/1o7t451/the_victorias_secret_fashion_show_2025/,njq4xxi,t1_njq2ltt,I need to somehow grow 8-10 inches.,709,1760579050.0,User_77
1472,https://www.reddit.com/r/popculturechat/comments/1o7t451/the_victorias_secret_fashion_show_2025/,njqba1h,t1_njq2ltt,"Lol I exercise and eat well and yet I will wake up with my usual gremlin energy 🤣

All the workouts in the world won't make me an angel lolol",153,1760581418.0,User_691
1473,https://www.reddit.com/r/popculturechat/comments/1o7t451/the_victorias_secret_fashion_show_2025/,njqdwpc,t1_njq2ltt,I can’t stop eating pakora.,109,1760582458.0,User_1036
1474,https://www.reddit.com/r/popculturechat/comments/1o7t451/the_victorias_secret_fashion_show_2025/,njqive5,t1_njq2ltt,"They also eat next to nothing. At least around the show and photoshoots.

Not encouraging you to do that. Just stating that it isn't just exercise.",12,1760584477.0,User_162
1475,https://www.reddit.com/r/popculturechat/comments/1o7t451/the_victorias_secret_fashion_show_2025/,njqb2u0,t1_njq2ltt,reminder that they starve themselves for at least a week and don’t drink any liquids  for two days to look like that,17,1760581341.0,User_1037
1476,https://www.reddit.com/r/popculturechat/comments/1o7t451/the_victorias_secret_fashion_show_2025/,njro7nd,t1_njq2ltt,I keep thinking I need to moisturise more,4,1760607405.0,User_925
1477,https://www.reddit.com/r/popculturechat/comments/1o7t451/the_victorias_secret_fashion_show_2025/,njspqie,t1_njq2ltt,Haha I just had the same sad thought..,1,1760623357.0,User_1038
1478,https://www.reddit.com/r/popculturechat/comments/1o7t451/the_victorias_secret_fashion_show_2025/,njsvc2n,t1_njq2ltt,You are perfect as you are!,1,1760625122.0,User_1039
1479,https://www.reddit.com/r/popculturechat/comments/1o7t451/the_victorias_secret_fashion_show_2025/,njsvgwz,t1_njq2ltt,I’m glad I saw this before eating breakfast 😂,1,1760625164.0,User_958
1480,https://www.reddit.com/r/popculturechat/comments/1o7t451/the_victorias_secret_fashion_show_2025/,njqewna,t1_njq2ltt,She was born with this body.,2,1760582852.0,User_1040
1481,https://www.reddit.com/r/popculturechat/comments/1o7t451/the_victorias_secret_fashion_show_2025/,njqhjv4,t1_njq61n0,this hair is perfection,9,1760583922.0,User_1041
1482,https://www.reddit.com/r/popculturechat/comments/1o7t451/the_victorias_secret_fashion_show_2025/,njqgel1,t1_njqag01,Uma thurman,128,1760583453.0,User_587
1483,https://www.reddit.com/r/popculturechat/comments/1o7t451/the_victorias_secret_fashion_show_2025/,njrrmxj,t1_njrkvb2,"the charm was selling, that's why Candice, Adrianna, Behati still light up the room even in relatively mediocre underwear...they shine",71,1760609410.0,User_67
1484,https://www.reddit.com/r/popculturechat/comments/1o7t451/the_victorias_secret_fashion_show_2025/,njtpm15,t1_njrkvb2,"> I get that regular fashion shows require that kind of look/vibe

Only in recent years. Look at some old 90s fashion shows and the vibe was much more upbeat/fun.

Any Mugler show is a good example:

https://youtu.be/NhtLWW-LEcY?t=287

https://youtu.be/pYS9OR7GDo8?t=299

I don't know why the last couple of decades of couture have become so dull. The clothing is fine but the shows themselves are forgettable.",12,1760634123.0,User_1042
1485,https://www.reddit.com/r/popculturechat/comments/1o7t451/the_victorias_secret_fashion_show_2025/,njwp7t2,t1_njrok2w,The bi panic is real,4,1760669225.0,User_1005
1486,https://www.reddit.com/r/popculturechat/comments/1o7t451/the_victorias_secret_fashion_show_2025/,njtb1f8,t1_njrom4j,😂😂😂,5,1760629829.0,User_339
1487,https://www.reddit.com/r/popculturechat/comments/1o7t451/the_victorias_secret_fashion_show_2025/,njuhdg9,t1_nju9yn6,I didn’t know who she was either and immediately clocked that she was a nepo baby. She’s 5’5!,13,1760642305.0,User_1043
1488,https://www.reddit.com/r/popculturechat/comments/1o7t451/the_victorias_secret_fashion_show_2025/,njshql6,t1_njrbzhf,"I’ve seen her in Notting Hill, she’s shorter round 5:3",22,1760620673.0,User_1044
1489,https://www.reddit.com/r/popculturechat/comments/1o7t451/the_victorias_secret_fashion_show_2025/,njrwkoi,t1_njr8yol,"Right? I saw this comment and was confused so I went back up to look at the photos again and she looks totally normal? She doesn’t even really look short to me, but the beanie looks weird. I wish more models were short, but also wouldn’t mind more diverse body types. Even the “plus size” models have perfect proportions and hour glass figures.",37,1760612052.0,User_972
1490,https://www.reddit.com/r/popculturechat/comments/1o7t451/the_victorias_secret_fashion_show_2025/,njs229n,t1_njr8yol,"Exactly. We have representation for the overweight crowd, but not the short crowd. Makes no sense to me (as a tall person). It's just genetics, why would they be ones to be singled out?

Edit: just looked it up and she's 5'5"", so above average female height in the US. She isn't even short, she's just normal.",30,1760614627.0,User_996
1491,https://www.reddit.com/r/popculturechat/comments/1o7t451/the_victorias_secret_fashion_show_2025/,njsgdf4,t1_njr8yol,"It’s not that they can’t, plenty of short people are models. It’s just that when you’re a short model, you’re going to be doing more catalog shoots, maybe editorial, where the viewer can’t tell how tall the person is, rather than runway, where you can absolutely tell how tall someone is.

ETA: and I say this as a 5’3” person who wanted to model when she was younger lol",11,1760620198.0,User_146
1492,https://www.reddit.com/r/popculturechat/comments/1o7t451/the_victorias_secret_fashion_show_2025/,njth9ql,t1_njrqkjy,"Devon Aoki is an exception as she was one of the most prominent Asian models in the west at the time and prolly the only one to reach supermodel status. 

She was also more subtle in her posing - this pose of Iris’ does help her proportions. 

It’s not a personal dig, it’s just about what works visually in a very specific aesthetic framework. Seeing Iris reminded me why the fashion industry tends to favor taller models—it’s about how clothes hang, proportions, etc. Height and proportions are chosen for technical reasons.

As an Asian woman, Devon Aoki was an important example of representation for me growing up… perhaps Iris Law and others like her will be that to shorter women.",17,1760631676.0,User_635
1493,https://www.reddit.com/r/popculturechat/comments/1o7t451/the_victorias_secret_fashion_show_2025/,njsmc8h,t1_njrhlr1,Their faces too?,8,1760622243.0,User_636
1494,https://www.reddit.com/r/popculturechat/comments/1o7t451/the_victorias_secret_fashion_show_2025/,njryu8x,t1_njqe32z,"It's giving (One for the brits)

https://preview.redd.it/7h1ue3csigvf1.jpeg?width=998&format=pjpg&auto=webp&s=093f5323cae5076e881e66c7a455b37866ea0092",229,1760613150.0,User_1045
1495,https://www.reddit.com/r/popculturechat/comments/1o7t451/the_victorias_secret_fashion_show_2025/,njt5go5,t1_njqe32z,girl that’s not a damn labia come on,21,1760628177.0,User_1046
1496,https://www.reddit.com/r/popculturechat/comments/1o7t451/the_victorias_secret_fashion_show_2025/,nk1xwpb,t1_njrqgf2,"Me too! “Me, Myself and I” from the album is one of my all time fave songs of hers.",1,1760742030.0,User_1047
1497,https://www.reddit.com/r/popculturechat/comments/1o7t451/the_victorias_secret_fashion_show_2025/,njqn9yb,t1_njqgdvp,"I'm not sure how VS works now, but they used to make such a big deal about the casting, they would surely have time to get the models' shoe sizes. I understand it's different for high fashion and especially when it's fashion week.",86,1760586410.0,User_1048
1498,https://www.reddit.com/r/popculturechat/comments/1o7t451/the_victorias_secret_fashion_show_2025/,njqspef,t1_njqgdvp,"Yep can confirm, that’s very very common and makes no sense to have to wear giant heels that don’t fit you but be expected to walk perfectly down that runway",23,1760588959.0,User_1049
1499,https://www.reddit.com/r/popculturechat/comments/1o7t451/the_victorias_secret_fashion_show_2025/,njqwvuq,t1_njqj3np,Yas girl iykyk Charlize was a goddess in that ad!,3,1760591075.0,User_691
1500,https://www.reddit.com/r/popculturechat/comments/1o7t451/the_victorias_secret_fashion_show_2025/,njs2drw,t1_njr2ua8,Username checking out,8,1760614766.0,User_1050
1501,https://www.reddit.com/r/popculturechat/comments/1o7t451/the_victorias_secret_fashion_show_2025/,njueb0d,t1_njsyapb,Just stellar. I could work for 100 years and mine would never look like that again,6,1760641380.0,User_707
1502,https://www.reddit.com/r/popculturechat/comments/1o7t451/the_victorias_secret_fashion_show_2025/,njrm9hy,t1_njqzwsq,RUNT 😭😭😭😭,137,1760606199.0,User_1051
1503,https://www.reddit.com/r/popculturechat/comments/1o7t451/the_victorias_secret_fashion_show_2025/,njr0wtq,t1_njqzwsq,It is truly unreal how f-ing hot she is. Like it blows my mind,184,1760593249.0,User_1052
1504,https://www.reddit.com/r/popculturechat/comments/1o7t451/the_victorias_secret_fashion_show_2025/,njs2t23,t1_njqzwsq,Yes! Wife and mother of his children. I think she was even pregnant with one of the kids when the major cheating story made the headlines. He’s a real piece of shit.,45,1760614951.0,User_607
1505,https://www.reddit.com/r/popculturechat/comments/1o7t451/the_victorias_secret_fashion_show_2025/,njry2fd,t1_njqzwsq,"Wait, he cheated on her?! I don't follow celebrity news that much but this is surprising to know.

Adam really is a piece of work 😒",35,1760612776.0,User_1053
1506,https://www.reddit.com/r/popculturechat/comments/1o7t451/the_victorias_secret_fashion_show_2025/,njtergj,t1_njqzwsq,My thoughts exactly when she came out! She's still gorgeous as ever. What a prick.,2,1760630928.0,User_1054
1507,https://www.reddit.com/r/popculturechat/comments/1o7t451/the_victorias_secret_fashion_show_2025/,njqgh61,t1_njqex96,There was like one southeast Asian right?,4,1760583481.0,User_701
1508,https://www.reddit.com/r/popculturechat/comments/1o7t451/the_victorias_secret_fashion_show_2025/,njqmnee,t1_njqlp8v,lol I didn’t count them as they were performances and not exactly one of the models walking downs and posing you know,6,1760586133.0,User_701
1509,https://www.reddit.com/r/popculturechat/comments/1o7t451/the_victorias_secret_fashion_show_2025/,njqmoyn,t1_njqlp8v,Loved their performance tho,2,1760586153.0,User_701
1510,https://www.reddit.com/r/popculturechat/comments/1o7t451/the_victorias_secret_fashion_show_2025/,njqp4u3,t1_njqcnvn,"I still own two shirts and a pair of yoga pants from VS that are 15+ years old and still get worn regularly. The quality now is so, so much worse than it used to be.


Then again, my budget for clothes hasn't increased that much since then. Maybe I'm part of the problem. $32 still sounds like a lot of money for a pair of yoga pants to me, which I think is about what I paid in 2009.",82,1760587250.0,User_1055
1511,https://www.reddit.com/r/popculturechat/comments/1o7t451/the_victorias_secret_fashion_show_2025/,njszj1t,t1_njqcnvn,"Their jeans were amazing, made your butt look so good and they were one of the few places who had long and extra long inseams. Those were they days",6,1760626390.0,User_1056
1512,https://www.reddit.com/r/popculturechat/comments/1o7t451/the_victorias_secret_fashion_show_2025/,njr2y0u,t1_njqcnvn,God I miss those catalogs.,4,1760594381.0,User_659
1513,https://www.reddit.com/r/popculturechat/comments/1o7t451/the_victorias_secret_fashion_show_2025/,njrbvr3,t1_njqcnvn,"I have a pair of white PJs bought in 2012. I still have them, still great and didn’t go off colour.",4,1760599631.0,User_938
1514,https://www.reddit.com/r/popculturechat/comments/1o7t451/the_victorias_secret_fashion_show_2025/,njrxflo,t1_njqcnvn,"I own swimwear from VS from 2016. The elastic is just starting to go, but I got 10 summers worth of wear out of it.",4,1760612471.0,User_1057
1515,https://www.reddit.com/r/popculturechat/comments/1o7t451/the_victorias_secret_fashion_show_2025/,njs5vzl,t1_njqcnvn,"I had so much clothes from them - what happened?

A good chunk of my work clothes in my 20s came from VS because they actually manufactured clothing for my body shape.",3,1760616247.0,User_1058
1516,https://www.reddit.com/r/popculturechat/comments/1o7t451/the_victorias_secret_fashion_show_2025/,njqwxen,t1_njqcnvn,Hugo Buscati ftw,3,1760591099.0,User_968
1517,https://www.reddit.com/r/popculturechat/comments/1o7t451/the_victorias_secret_fashion_show_2025/,njqznuw,t1_njqcnvn,"I don't think their swimsuits ever lasted long--they always pilled super quickly for me. I'm a big fan of Beach Bunny now--it can be a splurge, but they are actually made very well. My first Beach Bunny swimsuit is going on 6 years of use and I still get tons of compliments on it because the wear really isn't that noticable yet.",1,1760592556.0,User_271
1518,https://www.reddit.com/r/popculturechat/comments/1o7t451/the_victorias_secret_fashion_show_2025/,njtjfv2,t1_njqcnvn,I have a shirt from VS that still kills. Probably circa 2004?,1,1760632320.0,User_715
1519,https://www.reddit.com/r/popculturechat/comments/1o7t451/the_victorias_secret_fashion_show_2025/,njvuczr,t1_njqww0j,I had the burgundy bra with the black boy shorts from that collection! I remember the underwear was great for sleepwear. ,2,1760658254.0,User_727
1520,https://www.reddit.com/r/popculturechat/comments/1o7t451/the_victorias_secret_fashion_show_2025/,njqutzt,t1_njqolyh,"yes!!! i remember getting the catalogs and just being in awe of the fashion show looks/exclusives etc.

Its really gone downhill. I was a VS cardholder for years and spent good money there but the quality is just not the same anymore.",4,1760590028.0,User_596
1521,https://www.reddit.com/r/popculturechat/comments/1o7t451/the_victorias_secret_fashion_show_2025/,njqx33m,t1_njqoqgf,Hardly a wrinkle,5,1760591182.0,User_214
1522,https://www.reddit.com/r/popculturechat/comments/1o7t451/the_victorias_secret_fashion_show_2025/,njs5o9q,t1_njr8r9u,Sweet gods her skin bounced back quickly!,7,1760616156.0,User_1058
1523,https://www.reddit.com/r/popculturechat/comments/1o7t451/the_victorias_secret_fashion_show_2025/,njr8b32,t1_njr5353,"I’m Chinese and Italian, I like xiaowen a lot she’s adorable. She has what Chinese people call a classically beautiful face but somehow she also appeals to the fashion industry in the west. I wonder if it’s more of a cultural choice to be more covered up (Chinese media doesn’t love explicit and nudity) and that’s why she chose or they chose this look. It’s pretty, it’s just I wish I could see her in wings 🥺",1,1760597478.0,User_1059
1524,https://www.reddit.com/r/popculturechat/comments/1o7t451/the_victorias_secret_fashion_show_2025/,njvqziz,t1_njst6sd,Oh wow she’s stunning!,8,1760657050.0,User_940
1525,https://www.reddit.com/r/popculturechat/comments/1o7t451/the_victorias_secret_fashion_show_2025/,njr7jd2,t1_njr4qqo,It’s so heavy! ,32,1760597039.0,User_954
1526,https://www.reddit.com/r/popculturechat/comments/1o7t451/the_victorias_secret_fashion_show_2025/,njtnrjd,t1_njr4qqo,"Do you think it looks really bad? I feel like hers is pretty subtle, all things considered",6,1760633587.0,User_1006
1527,https://www.reddit.com/r/popculturechat/comments/1o7t451/the_victorias_secret_fashion_show_2025/,njtoqkw,t1_njr4qqo,"Right, Alessandra Ambrosio is the same age and looks...more natural even though I know she must have had work done",10,1760633870.0,User_657
1528,https://www.reddit.com/r/popculturechat/comments/1o7t451/the_victorias_secret_fashion_show_2025/,njw6dp0,t1_njqljmj,Love ha ha,2,1760662573.0,User_649
1529,https://www.reddit.com/r/popculturechat/comments/1o7t451/the_victorias_secret_fashion_show_2025/,nk2bqmr,t1_njt1k1q,You’d still get out mugged by a 2025 Adriana Lima. Don’t hate it cause you ain’t it.,5,1760747204.0,User_1060
1530,https://www.reddit.com/r/popculturechat/comments/1o7t451/the_victorias_secret_fashion_show_2025/,njvhs9g,t1_njqcw9m,Agreed damn the one with the red lingerie had me mesmerized. She was hitting every beat perfectly,4,1760653768.0,User_1061
1531,https://www.reddit.com/r/popculturechat/comments/1o7t451/the_victorias_secret_fashion_show_2025/,njssbjd,t1_njsr8g2,Agreed! She’s gorgeous.,6,1760624185.0,User_751
1532,https://www.reddit.com/r/popculturechat/comments/1o7t451/the_victorias_secret_fashion_show_2025/,njs2njt,t1_njr5kyl,"This was likely unintentional, but I also appreciate that there’s no calorie count shown anywhere on that photo.",19,1760614884.0,User_1062
1533,https://www.reddit.com/r/popculturechat/comments/1o7t451/the_victorias_secret_fashion_show_2025/,njxr50g,t1_njrrd0d,Real Housewives,2,1760688046.0,User_690
1534,https://www.reddit.com/r/popculturechat/comments/1o7t451/the_victorias_secret_fashion_show_2025/,njrsjgu,t1_njr4nea,That’s the only thing they have going for them but I feel like they tried being inclusive after sales plummeted,7,1760609919.0,User_594
1535,https://www.reddit.com/r/popculturechat/comments/1o7t451/the_victorias_secret_fashion_show_2025/,njqypdy,t1_njqul9d,"I was going to say, has VS ever been known for bra size accuracy?",12,1760592040.0,User_1063
1536,https://www.reddit.com/r/popculturechat/comments/1o7t451/the_victorias_secret_fashion_show_2025/,njrbxgy,t1_njqul9d,For real. This is why I can’t wear their bras anymore: the dreaded quad boob.,5,1760599660.0,User_707
1537,https://www.reddit.com/r/popculturechat/comments/1o7t451/the_victorias_secret_fashion_show_2025/,njr4qcp,t1_njqz2ik,It is simultaneously too big in the band and too small in the cup. Classic VS.,6,1760595401.0,User_1064
1538,https://www.reddit.com/r/popculturechat/comments/1o7t451/the_victorias_secret_fashion_show_2025/,njqtla5,t1_njq6d52,ya id rather just scroll the pics on reddit and then maybe watch the 1 or 2 musical performances from artists i mildly follow,10,1760589405.0,User_1008
1539,https://www.reddit.com/r/popculturechat/comments/1o7t451/the_victorias_secret_fashion_show_2025/,njsebea,t1_njreqy3,Nah I’m short and I do not need representation at the VS fashion show. This show is a disaster atp and they should let it die.,9,1760619471.0,User_785
1540,https://www.reddit.com/r/popculturechat/comments/1o7t451/the_victorias_secret_fashion_show_2025/,nk2nlm5,t1_njz12f8,No I know it’s early ‘00 Christina I just never saw THIS look holy shit,1,1760751711.0,User_787
1541,https://www.reddit.com/r/popculturechat/comments/1o7t451/the_victorias_secret_fashion_show_2025/,njqvgpt,t1_njqubr1,![gif](giphy|iU6EZqWxQH2zS),2,1760590348.0,User_788
1542,https://www.reddit.com/r/popculturechat/comments/1o7t451/the_victorias_secret_fashion_show_2025/,njxrpb8,t1_njs6quo,They look lopsided?,2,1760688396.0,User_690
1543,https://www.reddit.com/r/popculturechat/comments/1o7t451/the_victorias_secret_fashion_show_2025/,njvolp5,t1_njqrukm,"When she was standing there, lights on her, and started strutting after the Latina Forever song and the words written behind her, her serve, the red lights, it was everything",2,1760656196.0,User_825
1544,https://www.reddit.com/r/popculturechat/comments/1o7t451/the_victorias_secret_fashion_show_2025/,njrjlqg,t1_njquage,"Not for idols, no",24,1760604511.0,User_1065
1545,https://www.reddit.com/r/popculturechat/comments/1o7t451/the_victorias_secret_fashion_show_2025/,nju8ww8,t1_njquage,"The outfits, no, but this amount of cleavage is a bit lol",4,1760639769.0,User_1066
1546,https://www.reddit.com/r/popculturechat/comments/1o7t451/the_victorias_secret_fashion_show_2025/,njvag16,t1_njquage,Nah it's veeeery common,2,1760651247.0,User_384
1547,https://www.reddit.com/r/popculturechat/comments/1o7t451/the_victorias_secret_fashion_show_2025/,nk6ay98,t1_njquage,"Not at all, idols wear such outfits all the time and more and korean influencers wear such outfits as well, no one cares",1,1760809695.0,User_705
1548,https://www.reddit.com/r/popculturechat/comments/1o7t451/the_victorias_secret_fashion_show_2025/,njr3g77,t1_njr1xkp,"I looked them up. They are from this netflix film, if I am right?

I havent seen it yet😅",-13,1760594667.0,User_758
1549,https://www.reddit.com/r/popculturechat/comments/1o7t451/the_victorias_secret_fashion_show_2025/,njr7dqb,t1_njqxmk6,It’s genuinely so weird that they’re singing in English but they couldn’t even speak in English when they were being interviewed?,-21,1760596948.0,User_352
1550,https://www.reddit.com/r/popculturechat/comments/1o7t451/the_victorias_secret_fashion_show_2025/,njspb98,t1_njqnfge,"the quality is so bad, reminds me of something you could get from fashion nova or PLT. honestly basically the same as SHEIN just with the fenty logo on it",2,1760623220.0,User_1067
1551,https://www.reddit.com/r/popculturechat/comments/1o7t451/the_victorias_secret_fashion_show_2025/,njtuxw1,t1_njqnfge,"Admittedly I haven’t ordered from them in awhile, but as a large breasted woman I really like their unlined bras. The padded ones are eh… but the lace/t-shirt material are still in use years later",1,1760635657.0,User_1068
1552,https://www.reddit.com/r/popculturechat/comments/1o7t451/the_victorias_secret_fashion_show_2025/,njq8vjw,t1_njq6pzh,That last outfit is terrible. Beautiful girl though,3,1760580494.0,User_692
1553,https://www.reddit.com/r/popculturechat/comments/1o7t451/the_victorias_secret_fashion_show_2025/,njqidx5,t1_njq6pzh,Lila is absolutely stunning,-8,1760584273.0,User_587
1554,https://www.reddit.com/r/popculturechat/comments/1o7t451/the_victorias_secret_fashion_show_2025/,njtkrt5,t1_njska3r,yall still hating i can’t 😂😂,0,1760632713.0,User_1069
1555,https://www.reddit.com/r/popculturechat/comments/1o7t451/the_victorias_secret_fashion_show_2025/,njrq3ke,t1_njrg0tz,Yup she did. Well we won’t notice it if she performed well and had good songs.,9,1760608527.0,User_119
1556,https://www.reddit.com/r/popculturechat/comments/1o7t451/the_victorias_secret_fashion_show_2025/,njrcbq9,t1_njr5wpl,Fr I had to check the name again,6,1760599909.0,User_707
1557,https://www.reddit.com/r/popculturechat/comments/1o7t451/the_victorias_secret_fashion_show_2025/,njqobpj,t1_njqm9vn,"""This photo feels like it could have been 20 years ago"" Yes! That's exactly what I meant, thank you. She is undoubtedly a wonderful model, but it really, and viciously, threw me back to the terribly unhealthy women paraded about in 2005 or so. Especially knowing now how pressured they were to be that svelte, and how much representation there is elsewhere in fashion of this particular look... I think she may have been a bad choice for the VS catwalk.",11,1760586880.0,User_854
1558,https://www.reddit.com/r/popculturechat/comments/1o7t451/the_victorias_secret_fashion_show_2025/,njql0ww,t1_njqbrv7,They did her so dirty,12,1760585407.0,User_72
1559,https://www.reddit.com/r/popculturechat/comments/1o7t451/the_victorias_secret_fashion_show_2025/,njqujtt,t1_njqbhk4,No like…,4,1760589885.0,User_857
1560,https://www.reddit.com/r/popculturechat/comments/1o7t451/the_victorias_secret_fashion_show_2025/,njtuzut,t1_njqmknv,Having a child will do that to ya.,2,1760635673.0,User_1070
1561,https://www.reddit.com/r/popculturechat/comments/1o7t451/the_victorias_secret_fashion_show_2025/,njqo1sq,t1_njqb1pt,She is 30 years old.,13,1760586756.0,User_1071
1562,https://www.reddit.com/r/popculturechat/comments/1o7t451/the_victorias_secret_fashion_show_2025/,njqoayo,t1_njqlggl,Exactly. Like everyone else who is sick does!,12,1760586871.0,User_788
1563,https://www.reddit.com/r/popculturechat/comments/1o7t451/the_victorias_secret_fashion_show_2025/,njtgrdm,t1_njt5v53,"These ones but also others that you mentioned have participated in various fashion shows but who knows how the companies and casting agents decide who will participate each time. But it’s 100% through connections and favors. 

I feel the main discussion should be how it’s mainly gils and women coming from connected and rich families that want to participate in the beauty and famous world as they have received the message that this is a woman’s worth in patriarchy. It’s sad to see that even the rich kids can’t escape patriarchy. I know I would take my inheritance and study non stop.",2,1760631524.0,User_192
1564,https://www.reddit.com/r/popculturechat/comments/1o7t451/the_victorias_secret_fashion_show_2025/,njqf0w1,t1_njq5cu6,"Bella went hard to be recognized as a model, and the only time Gigi was not going along with model standards was when she didn’t want to starve. And I mean that’s totally fair.",18,1760582898.0,User_874
1565,https://www.reddit.com/r/popculturechat/comments/1o7t451/the_victorias_secret_fashion_show_2025/,njr3fn3,t1_njqb748,She didn't need a blood infusion. It was all elective. Munchausen by proxy,2,1760594658.0,User_870
1566,https://www.reddit.com/r/popculturechat/comments/1o7t451/the_victorias_secret_fashion_show_2025/,njqiful,t1_njqb748,"Ofc she can take a break if she wants to. There are various comments about her about her health, her tan, why she kept looking down, her wings weight 50 pounds, why did she look different, etc. However she keeps being professional, we might never know how heavy the pressure she endured glad she's doing fine. I read a lot of critics on this year VSS",3,1760584294.0,User_876
1567,https://www.reddit.com/r/popculturechat/comments/1o7t451/the_victorias_secret_fashion_show_2025/,njqon8r,t1_njqnrt5,"You are not the only person here commenting this kind of questioning that is concerning to me as a sick person (and someone who specializes in therapy for sick people). things change every day in an illness. Some days are good, some are bad. Some days you can push through and some you can’t.

We also can get health updates (even in regular, non famous people) once someone is BETTER versus acutely doing poorly. Photos etc can be old. 

I’m not even a fan of her (don’t follow her on insta or anything) but I’m tired of this narrative that someone is only sick sometimes.",2,1760587026.0,User_788
1568,https://www.reddit.com/r/popculturechat/comments/1o7t451/the_victorias_secret_fashion_show_2025/,njt11re,t1_njscpbv,She’s also a model and has walked other shows before..,24,1760626846.0,User_1015
1569,https://www.reddit.com/r/popculturechat/comments/1o7t451/the_victorias_secret_fashion_show_2025/,njw6bfm,t1_njscpbv,"she’s been transitioning to modelling for the past couple years and has done legitimate shoots and spreads and has eaten tf out of them, so she’s definitely still a hard-working model",10,1760662551.0,User_1021
1570,https://www.reddit.com/r/popculturechat/comments/1o7t451/the_victorias_secret_fashion_show_2025/,njtlheh,t1_njscpbv,nah shes a model and has been working hard to be accepted as a model. shes not a typical influencer that does random shit for cash,5,1760632922.0,User_1072
1571,https://www.reddit.com/r/popculturechat/comments/1o7t451/the_victorias_secret_fashion_show_2025/,njsnbpr,t1_njscpbv,"I mean, it still has always been a dream of hers.",1,1760622570.0,User_1073
1572,https://www.reddit.com/r/popculturechat/comments/1o7t451/the_victorias_secret_fashion_show_2025/,nju7mhk,t1_njrueyf,r/ABraThatFits taught me well. ,19,1760639380.0,User_1074
1573,https://www.reddit.com/r/popculturechat/comments/1o7t451/the_victorias_secret_fashion_show_2025/,njv9trh,t1_njrueyf,Victoria was made up by a dude. It tracks.,15,1760651041.0,User_1075
1574,https://www.reddit.com/r/popculturechat/comments/1o7t451/the_victorias_secret_fashion_show_2025/,njv31yk,t1_njszlq1,They don’t carry mine either. I just think it’s wildly stupid to have this event where it’s so visible that they can’t properly fit a bra (even on very small chested women in the other pics!),10,1760648838.0,User_653
1575,https://www.reddit.com/r/popculturechat/comments/1o7t451/the_victorias_secret_fashion_show_2025/,njt92zj,t1_njsioo7,Uggghh I love this. A girl in a freaking wheelchair?! This was beautiful. Thank you for sharing,4,1760629257.0,User_1076
1576,https://www.reddit.com/r/popculturechat/comments/1o7t451/the_victorias_secret_fashion_show_2025/,njv1ujm,t1_njsiost,"I am pretty sure the focus is sexy looks, cleavage and spectacle. VS has always promoted overspilling multiple cup too small look and squished boobs in their ads and shows. The bigger someone's boobs are, the worse the fit usually and thats quite typical for mainstream brands. 

Its one reason so many busty women don't have well fitting bras and think bras hurt and are uncomfortable since people start to think that bad fit is how bras are supposed to look.",12,1760648456.0,User_1077
1577,https://www.reddit.com/r/popculturechat/comments/1o7t451/the_victorias_secret_fashion_show_2025/,njqnean,t1_njqek6t,I coveted those cropped sweatpants with PINK written across my butt so much.,151,1760586464.0,User_1078
1578,https://www.reddit.com/r/popculturechat/comments/1o7t451/the_victorias_secret_fashion_show_2025/,njqfzon,t1_njqek6t,pink is still around and has cute stuff and i see people in the fragrance subs talking about their body care so ive been meaning to swing by next time i’m at a mall but it seems like the general public is over them. which makes me wonder where everyone’s buying underwear now? lol,18,1760583284.0,User_716
1579,https://www.reddit.com/r/popculturechat/comments/1o7t451/the_victorias_secret_fashion_show_2025/,njsfrdw,t1_njqek6t,I'm pretty sure I still have a bottle of love spell around here somewhere...,6,1760619984.0,User_1079
1580,https://www.reddit.com/r/popculturechat/comments/1o7t451/the_victorias_secret_fashion_show_2025/,njtec26,t1_njqek6t,"Vicky’s used to be such a good brand. All the leisure wear was well made, underwear lasted forever, nfl merch was so freaking cute & quality. Anyone else remember when they used to have a catalogue of actual clothes they sold? Whoever did their buying was a freaking genius. I bought so many gorgeous sweaters, jackets, & shoes from them",3,1760630800.0,User_1080
1581,https://www.reddit.com/r/popculturechat/comments/1o7t451/the_victorias_secret_fashion_show_2025/,njus9v2,t1_njqek6t,"Yup, and nobody wants that anymore. All my teen wants is fold over pants that don’t cost damn near $100 and angel wing sweatshirts. Do they still make those zip ups? I had some in high school lol",3,1760645557.0,User_1081
1582,https://www.reddit.com/r/popculturechat/comments/1o7t451/the_victorias_secret_fashion_show_2025/,njtt84d,t1_njtt1nf,No I totally agree lol. And their “plus size” girlie is just a woman who works out? So dumb,6,1760635162.0,User_343
1583,https://www.reddit.com/r/popculturechat/comments/1o7t451/the_victorias_secret_fashion_show_2025/,njs3pe1,t1_njr3wcb,Honestly they could probably shape them out of Styrofoam and shit like that like cosplayers do.,190,1760615333.0,User_1082
1584,https://www.reddit.com/r/popculturechat/comments/1o7t451/the_victorias_secret_fashion_show_2025/,njrefsa,t1_njr3wcb,They always give the heaviest wings to the weakest models. Heidi would have carried those like it's the easiest thing. ,61,1760601236.0,User_504
1585,https://www.reddit.com/r/popculturechat/comments/1o7t451/the_victorias_secret_fashion_show_2025/,njton7q,t1_njr3wcb,"They look inflatable, like you would have to try to make them heavy. Wtf were they doing in that props shop.",8,1760633843.0,User_1083
1586,https://www.reddit.com/r/popculturechat/comments/1o7t451/the_victorias_secret_fashion_show_2025/,njs59t2,t1_njr3wcb,Have you ever lifted plywood plywood is ridiculously heavy that’s why someone cheap furniture is the heaviest,3,1760615990.0,User_1084
1587,https://www.reddit.com/r/popculturechat/comments/1o7t451/the_victorias_secret_fashion_show_2025/,njssm40,t1_njr3wcb,Plywood is a terrible idea!,-5,1760624278.0,User_1085
1588,https://www.reddit.com/r/popculturechat/comments/1o7t451/the_victorias_secret_fashion_show_2025/,njrqfka,t1_njqpc2j,"I agree with this. It seemed flirty and fun when they were actually walking. Besides the one girl who tripped everything else went great. These photos look boring but besides the one kpop group that was off key, I loved the show this year.",8,1760608720.0,User_972
1589,https://www.reddit.com/r/popculturechat/comments/1o7t451/the_victorias_secret_fashion_show_2025/,njtdmr8,t1_njqyfce,"She claims to have chronic Lyme disease, which is not a real thing. Many celebrities do that in order to explain away drug habits and/or eating disorders",7,1760630592.0,User_1086
1590,https://www.reddit.com/r/popculturechat/comments/1o7t451/the_victorias_secret_fashion_show_2025/,njr00e7,t1_njqyfce,"I absolutely despise the meme people have made of that AI pic of an amputated girl in the hospital with the caption 'Bella in-between shows' 

It's so bloody insensitive. She's doing whatever she can in-between work to feel better and she proper sucks it up and does her job no matter how she's feeling. It would be rather easy for her to just sit back and coast off her dad's wealth but she still works despite her body betraying her

I'm glad she can afford to try whatever. People love to dismiss celebrities' feelings - 'omg you have money just suck it up'. It makes me so angry. It's not like she's Microsoft, girl's just trying to live

Really pissed me off when people were shitting on celebrities during lockdown. Creatives and artists especially make good art because they struggle, or hyper perceive the world which can be tough to process on good days. To simply dismiss people like Sam Smith having trouble being alone, when artists are often never alone, made me big mad",1,1760592748.0,User_1087
1591,https://www.reddit.com/r/popculturechat/comments/1o7t451/the_victorias_secret_fashion_show_2025/,njq7f8i,t1_njq4xxi,I needed better looking parents,668,1760579960.0,User_768
1592,https://www.reddit.com/r/popculturechat/comments/1o7t451/the_victorias_secret_fashion_show_2025/,njq5isu,t1_njq4xxi,I need to start estrogen,69,1760579263.0,User_1088
1593,https://www.reddit.com/r/popculturechat/comments/1o7t451/the_victorias_secret_fashion_show_2025/,njqawan,t1_njq4xxi,Same and also lose the same amt in my waistline,6,1760581272.0,User_1089
1594,https://www.reddit.com/r/popculturechat/comments/1o7t451/the_victorias_secret_fashion_show_2025/,njql60u,t1_njqba1h,It's what's inside you that counts. Just be a good person,16,1760585469.0,User_719
1595,https://www.reddit.com/r/popculturechat/comments/1o7t451/the_victorias_secret_fashion_show_2025/,nju6eai,t1_njqdwpc,"100% understandable. Maybe you should give all the pakora to me, to help you stop.",2,1760639010.0,User_1090
1596,https://www.reddit.com/r/popculturechat/comments/1o7t451/the_victorias_secret_fashion_show_2025/,njxq08o,t1_njqdwpc,Ice cream for me B. Life's better when you enjoy the little things tho,1,1760687361.0,User_690
1597,https://www.reddit.com/r/popculturechat/comments/1o7t451/the_victorias_secret_fashion_show_2025/,njsmlba,t1_njqive5,Yeah I’m just kidding 🤣 everyone’s so serious lol,4,1760622328.0,User_917
1598,https://www.reddit.com/r/popculturechat/comments/1o7t451/the_victorias_secret_fashion_show_2025/,njqbsbd,t1_njqb2u0,Reminder most of them don’t do this. They drink liquids Adriana is the only one who said she did a liquid diet a few days before the show,6,1760581616.0,User_903
1599,https://www.reddit.com/r/popculturechat/comments/1o7t451/the_victorias_secret_fashion_show_2025/,njqwqy0,t1_njqb2u0,Well if that's all it takes...,1,1760591004.0,User_1091
1600,https://www.reddit.com/r/popculturechat/comments/1o7t451/the_victorias_secret_fashion_show_2025/,njsmo6q,t1_njqb2u0,I’m kidding everyone! It was a cheeky joke 🤣,1,1760622354.0,User_917
1601,https://www.reddit.com/r/popculturechat/comments/1o7t451/the_victorias_secret_fashion_show_2025/,njql347,t1_njqb2u0,"Me when I spread misinformation, that is what body builders do before shows most models do not do this",-2,1760585434.0,User_1092
1602,https://www.reddit.com/r/popculturechat/comments/1o7t451/the_victorias_secret_fashion_show_2025/,njslzw0,t1_njqewna,I know I’m just kidding lol,2,1760622129.0,User_917
1603,https://www.reddit.com/r/popculturechat/comments/1o7t451/the_victorias_secret_fashion_show_2025/,njqj6ud,t1_njqgel1,this is what I see as well,8,1760584612.0,User_1093
1604,https://www.reddit.com/r/popculturechat/comments/1o7t451/the_victorias_secret_fashion_show_2025/,njrjqvj,t1_njqgel1,Rachel Skarsten,3,1760604601.0,User_1094
1605,https://www.reddit.com/r/popculturechat/comments/1o7t451/the_victorias_secret_fashion_show_2025/,njs8ujb,t1_njqgel1,If they had a baby.,3,1760617428.0,User_1095
1606,https://www.reddit.com/r/popculturechat/comments/1o7t451/the_victorias_secret_fashion_show_2025/,njsjavi,t1_njqgel1,Dang now I can’t unsee this. She served nevertheless tho,1,1760621214.0,User_1096
1607,https://www.reddit.com/r/popculturechat/comments/1o7t451/the_victorias_secret_fashion_show_2025/,njskaw8,t1_njrrmxj,It's why Heidi was so great at VS,25,1760621557.0,User_1097
1608,https://www.reddit.com/r/popculturechat/comments/1o7t451/the_victorias_secret_fashion_show_2025/,njsri0k,t1_njshql6,"I’m just going by her wiki. 

Either way, no random joe off the street would be getting that gig at either height. She’s lovely but out of place.",3,1760623926.0,User_942
1609,https://www.reddit.com/r/popculturechat/comments/1o7t451/the_victorias_secret_fashion_show_2025/,njs47hg,t1_njrwkoi,Her walk looked ridiculous I’m sorry,32,1760615547.0,User_1098
1610,https://www.reddit.com/r/popculturechat/comments/1o7t451/the_victorias_secret_fashion_show_2025/,njshvcs,t1_njs229n,"She’s shorter in real life, seen her in Notting Hill around 5’3",15,1760620720.0,User_1044
1611,https://www.reddit.com/r/popculturechat/comments/1o7t451/the_victorias_secret_fashion_show_2025/,njspsli,t1_njsgdf4,"Well… what you’re saying is they can’t catwalk and I disagree. That’s my entire point. I want to see my size on the catwalk. These clothes are meant to be on people, so show me how they fit. Easy.",25,1760623376.0,User_910
1612,https://www.reddit.com/r/popculturechat/comments/1o7t451/the_victorias_secret_fashion_show_2025/,njskm5i,t1_njryu8x,"I cackle at this scene every rewatch, comedy gold",5,1760621665.0,User_1099
1613,https://www.reddit.com/r/popculturechat/comments/1o7t451/the_victorias_secret_fashion_show_2025/,njtj8sj,t1_njryu8x,God I miss this show,6,1760632262.0,User_1100
1614,https://www.reddit.com/r/popculturechat/comments/1o7t451/the_victorias_secret_fashion_show_2025/,njtv2ex,t1_njt5go5,Right?! That’s inner thigh 🤣,2,1760635694.0,User_724
1615,https://www.reddit.com/r/popculturechat/comments/1o7t451/the_victorias_secret_fashion_show_2025/,njvqa5h,t1_njqn9yb,Yes and size 7 when most models are a 9+ is crazy,3,1760656795.0,User_1101
1616,https://www.reddit.com/r/popculturechat/comments/1o7t451/the_victorias_secret_fashion_show_2025/,njqxfzx,t1_njqwvuq,she is/was *everythiiiing*,3,1760591370.0,User_596
1617,https://www.reddit.com/r/popculturechat/comments/1o7t451/the_victorias_secret_fashion_show_2025/,njutqvf,t1_njueb0d,And I need to be ok with that fact about me. Working on remembering that Victoria’s Secret is that she was made up by a dude. ,3,1760645997.0,User_962
1618,https://www.reddit.com/r/popculturechat/comments/1o7t451/the_victorias_secret_fashion_show_2025/,njxh8tt,t1_njueb0d,"Mom pooch doesn't respond to diet and exercise. It responds to postpartum physical therapy, often within a few months.",2,1760682221.0,User_953
1619,https://www.reddit.com/r/popculturechat/comments/1o7t451/the_victorias_secret_fashion_show_2025/,njs2fsf,t1_njry2fd,Omg not only did he cheat. He was publicly humiliated when his unbearably cringey sexts to influencers dms came out. Oh and also his wife was pregnant at the time and he was trying to NAME THE BABY AFTER THE MISTRESS. It was diabolical and hilarious.,124,1760614790.0,User_1102
1620,https://www.reddit.com/r/popculturechat/comments/1o7t451/the_victorias_secret_fashion_show_2025/,njsotbf,t1_njry2fd,I think you'll enjoy this [meme ](https://www.reddit.com/r/popculturechat/s/8yw4o4jOKO) compilation lol,13,1760623058.0,User_963
1621,https://www.reddit.com/r/popculturechat/comments/1o7t451/the_victorias_secret_fashion_show_2025/,njsir34,t1_njry2fd,Dude has been cheating on her for years. I assumed they had an open marriage. They are still married,10,1760621025.0,User_1103
1622,https://www.reddit.com/r/popculturechat/comments/1o7t451/the_victorias_secret_fashion_show_2025/,njqkdhj,t1_njqgh61,"Yes from my knowledge (that being Suni Lee who is Hmong). There were 3 other South Asian models too — Yasmin, Jasmine, and Neelam. And then 5 East Asian models. I’m Asian too so I notice these things like you do, and agree that rep is lacking. I promise I’m not trying to be annoying— just wanted to include South and Southeast Asians in the convo as they’re often forgotten",28,1760585123.0,User_601
1623,https://www.reddit.com/r/popculturechat/comments/1o7t451/the_victorias_secret_fashion_show_2025/,njqmv0l,t1_njqmnee,Don’t forget to count my queen Liu wen too,3,1760586227.0,User_264
1624,https://www.reddit.com/r/popculturechat/comments/1o7t451/the_victorias_secret_fashion_show_2025/,njsm2li,t1_njs5vzl,Yes!! My favorite pair of dress slacks are VS brand. I found them at a thrift store for $5 and I wear them every time I have to go into the office.,3,1760622154.0,User_1104
1625,https://www.reddit.com/r/popculturechat/comments/1o7t451/the_victorias_secret_fashion_show_2025/,njrhs3y,t1_njr7jd2,I swear…any kind of work usually looks much subtler under all the makeup and lights but it’s still so obvious,12,1760603334.0,User_977
1626,https://www.reddit.com/r/popculturechat/comments/1o7t451/the_victorias_secret_fashion_show_2025/,njsqq44,t1_njr4qcp,i didn’t know about proper bra sizing until literally this month and it’s been life changing. but they’re a bra store and have no excuse 😂,2,1760623677.0,User_716
1627,https://www.reddit.com/r/popculturechat/comments/1o7t451/the_victorias_secret_fashion_show_2025/,njx8qi7,t1_njsebea,"no i get that, i don't really care about victoria secret. but the few comments have a weird vibe of mentioning that the model is short but also being happy about plus size.",3,1760677633.0,User_995
1628,https://www.reddit.com/r/popculturechat/comments/1o7t451/the_victorias_secret_fashion_show_2025/,njy321o,t1_njxrpb8,Yup I guess because there so heavy 😬,1,1760695280.0,User_831
1629,https://www.reddit.com/r/popculturechat/comments/1o7t451/the_victorias_secret_fashion_show_2025/,njsqfmv,t1_njrjlqg,"Kpop does NOT show cleavage is all im sayin, lul",6,1760623585.0,User_1008
1630,https://www.reddit.com/r/popculturechat/comments/1o7t451/the_victorias_secret_fashion_show_2025/,njr47f1,t1_njr3g77,"Well yes, they did a version of one of the songs from the K-pop Demon Hunters soundtrack, and one of their original songs is featured in the movie. But they are a ten year old group, that's really big both domestically and internationally. If you're a fan of pop, listen to (and preferably watch the music video of) ""I Can't Stop Me"", ""Fancy"" or perhaps Nayeon's (was at the VA show) solo song ""Pop!"". ""Strategy"" is the song that was in the movie and has version featuring Megan Thee Stallion.",27,1760595098.0,User_1009
1631,https://www.reddit.com/r/popculturechat/comments/1o7t451/the_victorias_secret_fashion_show_2025/,njro03n,t1_njr7dqb,why is that weird? it's a lot easier to memorise some song lyrics in another language than it is to speak fluently in an interview. do you think it's so easy to learn english???,28,1760607277.0,User_1105
1632,https://www.reddit.com/r/popculturechat/comments/1o7t451/the_victorias_secret_fashion_show_2025/,njqwksa,t1_njqidx5,"Eh, she’s hometown mall pretty to me, not model pretty. I don’t think she’d catch anyone’s attention if her mom wasn’t an icon in the modeling industry",15,1760590915.0,User_1106
1633,https://www.reddit.com/r/popculturechat/comments/1o7t451/the_victorias_secret_fashion_show_2025/,njs8axm,t1_njs2xcn,It’s not misogyny… her hips don’t look natural anymore. But they could at least say allegedly lol,4,1760617213.0,User_587
1634,https://www.reddit.com/r/popculturechat/comments/1o7t451/the_victorias_secret_fashion_show_2025/,njttz1q,t1_njtgrdm,"Ugh, your entire last paragraph. Sigh … Agree with everything you write. I saw other pics of \* guests \* at the VS show … old white men, some old enough to be some of these girls grandfathers fr. I guess I’m just never going to be onboard with VS & the VS show, no matter how they package it. I genuinely don’t get how it’s still even happening in 2025",3,1760635376.0,User_207
1635,https://www.reddit.com/r/popculturechat/comments/1o7t451/the_victorias_secret_fashion_show_2025/,njxix4v,t1_njt92zj,"No problem! 
I was so angry for that girl when Jax first posted this 3 years ago. I forget what her condition is but it's pretty obvious she has no muscle built in her legs, though she CAN move them. Some asshole commented on the video about how she was pretending to be disabled bec ""her legs were moving!"" She and Jax did a video a day or two later basically calling that asshole out.",2,1760683169.0,User_1025
1636,https://www.reddit.com/r/popculturechat/comments/1o7t451/the_victorias_secret_fashion_show_2025/,njsyjqw,t1_njqnean,I had a bright yellow pair of those in hs and looooved them,4,1760626094.0,User_1107
1637,https://www.reddit.com/r/popculturechat/comments/1o7t451/the_victorias_secret_fashion_show_2025/,njwc14m,t1_njqnean,I still have mine lol. I love that everyone is bringing back their vintage lines though,2,1760664549.0,User_1108
1638,https://www.reddit.com/r/popculturechat/comments/1o7t451/the_victorias_secret_fashion_show_2025/,njqj2gy,t1_njqfzon,"Natori underwear is the bomb.  100% Pima cotton and holds up too.  If you like funky prints, Duluth undies are great for days when I’m doing more heavy duty stuff outside.",5,1760584561.0,User_539
1639,https://www.reddit.com/r/popculturechat/comments/1o7t451/the_victorias_secret_fashion_show_2025/,njrcpoc,t1_njqfzon,Uniqlo,3,1760600150.0,User_1109
1640,https://www.reddit.com/r/popculturechat/comments/1o7t451/the_victorias_secret_fashion_show_2025/,njqzapy,t1_njqfzon,Target.,8,1760592358.0,User_1110
1641,https://www.reddit.com/r/popculturechat/comments/1o7t451/the_victorias_secret_fashion_show_2025/,njtwfdm,t1_njqfzon,Soma,1,1760636090.0,User_1111
1642,https://www.reddit.com/r/popculturechat/comments/1o7t451/the_victorias_secret_fashion_show_2025/,njsrch0,t1_njrefsa,Devin too!,5,1760623878.0,User_1112
1643,https://www.reddit.com/r/popculturechat/comments/1o7t451/the_victorias_secret_fashion_show_2025/,njt49ad,t1_njs59t2,that’s why they’re saying the wings must be made of plywood,28,1760627812.0,User_1046
1644,https://www.reddit.com/r/popculturechat/comments/1o7t451/the_victorias_secret_fashion_show_2025/,njv7m21,t1_njtdmr8,"I fully stand by my comment. Until you have a chronic mystery illness and experience the desperation of trying to find help, you shouldn’t comment on the issue. Doctors that take advantage of people by diagnosing them with pseudoscience are who should be criticized. Not the patients. Life is hard enough. Assuming someone is an addict just because they are a chronically ill celebrity is cruel. Again, have some empathy. ",-1,1760650315.0,User_1034
1645,https://www.reddit.com/r/popculturechat/comments/1o7t451/the_victorias_secret_fashion_show_2025/,njqf06r,t1_njq7f8i,i needed better genetics,296,1760582891.0,User_603
1646,https://www.reddit.com/r/popculturechat/comments/1o7t451/the_victorias_secret_fashion_show_2025/,njqtp53,t1_njq7f8i,My parents were beautiful yet here I am,20,1760589458.0,User_151
1647,https://www.reddit.com/r/popculturechat/comments/1o7t451/the_victorias_secret_fashion_show_2025/,njqzxnm,t1_njq7f8i,Scrap my whole blood line I guess. The aoemba that walked out of the swap that became a person later down the line must have been smoking hot for Candice.,12,1760592706.0,User_1113
1648,https://www.reddit.com/r/popculturechat/comments/1o7t451/the_victorias_secret_fashion_show_2025/,njsnpdy,t1_njq7f8i,"I’m so glad there’s a way to phrase, I’m uggo but it’s not my fault. Dammit mom and dad.",3,1760622696.0,User_1114
1649,https://www.reddit.com/r/popculturechat/comments/1o7t451/the_victorias_secret_fashion_show_2025/,njqse6w,t1_njql60u,What's inside me is a large coffee and a bag of Skittles,47,1760588805.0,User_1115
1650,https://www.reddit.com/r/popculturechat/comments/1o7t451/the_victorias_secret_fashion_show_2025/,njtcnu4,t1_njsmlba,So you're not going exercise more? 😂,2,1760630306.0,User_162
1651,https://www.reddit.com/r/popculturechat/comments/1o7t451/the_victorias_secret_fashion_show_2025/,njs4z5x,t1_njs3is9,"And that is the issue. Short girls shouldn’t have to “elongate” themselves to be considered good looking. And I don’t want to see what clothes look like on a hanger, I want to see what they would look like on a person with a shorter stature. Normalizing only tall people being models only perpetuates stereotypes and hurts LOTS of people.",14,1760615868.0,User_972
1652,https://www.reddit.com/r/popculturechat/comments/1o7t451/the_victorias_secret_fashion_show_2025/,njssezg,t1_njspsli,"As a 5’1” person currently doing PT with a PT who has to be damn near 7” (from my perspective…I feel like I’m always saying, “yeah, you make it look easy when you have an actual wingspan!”), I think if the models were closer to our height, this show would either be 12 hours long or all of the models would have severe hip sprains by the end…do you know how long it would take short people to get to the end?? Or they’d all be doing deep lunges to get there in the same mount of time as those tall ladies. Nobody wants to see short women running in underwear and plywood wings.

Edit to add: I wasn’t thinking straight, it was early and I was in pain, see below! Thanks for the downvotes! 😉",-11,1760624216.0,User_1116
1653,https://www.reddit.com/r/popculturechat/comments/1o7t451/the_victorias_secret_fashion_show_2025/,njumhj4,t1_njspsli,"Don’t put words into my mouth because I never said they can’t do runway. Instead, please learn some reading comprehension, and then try reading my comment again. If it was a skill you currently possessed, then you’d understand that I didn’t say short girls can’t do runway, I also never said I agreed with the sentiment that short girls can’t do runway, what I said was that they’re *more likely to be doing* catalog / editorial. You stated that you never understood why short people can’t model. I was correcting that wrong assumption by informing you that short people actually do model, just not much on the runway.",-10,1760643843.0,User_146
1654,https://www.reddit.com/r/popculturechat/comments/1o7t451/the_victorias_secret_fashion_show_2025/,njuwti5,t1_njutqvf,"100%. Once I got over a D, nothing fit anymore either.",2,1760646928.0,User_707
1655,https://www.reddit.com/r/popculturechat/comments/1o7t451/the_victorias_secret_fashion_show_2025/,njs33ng,t1_njs2fsf,"After the mistress?! Dafuq?!

![gif](giphy|buadwEVIzru1O)",21,1760615078.0,User_1053
1656,https://www.reddit.com/r/popculturechat/comments/1o7t451/the_victorias_secret_fashion_show_2025/,njvreik,t1_njs2fsf,That just goes to show how much audacity some men have. He has a 10 for a wife and fumbled because he has the audacity to think he can get whoever he wants.,12,1760657201.0,User_1117
1657,https://www.reddit.com/r/popculturechat/comments/1o7t451/the_victorias_secret_fashion_show_2025/,njsvsip,t1_njs2fsf,I know nothing about Adam Levine but just by looking at him none of this surprises me lmao,5,1760625263.0,User_958
1658,https://www.reddit.com/r/popculturechat/comments/1o7t451/the_victorias_secret_fashion_show_2025/,njqnfoj,t1_njqkdhj,As a Hmong person I thank you for acknowledging us being forgotten almost all the time,19,1760586482.0,User_534
1659,https://www.reddit.com/r/popculturechat/comments/1o7t451/the_victorias_secret_fashion_show_2025/,njqmifo,t1_njqkdhj,Oh of course I didn’t know where the other models were really from just from a first look. That’s more than I thought so that’s not as bad 😭,6,1760586070.0,User_701
1660,https://www.reddit.com/r/popculturechat/comments/1o7t451/the_victorias_secret_fashion_show_2025/,njvstnt,t1_njqkdhj,Jasmine Tookes is South Asian? Or different Jasmine?,1,1760657708.0,User_1118
1661,https://www.reddit.com/r/popculturechat/comments/1o7t451/the_victorias_secret_fashion_show_2025/,njqnnv3,t1_njqmv0l,Gorgeous isn’t she,1,1760586582.0,User_701
1662,https://www.reddit.com/r/popculturechat/comments/1o7t451/the_victorias_secret_fashion_show_2025/,njsw8r0,t1_njsqq44,"I go to a smaller shoppe to get fitted & but bras & the lady who does mine started off the appt by telling me that she worked at VS & they never taught them how to properly fit people & now that she knows how to do it, she wanted to apologize if I had been victimized by bad fittings at VS 😂",3,1760625401.0,User_1119
1663,https://www.reddit.com/r/popculturechat/comments/1o7t451/the_victorias_secret_fashion_show_2025/,njvv5en,t1_njr47f1,+1 for banger song recommendations,1,1760658535.0,User_1120
1664,https://www.reddit.com/r/popculturechat/comments/1o7t451/the_victorias_secret_fashion_show_2025/,njtiuw2,t1_njro03n,I don’t but I don’t like them,-3,1760632147.0,User_352
1665,https://www.reddit.com/r/popculturechat/comments/1o7t451/the_victorias_secret_fashion_show_2025/,njtfi9z,t1_njqj2gy,"Bamboo, brand, has the most comfortable boxer briefs and I think make women's too. Also vs fragrances are so identifiable and its good. Makes me look around to see who might have it. Lol",1,1760631151.0,User_1121
1666,https://www.reddit.com/r/popculturechat/comments/1o7t451/the_victorias_secret_fashion_show_2025/,njtiivr,t1_njqzapy,"I love the Kindly brand from Walmart. Cozy and cute. 

Their wire-free bras are fantastic! I've not worn a bra with underwire since! So much more comfortable and without losing any support. Plus, you never will experience being stabbed when a wire works its way though the fabric in the middle of the day! I've also had bras with underwire that was a weird fit that would chafe my inner upper arm. Fuck that noise, wire-free is the way to be!",3,1760632048.0,User_1122
1667,https://www.reddit.com/r/popculturechat/comments/1o7t451/the_victorias_secret_fashion_show_2025/,nkjcpm0,t1_njv7m21,"Ok, I’ve had incurable chronic pain for almost 15 years, and no diagnosis. Since I’ve passed your criteria, I shall say: she definitely uses “chronic Lyme” as an excuse lmao, it’s not like she’s some poor, uneducated fool",1,1761013799.0,User_1086
1668,https://www.reddit.com/r/popculturechat/comments/1o7t451/the_victorias_secret_fashion_show_2025/,njqy5nc,t1_njqf06r,I need a trust fund.,120,1760591746.0,User_674
1669,https://www.reddit.com/r/popculturechat/comments/1o7t451/the_victorias_secret_fashion_show_2025/,njshrjc,t1_njqf06r,"Fr, I inherited depression and ADD, not jaw droppingly good looks, wtf",5,1760620682.0,User_939
1670,https://www.reddit.com/r/popculturechat/comments/1o7t451/the_victorias_secret_fashion_show_2025/,njsghni,t1_njqf06r,Same. Candice is my ultimate VS angel.,1,1760620238.0,User_1123
1671,https://www.reddit.com/r/popculturechat/comments/1o7t451/the_victorias_secret_fashion_show_2025/,njtskub,t1_njtcnu4,Eh 🤣 maybe maybe not lmao,2,1760634979.0,User_917
1672,https://www.reddit.com/r/popculturechat/comments/1o7t451/the_victorias_secret_fashion_show_2025/,njspyty,t1_njrpnih,Candice looks like this year round,2,1760623432.0,User_903
1673,https://www.reddit.com/r/popculturechat/comments/1o7t451/the_victorias_secret_fashion_show_2025/,njs57z6,t1_njs4z5x,"Why is it an issue? It’s a matter of proportions. It doesn’t matter what YOU personally want, the job of these designers is to sell these clothing. Should we have more short basketball players too? It’s ridiculous. Runway models will always typically be tall because it photographs better. Basketball players will always typically be tall because it’s easier for them to score. 

>Normalizing only tall people being models only perpetuates stereotypes and hurts LOTS of people.

Who is it hurting….? What stereotype is it perpetuating? Be so fr. You are not marginalised because this ONE specific branch of the industry doesn’t cater to you. Most actresses that are considered very attractive are short. Most commercial models are around her height. Most runway models aren’t even casted because of their attractiveness, this is a VS thing.",-6,1760615968.0,User_1124
1674,https://www.reddit.com/r/popculturechat/comments/1o7t451/the_victorias_secret_fashion_show_2025/,njsyyn4,t1_njssezg,You're not really thinking big enough. You're saying they can't construct a catwalk that short woman would also be able to traverse?,12,1760626219.0,User_1125
1675,https://www.reddit.com/r/popculturechat/comments/1o7t451/the_victorias_secret_fashion_show_2025/,njvfgsl,t1_njumhj4,"Throwing out reading comprehension is a bad move, when you didn’t understand that my original comment was referring to runway models, not catalog. Obviously I’d be aware some short models do other type of model walk.",4,1760652966.0,User_910
1676,https://www.reddit.com/r/popculturechat/comments/1o7t451/the_victorias_secret_fashion_show_2025/,njuyp14,t1_njuwti5,"My baby likes how soft and snuggly I am. I wish the feelings were mutual. 

I keep putting off shopping for things that will fit because I want to wait until I “bounce back”. It’s funny how even women are slightly toxic even when being supportive of women by congratulating them on their postpartum body. It keeps up the delusion that it’s realistic to have a six pack soon after birth. ",4,1760647492.0,User_962
1677,https://www.reddit.com/r/popculturechat/comments/1o7t451/the_victorias_secret_fashion_show_2025/,njvuwti,t1_njs33ng,![gif](giphy|ZCqdO9kBkJu7OouiZS|downsized),5,1760658450.0,User_1102
1678,https://www.reddit.com/r/popculturechat/comments/1o7t451/the_victorias_secret_fashion_show_2025/,nk1padr,t1_njvreik,"1000% What a fucking goober. At least he got taken down a few notches when millions of people were making fun of his tragic sext style 🤣

https://preview.redd.it/0wdwxwxpwqvf1.jpeg?width=1150&format=pjpg&auto=webp&s=f915ada9c821564ac7c7ae4398ab9f0120107eee",3,1760738897.0,User_1102
1679,https://www.reddit.com/r/popculturechat/comments/1o7t451/the_victorias_secret_fashion_show_2025/,njvzn9l,t1_njvstnt,She’s part West Indian,2,1760660167.0,User_601
1680,https://www.reddit.com/r/popculturechat/comments/1o7t451/the_victorias_secret_fashion_show_2025/,njt9278,t1_njsw8r0,the last time i got fitted was at lane bryant years ago and i swear to god they were just guessing. and i was like okay sure! but then i used the a bra that fits calculator a few weeks ago and was shocked to see that my band size was 2-3 sizes too big and the gapping in the cup wasn’t because the cup was too big it was because the band was too small 🤯🤯🤯 now i want to tell everyone i know to use the calculator and find better bras hahaha,2,1760629249.0,User_716
1681,https://www.reddit.com/r/popculturechat/comments/1o7t451/the_victorias_secret_fashion_show_2025/,njszghg,t1_njsyyn4,"Ooh, you’re right!! 

I had a rough day yesterday so I’ve been curled up in a ball of sore muscles and pain - why didn’t I think of a short lady catwalk?!",3,1760626368.0,User_1116
1682,https://www.reddit.com/r/popculturechat/comments/1o7t451/the_victorias_secret_fashion_show_2025/,njw62db,t1_njuyp14,"Same with the soft and snuggly. I try to be grateful that I am alive and healthy and when I have the time to devote to working out, I’ll do it, but after work, my little guy needs my time.",3,1760662461.0,User_707
1683,https://www.reddit.com/r/popculturechat/comments/1o7t451/the_victorias_secret_fashion_show_2025/,njxh3wk,t1_njuyp14,Tell your doctor to refer you to a postpartum physical therapist. That will speed up the bounce back if waiting isn't doing it for you.,1,1760682145.0,User_953
1684,https://www.reddit.com/r/popculturechat/comments/1o7t451/the_victorias_secret_fashion_show_2025/,njtwwm6,t1_njt9278,Oh my God!! The last time I got measured at Layne Bryant & ended up in tears because the girl just kept guessing! I had tried on probably about 20 bras at that point and she was just so determined to get it right and I was just like ‘no it’s OK. I don’t need a bra that badly’ and then I ended up purchasing a bra that I hated and didn’t fit right just because I wanted to get out of there. I don’t think they train people anymore at all. :/,2,1760636228.0,User_1119
1685,https://www.reddit.com/r/popculturechat/comments/1o7t451/the_victorias_secret_fashion_show_2025/,njt150e,t1_njszghg,I'm sorry you're in pain!,3,1760626873.0,User_1125
1686,https://www.reddit.com/r/popculturechat/comments/1o7t451/the_victorias_secret_fashion_show_2025/,njtzegd,t1_njtwwm6,thank god we made it out of the trenches 🙏🏾 my boobs look so much better now 😂 i was like wait i have cleavage?!,2,1760636938.0,User_716
1687,https://www.reddit.com/r/popculturechat/comments/1o7t451/the_victorias_secret_fashion_show_2025/,nju0iur,t1_njt150e,"I appreciate it! Just got back from being stretched like a rubber band, so that will be fun tomorrow! 😉",2,1760637263.0,User_1116
1688,https://www.reddit.com/r/popculturechat/comments/1o7t451/the_victorias_secret_fashion_show_2025/,njv8b6b,t1_njtzegd,Omg SAME! I actually have bras that are comfy & supportive. I didn’t know it existed.,1,1760650542.0,User_1119
1689,https://www.reddit.com/r/VictoriasSecret/comments/1o7q8oa/discuss_the_vs_fashion_show_under_here/,njpmdta,t3_1o7q8oa,Lmao why is there a t shirt UNDER a bra. Imagine getting to walk for VS and they put you in that OR worst any of the pink outfits I’d die.,77,1760572430.0,User_1126
1690,https://www.reddit.com/r/VictoriasSecret/comments/1o7q8oa/discuss_the_vs_fashion_show_under_here/,njpp412,t3_1o7q8oa,DEF BETTER THAN LAST YEAR- but the pink section was an absolute mess. WHERE ARE THE ARCHIVAL CUSTOM LOOKS? i’m over the “ready to buy on amazon” basic looks. AND WHY ARE THERE SO MANY DRESSES? WHY ARE THERE PANTS? THIS IS LINGERIE😭 at least we got blowouts/glowy makeup/tans,67,1760573336.0,user_deleted
1691,https://www.reddit.com/r/VictoriasSecret/comments/1o7q8oa/discuss_the_vs_fashion_show_under_here/,njpobpj,t3_1o7q8oa,I miss when the show had a host! Remember when Heidi Klum hosted it? Made it feel a little more personable.,52,1760573080.0,User_1127
1692,https://www.reddit.com/r/VictoriasSecret/comments/1o7q8oa/discuss_the_vs_fashion_show_under_here/,njplvy4,t3_1o7q8oa,Candice looks sensational. That’s a victoria secret angel!!!,100,1760572265.0,User_1128
1693,https://www.reddit.com/r/VictoriasSecret/comments/1o7q8oa/discuss_the_vs_fashion_show_under_here/,njph7q6,t3_1o7q8oa,I miss the shows of the early 2010s,95,1760570682.0,User_1129
1694,https://www.reddit.com/r/VictoriasSecret/comments/1o7q8oa/discuss_the_vs_fashion_show_under_here/,njplb18,t3_1o7q8oa,All this y2k music but they don’t even look nothing like their y2k era,46,1760572070.0,User_1130
1695,https://www.reddit.com/r/VictoriasSecret/comments/1o7q8oa/discuss_the_vs_fashion_show_under_here/,njpnta7,t3_1o7q8oa,missy is a legend but this is a bit excessive imo,44,1760572907.0,User_1131
1696,https://www.reddit.com/r/VictoriasSecret/comments/1o7q8oa/discuss_the_vs_fashion_show_under_here/,njpix4x,t3_1o7q8oa,Why do it kinda feels like we entered some low budget show with random people,40,1760571272.0,User_1132
1697,https://www.reddit.com/r/VictoriasSecret/comments/1o7q8oa/discuss_the_vs_fashion_show_under_here/,njpkcpy,t3_1o7q8oa,Is it just me or did they over-do some of the spray tans on these models…,44,1760571751.0,User_1133
1698,https://www.reddit.com/r/VictoriasSecret/comments/1o7q8oa/discuss_the_vs_fashion_show_under_here/,njpkyz9,t3_1o7q8oa,… toxic and it’s florals??,41,1760571958.0,User_1128
1699,https://www.reddit.com/r/VictoriasSecret/comments/1o7q8oa/discuss_the_vs_fashion_show_under_here/,njple3q,t3_1o7q8oa,"The issue is when you have inexperienced walkers and then you put behati in the middle of them, they just look amateur.",43,1760572098.0,User_1128
1700,https://www.reddit.com/r/VictoriasSecret/comments/1o7q8oa/discuss_the_vs_fashion_show_under_here/,njplgdm,t3_1o7q8oa,I miss when they used to soft launch their new angels and their story segment.,40,1760572120.0,User_1134
1701,https://www.reddit.com/r/VictoriasSecret/comments/1o7q8oa/discuss_the_vs_fashion_show_under_here/,njplxj3,t3_1o7q8oa,Omg!!  Candice in the black outfit! Heaven!,37,1760572279.0,User_1135
1702,https://www.reddit.com/r/VictoriasSecret/comments/1o7q8oa/discuss_the_vs_fashion_show_under_here/,njpnp32,t3_1o7q8oa,"I love Missy Elliott, but we’re on the third song and no models?",34,1760572867.0,User_1129
1703,https://www.reddit.com/r/VictoriasSecret/comments/1o7q8oa/discuss_the_vs_fashion_show_under_here/,njpj7tv,t3_1o7q8oa,A lot of the new lingerie models are giving nothing with their walks. 😭 It’s so stiff.,71,1760571373.0,User_1136
1704,https://www.reddit.com/r/VictoriasSecret/comments/1o7q8oa/discuss_the_vs_fashion_show_under_here/,njpht04,t3_1o7q8oa,Dancers have better outfits than some of the models,29,1760570889.0,User_1129
1705,https://www.reddit.com/r/VictoriasSecret/comments/1o7q8oa/discuss_the_vs_fashion_show_under_here/,njpjyby,t3_1o7q8oa,WHERE IS THE THEME????? the first section ateeee but the rest have no theme?,32,1760571618.0,User_1137
1706,https://www.reddit.com/r/VictoriasSecret/comments/1o7q8oa/discuss_the_vs_fashion_show_under_here/,njpkc6i,t3_1o7q8oa,"We went from snow angels, mermaids and british invasion to .. red??",31,1760571746.0,User_1128
1707,https://www.reddit.com/r/VictoriasSecret/comments/1o7q8oa/discuss_the_vs_fashion_show_under_here/,njpmb6h,t3_1o7q8oa,If you’re going to have 4 walk at once make them walk in sync,31,1760572405.0,User_1129
1708,https://www.reddit.com/r/VictoriasSecret/comments/1o7q8oa/discuss_the_vs_fashion_show_under_here/,njpmvwp,t3_1o7q8oa, Bella holding her wings like I did going into middle school for the first time lmaooo,29,1760572598.0,User_1137
1709,https://www.reddit.com/r/VictoriasSecret/comments/1o7q8oa/discuss_the_vs_fashion_show_under_here/,njpmzs7,t3_1o7q8oa,It looks like Bella's wings must weigh 500 lbs. Girl struggled,31,1760572633.0,User_1138
1710,https://www.reddit.com/r/VictoriasSecret/comments/1o7q8oa/discuss_the_vs_fashion_show_under_here/,njpoa3p,t3_1o7q8oa,That was it?,32,1760573065.0,User_1
1711,https://www.reddit.com/r/VictoriasSecret/comments/1o7q8oa/discuss_the_vs_fashion_show_under_here/,njpl9bl,t3_1o7q8oa,Why do some of them look miserable  like they dont wanna be there,29,1760572054.0,User_1139
1712,https://www.reddit.com/r/VictoriasSecret/comments/1o7q8oa/discuss_the_vs_fashion_show_under_here/,njplmwa,t3_1o7q8oa,So far a lot of glitter and sparkle but no real substance. It feels like they're pandering to your sense of nostalgia but it fails to capture the essence of what made that period of time as iconic as it was.,26,1760572181.0,User_1140
1713,https://www.reddit.com/r/VictoriasSecret/comments/1o7q8oa/discuss_the_vs_fashion_show_under_here/,njpm69t,t3_1o7q8oa,tee shirts?? 😭😭,28,1760572360.0,User_1141
1714,https://www.reddit.com/r/VictoriasSecret/comments/1o7q8oa/discuss_the_vs_fashion_show_under_here/,njpmtks,t3_1o7q8oa,Next year can the og girls just do every segment lol. we can even have a lil wait between idm lol,23,1760572576.0,User_1128
1715,https://www.reddit.com/r/VictoriasSecret/comments/1o7q8oa/discuss_the_vs_fashion_show_under_here/,njpodts,t3_1o7q8oa,THAT WAS IT??? wtf I miss the 2000’s angels so bad 😭,24,1760573099.0,User_1142
1716,https://www.reddit.com/r/VictoriasSecret/comments/1o7q8oa/discuss_the_vs_fashion_show_under_here/,njppcuo,t3_1o7q8oa,"Ending on a performance and not with a walk was… a choice. If they wanted just Missy with no models, they should have put her segment in the middle and had walks after her. Such a weird way to end the show.",26,1760573415.0,User_1143
1717,https://www.reddit.com/r/VictoriasSecret/comments/1o7q8oa/discuss_the_vs_fashion_show_under_here/,njpekso,t3_1o7q8oa,Why is it 10 minutes late,22,1760569747.0,User_1144
1718,https://www.reddit.com/r/VictoriasSecret/comments/1o7q8oa/discuss_the_vs_fashion_show_under_here/,njpflhh,t3_1o7q8oa,I wish they didn’t turn off the comments 😭,23,1760570109.0,User_1145
1719,https://www.reddit.com/r/VictoriasSecret/comments/1o7q8oa/discuss_the_vs_fashion_show_under_here/,njplrmx,t3_1o7q8oa,candice has my jaw dropped. Every single time.,24,1760572224.0,User_1137
1720,https://www.reddit.com/r/VictoriasSecret/comments/1o7q8oa/discuss_the_vs_fashion_show_under_here/,njplvef,t3_1o7q8oa,Is it me or does it feel like watching 2 separate shows?? These looks are insane and Candance omg,23,1760572259.0,User_1146
1721,https://www.reddit.com/r/VictoriasSecret/comments/1o7q8oa/discuss_the_vs_fashion_show_under_here/,njpmz6p,t3_1o7q8oa,"those wings look heavy, bella looks uncomfortable",22,1760572628.0,User_1147
1722,https://www.reddit.com/r/VictoriasSecret/comments/1o7q8oa/discuss_the_vs_fashion_show_under_here/,njpovhp,t3_1o7q8oa,"Also the models…. Where is the DIVA attitudes, the RAZZLE DAZZLE? They seemed scared most of them",22,1760573258.0,User_12
1723,https://www.reddit.com/r/VictoriasSecret/comments/1o7q8oa/discuss_the_vs_fashion_show_under_here/,njpp1pq,t3_1o7q8oa,"This show is better than last years; but this confirms that the power lies in it being recorded and having the ability to EDIT.

The shows were always a concert/fashion show hybrid, but giving the models the ability to walk twice; allowed for perfection. Having it be live is the problem.",19,1760573315.0,User_9
1724,https://www.reddit.com/r/VictoriasSecret/comments/1o7q8oa/discuss_the_vs_fashion_show_under_here/,njphe4p,t3_1o7q8oa,Already the stage and hair are 20x better,20,1760570745.0,User_1128
1725,https://www.reddit.com/r/VictoriasSecret/comments/1o7q8oa/discuss_the_vs_fashion_show_under_here/,njpoohs,t3_1o7q8oa,To be positive it was an improvement from last years but some of the runway looks looked so disconnected from the VS brand. Also they did Adriana Lima so dirty with her opening look.,19,1760573196.0,User_12
1726,https://www.reddit.com/r/VictoriasSecret/comments/1o7q8oa/discuss_the_vs_fashion_show_under_here/,njpjb47,t3_1o7q8oa,Okay I want something huge to compensate this Pink witness at this point,17,1760571403.0,User_1132
1727,https://www.reddit.com/r/VictoriasSecret/comments/1o7q8oa/discuss_the_vs_fashion_show_under_here/,njpiqxp,t3_1o7q8oa,"The pink outfits are diabolical 💀 pink was never sweatpants and primark shorts lol, it’s still glam and amazing just more teen girl coded",53,1760571215.0,User_1128
1728,https://www.reddit.com/r/VictoriasSecret/comments/1o7q8oa/discuss_the_vs_fashion_show_under_here/,njpom6l,t3_1o7q8oa,let’s just face it we won’t ever get one like the early 2000s :(,16,1760573175.0,User_1148
1729,https://www.reddit.com/r/VictoriasSecret/comments/1o7q8oa/discuss_the_vs_fashion_show_under_here/,njpj1jv,t3_1o7q8oa,"i wish we had actual themes, im just seeing clothes and underwear. the old shows had a clear theme especially for the pink section, like calendar girls. this just feels like a big advertisement. i think the appeal of the old shows was the themed costumes with pieces that are yes, VS but not something you can get because its unique to the show.",37,1760571314.0,User_1149
1730,https://www.reddit.com/r/VictoriasSecret/comments/1o7q8oa/discuss_the_vs_fashion_show_under_here/,njpj9kh,t3_1o7q8oa,"The pink outfits were not it, even the walks were meh at best.",33,1760571389.0,User_1150
1731,https://www.reddit.com/r/VictoriasSecret/comments/1o7q8oa/discuss_the_vs_fashion_show_under_here/,njpmtkg,t3_1o7q8oa,Oh my God Bella doesn’t look okay,36,1760572576.0,User_1132
1732,https://www.reddit.com/r/VictoriasSecret/comments/1o7q8oa/discuss_the_vs_fashion_show_under_here/,njpn9em,t3_1o7q8oa,I guess we’re watching a superbowl halftime ladies🤪🏈,37,1760572722.0,User_1130
1733,https://www.reddit.com/r/VictoriasSecret/comments/1o7q8oa/discuss_the_vs_fashion_show_under_here/,njpnat5,t3_1o7q8oa,It’s meant to be a fashion show not a concert??,38,1760572734.0,User_1128
1734,https://www.reddit.com/r/VictoriasSecret/comments/1o7q8oa/discuss_the_vs_fashion_show_under_here/,njpjgd2,t3_1o7q8oa,BLOND BELLA,15,1760571452.0,User_1144
1735,https://www.reddit.com/r/VictoriasSecret/comments/1o7q8oa/discuss_the_vs_fashion_show_under_here/,njplaoc,t3_1o7q8oa,"Some of these girls are giving nothing at the posing part, flat faces, bored movements",16,1760572067.0,User_1151
1736,https://www.reddit.com/r/VictoriasSecret/comments/1o7q8oa/discuss_the_vs_fashion_show_under_here/,njpifje,t3_1o7q8oa,Being able to sing doesn’t seem to be a requirement for this group,56,1760571105.0,User_1143
1737,https://www.reddit.com/r/VictoriasSecret/comments/1o7q8oa/discuss_the_vs_fashion_show_under_here/,njpexp0,t3_1o7q8oa,This pre show was not needed,13,1760569875.0,User_1152
1738,https://www.reddit.com/r/VictoriasSecret/comments/1o7q8oa/discuss_the_vs_fashion_show_under_here/,njpl51d,t3_1o7q8oa,What is happening they have so many live artists and they're pulling out a mix?,13,1760572015.0,User_60
1739,https://www.reddit.com/r/VictoriasSecret/comments/1o7q8oa/discuss_the_vs_fashion_show_under_here/,njpj3wk,t3_1o7q8oa,This Pink section is horrible... From the outfits to the models' walks to the singing to the camera work... Everything,28,1760571336.0,User_1153
1740,https://www.reddit.com/r/VictoriasSecret/comments/1o7q8oa/discuss_the_vs_fashion_show_under_here/,njpmspw,t3_1o7q8oa,Why does bella look so uncomfortable?? ): something’s wrong w her wings i think,13,1760572568.0,User_1139
1741,https://www.reddit.com/r/VictoriasSecret/comments/1o7q8oa/discuss_the_vs_fashion_show_under_here/,njpo8rr,t3_1o7q8oa,Is this it?????!!!!!!!,11,1760573052.0,User_1152
1742,https://www.reddit.com/r/VictoriasSecret/comments/1o7q8oa/discuss_the_vs_fashion_show_under_here/,njpooto,t3_1o7q8oa,One of the models said she found out she was walking 3 weeks ago.. is that how long it took to plan this ?? Bc it seemed like it,11,1760573198.0,User_1154
1743,https://www.reddit.com/r/VictoriasSecret/comments/1o7q8oa/discuss_the_vs_fashion_show_under_here/,njpkuas,t3_1o7q8oa,What is up with barely showing the outfits and completely skipping some,12,1760571915.0,User_1
1744,https://www.reddit.com/r/VictoriasSecret/comments/1o7q8oa/discuss_the_vs_fashion_show_under_here/,njpmplo,t3_1o7q8oa,Alessandra‘s wings are so creative OMG,11,1760572539.0,User_1155
1745,https://www.reddit.com/r/VictoriasSecret/comments/1o7q8oa/discuss_the_vs_fashion_show_under_here/,njpnrfk,t3_1o7q8oa,"Shrek Gimp suits? Really…

Wtf",12,1760572889.0,User_1
1746,https://www.reddit.com/r/VictoriasSecret/comments/1o7q8oa/discuss_the_vs_fashion_show_under_here/,njpob9e,t3_1o7q8oa,why is madison in the middle of all of them?,14,1760573076.0,User_1137
1747,https://www.reddit.com/r/VictoriasSecret/comments/1o7q8oa/discuss_the_vs_fashion_show_under_here/,njpr0gk,t3_1o7q8oa,Is it just me that was bothered by in the end of the show when all the models walked out together I feel like missy elliott was standing in front of all the models? I personally didn’t like her performance and think other singers would have been way better for the VS fashion show.,14,1760573973.0,User_1156
1748,https://www.reddit.com/r/VictoriasSecret/comments/1o7q8oa/discuss_the_vs_fashion_show_under_here/,njpi0pi,t3_1o7q8oa,Madisons walk at end cringed me out,28,1760570963.0,User_1137
1749,https://www.reddit.com/r/VictoriasSecret/comments/1o7q8oa/discuss_the_vs_fashion_show_under_here/,njpj350,t3_1o7q8oa,Why are a lot of these outfits like sloppy? Like they forced them to put on EVERYTHING. Bikinis with winter hats and earmuffs?,26,1760571329.0,User_1130
1750,https://www.reddit.com/r/VictoriasSecret/comments/1o7q8oa/discuss_the_vs_fashion_show_under_here/,njplt4c,t3_1o7q8oa,HOLY FUCK CANDICE,27,1760572238.0,User_1143
1751,https://www.reddit.com/r/VictoriasSecret/comments/1o7q8oa/discuss_the_vs_fashion_show_under_here/,njpmnmo,t3_1o7q8oa,Bella opening for Karol was incredible and I was in awe for Karol’s whole set she’s sooo gorgeous,22,1760572521.0,User_1157
1752,https://www.reddit.com/r/VictoriasSecret/comments/1o7q8oa/discuss_the_vs_fashion_show_under_here/,njpl7ex,t3_1o7q8oa,Omg the robe drop 😂😂😂,11,1760572036.0,User_1129
1753,https://www.reddit.com/r/VictoriasSecret/comments/1o7q8oa/discuss_the_vs_fashion_show_under_here/,njpmbv6,t3_1o7q8oa,Gigi's all white outfit is gorgeoussss,11,1760572412.0,User_1151
1754,https://www.reddit.com/r/VictoriasSecret/comments/1o7q8oa/discuss_the_vs_fashion_show_under_here/,njpo50g,t3_1o7q8oa,I miss the pre tapes in between segments getting to know the models & seeing the process of things,12,1760573017.0,User_1158
1755,https://www.reddit.com/r/VictoriasSecret/comments/1o7q8oa/discuss_the_vs_fashion_show_under_here/,njpop9q,t3_1o7q8oa,I expected more. That was the end. Budget must’ve been low again.,11,1760573202.0,User_1159
1756,https://www.reddit.com/r/VictoriasSecret/comments/1o7q8oa/discuss_the_vs_fashion_show_under_here/,njplysk,t3_1o7q8oa,Holy fuck TWICE was awful,32,1760572291.0,User_10
1757,https://www.reddit.com/r/VictoriasSecret/comments/1o7q8oa/discuss_the_vs_fashion_show_under_here/,njpgoby,t3_1o7q8oa,Thank God they didn’t do a slickback to Candice this time,12,1760570495.0,User_1132
1758,https://www.reddit.com/r/VictoriasSecret/comments/1o7q8oa/discuss_the_vs_fashion_show_under_here/,njpjqaw,t3_1o7q8oa,I’ve literally seen more slip ups in less than 5 mins that ever before.. why r they not using FASHION TAPE. My goodness,10,1760571544.0,User_1139
1759,https://www.reddit.com/r/VictoriasSecret/comments/1o7q8oa/discuss_the_vs_fashion_show_under_here/,njpk7kh,t3_1o7q8oa,What the hell was that pantsuit with the floppy cheap wings😭,10,1760571703.0,User_1160
1760,https://www.reddit.com/r/VictoriasSecret/comments/1o7q8oa/discuss_the_vs_fashion_show_under_here/,njplqsi,t3_1o7q8oa,Candace looks STUNNINNG in black,10,1760572217.0,User_1142
1761,https://www.reddit.com/r/VictoriasSecret/comments/1o7q8oa/discuss_the_vs_fashion_show_under_here/,njpn6je,t3_1o7q8oa,what section is everyone on??? im at the missy part and it says live on my end,8,1760572695.0,User_1149
1762,https://www.reddit.com/r/VictoriasSecret/comments/1o7q8oa/discuss_the_vs_fashion_show_under_here/,njpofql,t3_1o7q8oa,how much was this to produce….like deadass what,10,1760573117.0,User_1161
1763,https://www.reddit.com/r/VictoriasSecret/comments/1o7q8oa/discuss_the_vs_fashion_show_under_here/,njpor2b,t3_1o7q8oa,Okay but imagine if they would of got Britney or Mariah!!,8,1760573218.0,User_1162
1764,https://www.reddit.com/r/VictoriasSecret/comments/1o7q8oa/discuss_the_vs_fashion_show_under_here/,njpoy4v,t3_1o7q8oa,I miss moving facial expressions… for the most part it gave frozen,9,1760573283.0,User_1163
1765,https://www.reddit.com/r/VictoriasSecret/comments/1o7q8oa/discuss_the_vs_fashion_show_under_here/,njpiir7,t3_1o7q8oa,"No one does it like the ogs (except gigi), the walk, the confidence, the arrogance almost that’s needed, there’s just something missing with the new girls.",22,1760571136.0,User_1128
1766,https://www.reddit.com/r/VictoriasSecret/comments/1o7q8oa/discuss_the_vs_fashion_show_under_here/,njpkb0p,t3_1o7q8oa,LOL the model who threw the fabric up and it wrapped around her head hahahah,16,1760571735.0,User_1138
1767,https://www.reddit.com/r/VictoriasSecret/comments/1o7q8oa/discuss_the_vs_fashion_show_under_here/,njplvuw,t3_1o7q8oa,I wish they didn’t give the singers wings (Madison). And why does it feel like almost every model walking the stage has a pair of wings? Missed when wings were more exclusive,18,1760572264.0,User_1164
1768,https://www.reddit.com/r/VictoriasSecret/comments/1o7q8oa/discuss_the_vs_fashion_show_under_here/,njpn44v,t3_1o7q8oa,Alessandra at the end in her black outfit brought me back to the old shows. Her charismatic smile along with the big 2 handed heart followed by the mini heart. She’s an icon,19,1760572673.0,User_1164
1769,https://www.reddit.com/r/VictoriasSecret/comments/1o7q8oa/discuss_the_vs_fashion_show_under_here/,njplgt7,t3_1o7q8oa,THANK GOD FOR RHINESTONES,9,1760572124.0,User_1165
1770,https://www.reddit.com/r/VictoriasSecret/comments/1o7q8oa/discuss_the_vs_fashion_show_under_here/,njpnhyn,t3_1o7q8oa,Not the ballet dancers and back flippers 😭😭 where’s the models???,10,1760572801.0,User_1128
1771,https://www.reddit.com/r/VictoriasSecret/comments/1o7q8oa/discuss_the_vs_fashion_show_under_here/,njpo6jf,t3_1o7q8oa,That’s it?,10,1760573031.0,User_1129
1772,https://www.reddit.com/r/VictoriasSecret/comments/1o7q8oa/discuss_the_vs_fashion_show_under_here/,njpo6yx,t3_1o7q8oa,THAT’S IT?,7,1760573035.0,User_1158
1773,https://www.reddit.com/r/VictoriasSecret/comments/1o7q8oa/discuss_the_vs_fashion_show_under_here/,njpnnpj,t3_1o7q8oa,WHERE ARE THE MODELS,16,1760572854.0,User_1132
1774,https://www.reddit.com/r/VictoriasSecret/comments/1o7q8oa/discuss_the_vs_fashion_show_under_here/,njph8qp,t3_1o7q8oa,They’ve done so good with the makeup. It reminds me of the makeup from their old fashion shows,8,1760570694.0,User_1130
1775,https://www.reddit.com/r/VictoriasSecret/comments/1o7q8oa/discuss_the_vs_fashion_show_under_here/,njpku7k,t3_1o7q8oa,Britney omfg 😫😫😫,8,1760571914.0,User_1141
1776,https://www.reddit.com/r/VictoriasSecret/comments/1o7q8oa/discuss_the_vs_fashion_show_under_here/,njpkwbk,t3_1o7q8oa,Lmfao it’s like these girls don’t even know how to point????????,8,1760571933.0,User_1152
1777,https://www.reddit.com/r/VictoriasSecret/comments/1o7q8oa/discuss_the_vs_fashion_show_under_here/,njpl4zl,t3_1o7q8oa,I hope there is at least one more theme left,6,1760572014.0,User_1132
1778,https://www.reddit.com/r/VictoriasSecret/comments/1o7q8oa/discuss_the_vs_fashion_show_under_here/,njpmjg6,t3_1o7q8oa,Bro why the HELL is girl wearing a bra and shorts over a long muscle tank 😭😭😭,8,1760572482.0,User_1164
1779,https://www.reddit.com/r/VictoriasSecret/comments/1o7q8oa/discuss_the_vs_fashion_show_under_here/,njpmuj6,t3_1o7q8oa,Not the lamp headpiece,8,1760572585.0,User_1166
1780,https://www.reddit.com/r/VictoriasSecret/comments/1o7q8oa/discuss_the_vs_fashion_show_under_here/,njpohu0,t3_1o7q8oa,So the show was kind of lame ngl,8,1760573136.0,User_1167
1781,https://www.reddit.com/r/VictoriasSecret/comments/1o7q8oa/discuss_the_vs_fashion_show_under_here/,njpoyty,t3_1o7q8oa,Candice is an OG fav why didn’t they give her more spotlight at the end she was off to the side?? VS wouldn’t be VS without her and the original angels 😭,7,1760573289.0,User_1168
1782,https://www.reddit.com/r/VictoriasSecret/comments/1o7q8oa/discuss_the_vs_fashion_show_under_here/,njpqi5l,t3_1o7q8oa,Rewatching it over again bc it wasn’t long enough 😭😭,8,1760573797.0,User_1155
1783,https://www.reddit.com/r/VictoriasSecret/comments/1o7q8oa/discuss_the_vs_fashion_show_under_here/,njpxvj8,t3_1o7q8oa,They should hire hosts who are actually professional interviewers. One of them was a mess I couldn’t focus on the actual interviews,9,1760576456.0,User_1169
1784,https://www.reddit.com/r/VictoriasSecret/comments/1o7q8oa/discuss_the_vs_fashion_show_under_here/,njpo58m,t3_1o7q8oa,Are we done already? I’m confused,14,1760573019.0,User_1142
1785,https://www.reddit.com/r/VictoriasSecret/comments/1o7q8oa/discuss_the_vs_fashion_show_under_here/,njpogaq,t3_1o7q8oa,singers standing and dancing in front of the models????? excause meeee,16,1760573122.0,User_1170
1786,https://www.reddit.com/r/VictoriasSecret/comments/1o7q8oa/discuss_the_vs_fashion_show_under_here/,njpjpgg,t3_1o7q8oa,"Some of these outfits are very temu, not a fan of that ""very sexy"" tshirt, looked cheaply made",24,1760571536.0,User_1151
1787,https://www.reddit.com/r/VictoriasSecret/comments/1o7q8oa/discuss_the_vs_fashion_show_under_here/,njplda4,t3_1o7q8oa,The difference between the OG models and the new ones is so jarring. There has to be some kind of Angel school to send these girls to.,21,1760572091.0,User_1143
1788,https://www.reddit.com/r/VictoriasSecret/comments/1o7q8oa/discuss_the_vs_fashion_show_under_here/,njpmsz5,t3_1o7q8oa,I wonder why they don’t have huge headliners like they use to!! Tate McRae & Sabrina carpenter would eat as performers,24,1760572571.0,User_1154
1789,https://www.reddit.com/r/VictoriasSecret/comments/1o7q8oa/discuss_the_vs_fashion_show_under_here/,njpo9jj,t3_1o7q8oa,Thats… it… oh.. vs u missed the mark bad.,26,1760573060.0,User_1139
1790,https://www.reddit.com/r/VictoriasSecret/comments/1o7q8oa/discuss_the_vs_fashion_show_under_here/,njpl1dy,t3_1o7q8oa,"Victoria Secret ❌
H&M ✅",15,1760571980.0,User_1171
1791,https://www.reddit.com/r/VictoriasSecret/comments/1o7q8oa/discuss_the_vs_fashion_show_under_here/,njpl8ks,t3_1o7q8oa,"Just when I thought it couldn’t get worse than last year. Bring back 2014 please. The energy is off, and the music in my opinion is awful. They all look beautiful however. I just miss the energy the shows use to have. This show is literally putting me to sleep ☹️",14,1760572047.0,User_1172
1792,https://www.reddit.com/r/VictoriasSecret/comments/1o7q8oa/discuss_the_vs_fashion_show_under_here/,njpluyz,t3_1o7q8oa,Okay new girls. Watch Candace and see how it's done,15,1760572255.0,User_1138
1793,https://www.reddit.com/r/VictoriasSecret/comments/1o7q8oa/discuss_the_vs_fashion_show_under_here/,njpmpzo,t3_1o7q8oa,BELLA LOOK UP GIRL,14,1760572543.0,User_1137
1794,https://www.reddit.com/r/VictoriasSecret/comments/1o7q8oa/discuss_the_vs_fashion_show_under_here/,njpmxrt,t3_1o7q8oa,"Better be a countdown to something amazing…..


Edit: it wasnt. 🤣 sigh. 

I loveeee missy but mannn this is not giving vs",15,1760572615.0,User_1139
1795,https://www.reddit.com/r/VictoriasSecret/comments/1o7q8oa/discuss_the_vs_fashion_show_under_here/,njpnouy,t3_1o7q8oa,this turned into a whole concert,16,1760572865.0,User_1173
1796,https://www.reddit.com/r/VictoriasSecret/comments/1o7q8oa/discuss_the_vs_fashion_show_under_here/,njpga9b,t3_1o7q8oa,Wow Adriana looks beautiful,6,1760570357.0,User_1130
1797,https://www.reddit.com/r/VictoriasSecret/comments/1o7q8oa/discuss_the_vs_fashion_show_under_here/,njphvao,t3_1o7q8oa,Is she lip syncing?,5,1760570911.0,User_1174
1798,https://www.reddit.com/r/VictoriasSecret/comments/1o7q8oa/discuss_the_vs_fashion_show_under_here/,njpju80,t3_1o7q8oa,Why did they cut basically all of Amelia’s walk??,6,1760571580.0,User_1127
1799,https://www.reddit.com/r/VictoriasSecret/comments/1o7q8oa/discuss_the_vs_fashion_show_under_here/,njpmkoj,t3_1o7q8oa,They're doing Lily dirty with these outfits,7,1760572493.0,User_1174
1800,https://www.reddit.com/r/VictoriasSecret/comments/1o7q8oa/discuss_the_vs_fashion_show_under_here/,njpmmlu,t3_1o7q8oa,"Why have the clearly spent more on the wing budget than anything else, stop giving everyone wings",9,1760572512.0,User_1151
1801,https://www.reddit.com/r/VictoriasSecret/comments/1o7q8oa/discuss_the_vs_fashion_show_under_here/,njpmpsg,t3_1o7q8oa,Omg they need to stop with the graphic tshirts,6,1760572541.0,User_1131
1802,https://www.reddit.com/r/VictoriasSecret/comments/1o7q8oa/discuss_the_vs_fashion_show_under_here/,njpmrng,t3_1o7q8oa,Adriana and Bella both looks are amazing 👏🏻,8,1760572558.0,User_1146
1803,https://www.reddit.com/r/VictoriasSecret/comments/1o7q8oa/discuss_the_vs_fashion_show_under_here/,njpmrro,t3_1o7q8oa,A bra over a shirt??,6,1760572559.0,User_1166
1804,https://www.reddit.com/r/VictoriasSecret/comments/1o7q8oa/discuss_the_vs_fashion_show_under_here/,njpngje,t3_1o7q8oa,Why is this show giving it’s a concert and our Sally’s are some beautiful women (can’t guarantee they’ll be dressed pretty),6,1760572787.0,User_1126
1805,https://www.reddit.com/r/VictoriasSecret/comments/1o7q8oa/discuss_the_vs_fashion_show_under_here/,njpntml,t3_1o7q8oa,The models dancing backstage - get yo ass on the runway ladies 👏,7,1760572910.0,User_1128
1806,https://www.reddit.com/r/VictoriasSecret/comments/1o7q8oa/discuss_the_vs_fashion_show_under_here/,njpu5lp,t3_1o7q8oa,"Anyone else think it was mid? Some of the designs were very lackluster and just odd and not in a fashionably strange way? Like that bra over the tee shirt tucked into panties... A lot of the girls looked a bit unsure of themselves, like was the runway slippery? The hair was hit or miss, like some of the hair was too straight and flat with no volume... And I also felt like there was a noticeable amount of filler and face-lift-tight faces. Idk just not enough expression or flair for me.",7,1760575107.0,User_8
1807,https://www.reddit.com/r/VictoriasSecret/comments/1o7q8oa/discuss_the_vs_fashion_show_under_here/,njpwvy0,t3_1o7q8oa,the OGs are angels for a reason,7,1760576098.0,User_7
1808,https://www.reddit.com/r/VictoriasSecret/comments/1o7q8oa/discuss_the_vs_fashion_show_under_here/,njqae8x,t3_1o7q8oa,"Why tf would they layer clothing, literally layering thick black bras and panties underneath pink lace and have it stick out as if it doesn’t fit was atrocious",7,1760581076.0,User_1175
1809,https://www.reddit.com/r/VictoriasSecret/comments/1o7q8oa/discuss_the_vs_fashion_show_under_here/,njpk9dk,t3_1o7q8oa,How do they expect us to see the outfits with red lights and red outfits ? I’m squinting bro,13,1760571720.0,User_1130
1810,https://www.reddit.com/r/VictoriasSecret/comments/1o7q8oa/discuss_the_vs_fashion_show_under_here/,njplqxh,t3_1o7q8oa,I think it’s safe to say vs should stick with actual models and go back to whoever was designing in the past,11,1760572218.0,User_1176
1811,https://www.reddit.com/r/VictoriasSecret/comments/1o7q8oa/discuss_the_vs_fashion_show_under_here/,njpndk4,t3_1o7q8oa,why are we back flipping on the catwalk,12,1760572760.0,User_1177
1812,https://www.reddit.com/r/VictoriasSecret/comments/1o7q8oa/discuss_the_vs_fashion_show_under_here/,njpihos,t3_1o7q8oa,wait i thought madison beer ate,10,1760571126.0,User_1178
1813,https://www.reddit.com/r/VictoriasSecret/comments/1o7q8oa/discuss_the_vs_fashion_show_under_here/,njpj3xi,t3_1o7q8oa,Maybe this group should have lil synched like maddison beer 💀,12,1760571336.0,User_1128
1814,https://www.reddit.com/r/VictoriasSecret/comments/1o7q8oa/discuss_the_vs_fashion_show_under_here/,njpl7pa,t3_1o7q8oa,These girls just don’t know how to walk. Unironically get tyra on the stage lol.,10,1760572039.0,User_1128
1815,https://www.reddit.com/r/VictoriasSecret/comments/1o7q8oa/discuss_the_vs_fashion_show_under_here/,njplar8,t3_1o7q8oa,"i wish they went for the 90s/early 2000s livestream with the high fashion feel, like playing house music and the models basically not interacting with the audience at all. i think they're almost trying too hard to pander to the nostalgia that its just off putting and like a parody of their own brand",12,1760572068.0,User_1149
1816,https://www.reddit.com/r/VictoriasSecret/comments/1o7q8oa/discuss_the_vs_fashion_show_under_here/,njpesrx,t3_1o7q8oa,Girl what is taking them SO long 😭,5,1760569826.0,User_1165
1817,https://www.reddit.com/r/VictoriasSecret/comments/1o7q8oa/discuss_the_vs_fashion_show_under_here/,njpj0ti,t3_1o7q8oa,BARBIEEEE WOW,5,1760571307.0,User_1144
1818,https://www.reddit.com/r/VictoriasSecret/comments/1o7q8oa/discuss_the_vs_fashion_show_under_here/,njplne8,t3_1o7q8oa,"
I love these little videos before each runway theme",6,1760572185.0,User_1144
1819,https://www.reddit.com/r/VictoriasSecret/comments/1o7q8oa/discuss_the_vs_fashion_show_under_here/,njpm4yo,t3_1o7q8oa,amelia… I admire  how much you do unnecessarily every single time.,8,1760572348.0,User_1137
1820,https://www.reddit.com/r/VictoriasSecret/comments/1o7q8oa/discuss_the_vs_fashion_show_under_here/,njpo054,t3_1o7q8oa,Four songs no models lol ??,4,1760572971.0,User_1128
1821,https://www.reddit.com/r/VictoriasSecret/comments/1o7q8oa/discuss_the_vs_fashion_show_under_here/,njpod1w,t3_1o7q8oa,what,6,1760573092.0,User_1179
1822,https://www.reddit.com/r/VictoriasSecret/comments/1o7q8oa/discuss_the_vs_fashion_show_under_here/,njposd4,t3_1o7q8oa,was pretty disappointed with alot of the wings again this year.,7,1760573231.0,User_1180
1823,https://www.reddit.com/r/VictoriasSecret/comments/1o7q8oa/discuss_the_vs_fashion_show_under_here/,njpp20o,t3_1o7q8oa,we wanted adriana and her iconic finger points wtf,8,1760573318.0,User_1148
1824,https://www.reddit.com/r/VictoriasSecret/comments/1o7q8oa/discuss_the_vs_fashion_show_under_here/,njprf7e,t3_1o7q8oa,is that all hello,5,1760574119.0,User_1181
1825,https://www.reddit.com/r/VictoriasSecret/comments/1o7q8oa/discuss_the_vs_fashion_show_under_here/,njpwfj7,t3_1o7q8oa,Candice Swanepoel is the still the GOAT.,7,1760575931.0,User_1182
1826,https://www.reddit.com/r/VictoriasSecret/comments/1o7q8oa/discuss_the_vs_fashion_show_under_here/,njpysdq,t3_1o7q8oa,No one is talking about Behati 😍,7,1760576784.0,User_1183
1827,https://www.reddit.com/r/VictoriasSecret/comments/1o7q8oa/discuss_the_vs_fashion_show_under_here/,njq7czy,t3_1o7q8oa,So dull. Very few bombshell women. Horrible walks. No more fantasy left in the shows. ,5,1760579938.0,User_1184
1828,https://www.reddit.com/r/VictoriasSecret/comments/1o7q8oa/discuss_the_vs_fashion_show_under_here/,njpiiz3,t3_1o7q8oa,I hate to be this person but WOOF they really should’ve given miss twice girl who has the chorus a track because it’s getting real pitchy up in here,16,1760571138.0,User_1165
1829,https://www.reddit.com/r/VictoriasSecret/comments/1o7q8oa/discuss_the_vs_fashion_show_under_here/,njpj5nx,t3_1o7q8oa,I would give my life twice to never hear this group again lmao,14,1760571352.0,User_1137
1830,https://www.reddit.com/r/VictoriasSecret/comments/1o7q8oa/discuss_the_vs_fashion_show_under_here/,njpo9ai,t3_1o7q8oa,I…. Am underwhelmed,17,1760573057.0,User_1129
1831,https://www.reddit.com/r/VictoriasSecret/comments/1o7q8oa/discuss_the_vs_fashion_show_under_here/,njpodxx,t3_1o7q8oa,Of the 45 minute show we wasted about 10 minutes to a missy elliot montage where no models walked? Bella ended the show almost falling over from her heavy wings?? what??,19,1760573100.0,User_1128
1832,https://www.reddit.com/r/VictoriasSecret/comments/1o7q8oa/discuss_the_vs_fashion_show_under_here/,njplm0e,t3_1o7q8oa,Karl Lagerfeld would‘ve hated this,12,1760572173.0,User_1185
1833,https://www.reddit.com/r/VictoriasSecret/comments/1o7q8oa/discuss_the_vs_fashion_show_under_here/,njpmelh,t3_1o7q8oa,Gigi looks like there’s too much wind blowing in her eyes loll,10,1760572437.0,User_1130
1834,https://www.reddit.com/r/VictoriasSecret/comments/1o7q8oa/discuss_the_vs_fashion_show_under_here/,njpmepb,t3_1o7q8oa,The fuq do they have Gigi in,11,1760572438.0,User_1129
1835,https://www.reddit.com/r/VictoriasSecret/comments/1o7q8oa/discuss_the_vs_fashion_show_under_here/,njpo535,t3_1o7q8oa,now what the hell is this,11,1760573018.0,User_1186
1836,https://www.reddit.com/r/VictoriasSecret/comments/1o7q8oa/discuss_the_vs_fashion_show_under_here/,njpixq5,t3_1o7q8oa,Should never make two girls walk together; distracting and takes away the central pose. Also it’s so weird having a full girl group shaking ass behind lol.,9,1760571278.0,User_1128
1837,https://www.reddit.com/r/VictoriasSecret/comments/1o7q8oa/discuss_the_vs_fashion_show_under_here/,njpjux2,t3_1o7q8oa,Bella dusted everyone lol,8,1760571587.0,User_1128
1838,https://www.reddit.com/r/VictoriasSecret/comments/1o7q8oa/discuss_the_vs_fashion_show_under_here/,njpk9gc,t3_1o7q8oa,Too much red woww,11,1760571721.0,User_1132
1839,https://www.reddit.com/r/VictoriasSecret/comments/1o7q8oa/discuss_the_vs_fashion_show_under_here/,njplpih,t3_1o7q8oa,the music choices are atrocious i wish they went with less distracting instrumentals and then performances as breaks!,9,1760572205.0,User_1149
1840,https://www.reddit.com/r/VictoriasSecret/comments/1o7q8oa/discuss_the_vs_fashion_show_under_here/,njpotd2,t3_1o7q8oa,It was such a good start with the gold theme and gold y2k makeup.. I’m disappointed now,10,1760573239.0,User_1130
1841,https://www.reddit.com/r/VictoriasSecret/comments/1o7q8oa/discuss_the_vs_fashion_show_under_here/,njpf2lz,t3_1o7q8oa,Ngl I feel like these shows are always late. With the interviews and last minute fittings I feel they always tend to be a little late,4,1760569924.0,User_1140
1842,https://www.reddit.com/r/VictoriasSecret/comments/1o7q8oa/discuss_the_vs_fashion_show_under_here/,njpfi97,t3_1o7q8oa,At least they’re playing music that aligns my chakras 🙂‍↕️,6,1760570077.0,User_1165
1843,https://www.reddit.com/r/VictoriasSecret/comments/1o7q8oa/discuss_the_vs_fashion_show_under_here/,njpgdjk,t3_1o7q8oa,Jesus save some beauty for the rest of us adriana,5,1760570389.0,User_621
1844,https://www.reddit.com/r/VictoriasSecret/comments/1o7q8oa/discuss_the_vs_fashion_show_under_here/,njpgq92,t3_1o7q8oa,"Already better than last year, all the original angels in this segment was breathtaking",4,1760570513.0,User_1143
1845,https://www.reddit.com/r/VictoriasSecret/comments/1o7q8oa/discuss_the_vs_fashion_show_under_here/,njpgunp,t3_1o7q8oa,Curious who everyone’s favorite girlie is? I loooove Barbara Palvin 🫶,5,1760570555.0,User_621
1846,https://www.reddit.com/r/VictoriasSecret/comments/1o7q8oa/discuss_the_vs_fashion_show_under_here/,njpkq7u,t3_1o7q8oa,Im dying bella is sooo pretty!!!,3,1760571876.0,User_1187
1847,https://www.reddit.com/r/VictoriasSecret/comments/1o7q8oa/discuss_the_vs_fashion_show_under_here/,njpms3o,t3_1o7q8oa,Ugh YASMIN WIJNALDUM IS KILLING IT,5,1760572562.0,User_10
1848,https://www.reddit.com/r/VictoriasSecret/comments/1o7q8oa/discuss_the_vs_fashion_show_under_here/,njpmt0o,t3_1o7q8oa,ADRIANA’S WINGS 😍😍😍,5,1760572571.0,User_1152
1849,https://www.reddit.com/r/VictoriasSecret/comments/1o7q8oa/discuss_the_vs_fashion_show_under_here/,njpmvh4,t3_1o7q8oa,BELLAAA OMG,6,1760572594.0,User_1187
1850,https://www.reddit.com/r/VictoriasSecret/comments/1o7q8oa/discuss_the_vs_fashion_show_under_here/,njpn2jv,t3_1o7q8oa,"Does anyone know where to find the shorts with the rhinestones, that were just in the show? I can’t find them lol!",4,1760572659.0,User_1188
1851,https://www.reddit.com/r/VictoriasSecret/comments/1o7q8oa/discuss_the_vs_fashion_show_under_here/,njpnj0b,t3_1o7q8oa,"This is my first time watching live, is it really like this???",6,1760572811.0,User_1189
1852,https://www.reddit.com/r/VictoriasSecret/comments/1o7q8oa/discuss_the_vs_fashion_show_under_here/,njpnu3i,t3_1o7q8oa,Adriana needs her hair parted in the middle!,6,1760572915.0,User_1166
1853,https://www.reddit.com/r/VictoriasSecret/comments/1o7q8oa/discuss_the_vs_fashion_show_under_here/,njpogmn,t3_1o7q8oa,THEY SHOULD HAVE JUST SHOOK OUR MILKSHAKES WITH KASTEYEEEEE OHMYGASSHH,7,1760573125.0,User_1189
1854,https://www.reddit.com/r/VictoriasSecret/comments/1o7q8oa/discuss_the_vs_fashion_show_under_here/,njpoho9,t3_1o7q8oa,WHAT WAS THAT😭,6,1760573134.0,User_1190
1855,https://www.reddit.com/r/VictoriasSecret/comments/1o7q8oa/discuss_the_vs_fashion_show_under_here/,njposf8,t3_1o7q8oa,Welp,4,1760573231.0,User_1191
1856,https://www.reddit.com/r/VictoriasSecret/comments/1o7q8oa/discuss_the_vs_fashion_show_under_here/,njpp4vk,t3_1o7q8oa,"whats everyone's favorite vs shows? mine is 1999, 2000, 2001, 2003, and 2005.",5,1760573344.0,User_1149
1857,https://www.reddit.com/r/VictoriasSecret/comments/1o7q8oa/discuss_the_vs_fashion_show_under_here/,njpx8wx,t3_1o7q8oa,"The tee and bra combo was not it, I'm sorry. I did love seeing Adriana and all the OGs though.",5,1760576230.0,User_19
1858,https://www.reddit.com/r/VictoriasSecret/comments/1o7q8oa/discuss_the_vs_fashion_show_under_here/,njq12bf,t3_1o7q8oa,The bras over t-shirts? Where was the glam? Gigi’s wings at the end looked they were made of cut up mattress covers.,5,1760577614.0,User_31
1859,https://www.reddit.com/r/VictoriasSecret/comments/1o7q8oa/discuss_the_vs_fashion_show_under_here/,njpsgyl,t3_1o7q8oa,"That was...not good. Boring outfits and too much focus on the performers. The round stage in the middle where the models have to literally walk around them is ridiculous for a fashion show. It used to be that they'd be off to the side or playfully interacting with the models here and there, not having a million close up camera angle of their face, let alone their own walk and wings. It was special when Rihanna did it, but she still didn't take the focus off the actual fashion show. Don't even get me started on Missy Elliot's gajillion backup dancers while there were NO models. It's a fashion show, not your concert. We don't need to see  some guy doing backflips or lingering shots some random playing bongos. And bring back the creative outfits and themed segments. Bring back the focus on the craftsmanship and designs for each segment and the MODELS.",14,1760574498.0,User_1192
1860,https://www.reddit.com/r/VictoriasSecret/comments/1o7q8oa/discuss_the_vs_fashion_show_under_here/,njpjm5e,t3_1o7q8oa,Karol literally has the body for something sexy annnnnnnnnnnnnnnnnmmnnnnnd they covered her up.,10,1760571506.0,User_1152
1861,https://www.reddit.com/r/VictoriasSecret/comments/1o7q8oa/discuss_the_vs_fashion_show_under_here/,njpkrio,t3_1o7q8oa,THE LATINA SEGMENT OMGGGG,11,1760571889.0,User_1193
1862,https://www.reddit.com/r/VictoriasSecret/comments/1o7q8oa/discuss_the_vs_fashion_show_under_here/,njpkwbp,t3_1o7q8oa,I thought Britney is gonna walk out for a sec 🥹 I was so happy for a brief moment,9,1760571933.0,User_1189
1863,https://www.reddit.com/r/VictoriasSecret/comments/1o7q8oa/discuss_the_vs_fashion_show_under_here/,njpl33r,t3_1o7q8oa,It’s the cheap bras underneath the bling that is throwing me!,9,1760571996.0,User_1128
1864,https://www.reddit.com/r/VictoriasSecret/comments/1o7q8oa/discuss_the_vs_fashion_show_under_here/,njplyka,t3_1o7q8oa,everything is so aggressively high waisted when thats almost the opposite of what the old 2000s shows did 😭,8,1760572289.0,User_1149
1865,https://www.reddit.com/r/VictoriasSecret/comments/1o7q8oa/discuss_the_vs_fashion_show_under_here/,njpmfp4,t3_1o7q8oa,Should’ve opened this segment with sports car. 🤦🏻‍♀️🤦🏻‍♀️,9,1760572447.0,User_1139
1866,https://www.reddit.com/r/VictoriasSecret/comments/1o7q8oa/discuss_the_vs_fashion_show_under_here/,njpodmn,t3_1o7q8oa,"Pregnant Jas is so cute. I definitely didn’t think she’d be here because of her pregnancy, but I’m glad she was. My girl is glowing.",7,1760573097.0,User_1143
1867,https://www.reddit.com/r/VictoriasSecret/comments/1o7q8oa/discuss_the_vs_fashion_show_under_here/,njposlf,t3_1o7q8oa,Okay after last year I’m just concluding they have no budget for these lol,9,1760573233.0,User_1128
1868,https://www.reddit.com/r/VictoriasSecret/comments/1o7q8oa/discuss_the_vs_fashion_show_under_here/,njpnkfi,t3_1o7q8oa,I wish they actually had Tate McRae preform she would have done an amazing job,12,1760572824.0,User_1194
1869,https://www.reddit.com/r/VictoriasSecret/comments/1o7q8oa/discuss_the_vs_fashion_show_under_here/,njpnvyo,t3_1o7q8oa,"Does this make sense? No

Am I enjoying it? Yes",10,1760572932.0,User_1174
1870,https://www.reddit.com/r/VictoriasSecret/comments/1o7q8oa/discuss_the_vs_fashion_show_under_here/,njpiqzy,t3_1o7q8oa,This group is hard to enjoy it's so pitchy,16,1760571215.0,User_1160
1871,https://www.reddit.com/r/VictoriasSecret/comments/1o7q8oa/discuss_the_vs_fashion_show_under_here/,njpjv4l,t3_1o7q8oa,"The outfits are boring 🥱Like someone else said, I miss the 2010s. Give us COLOR 🌈 Dang",8,1760571589.0,User_1171
1872,https://www.reddit.com/r/VictoriasSecret/comments/1o7q8oa/discuss_the_vs_fashion_show_under_here/,njpkjyx,t3_1o7q8oa,Bella desperately holding this section together herself 💀,10,1760571819.0,User_1128
1873,https://www.reddit.com/r/VictoriasSecret/comments/1o7q8oa/discuss_the_vs_fashion_show_under_here/,njpm926,t3_1o7q8oa,It’s giving maid…,9,1760572386.0,User_1152
1874,https://www.reddit.com/r/VictoriasSecret/comments/1o7q8oa/discuss_the_vs_fashion_show_under_here/,njq83wl,t3_1o7q8oa,"The sports section was very bad, like a bad clearance rack. and the twice singing group was horrible. A lot of their curls fell flat. How is it 2025 and they still have such bad quality shoes and wings.",9,1760580211.0,User_1195
1875,https://www.reddit.com/r/VictoriasSecret/comments/1o7q8oa/discuss_the_vs_fashion_show_under_here/,njpg3so,t3_1o7q8oa,OMG JASMINNNNEEEE,6,1760570292.0,User_1143
1876,https://www.reddit.com/r/VictoriasSecret/comments/1o7q8oa/discuss_the_vs_fashion_show_under_here/,njphd0c,t3_1o7q8oa,"The opening runway was old school fierce models, no distracting singer, and I LOVED it.",4,1760570734.0,User_1138
1877,https://www.reddit.com/r/VictoriasSecret/comments/1o7q8oa/discuss_the_vs_fashion_show_under_here/,njpjeja,t3_1o7q8oa,THESE MODELS ARE ALL SO GORGEOUSSSS WOW,2,1760571435.0,User_1144
1878,https://www.reddit.com/r/VictoriasSecret/comments/1o7q8oa/discuss_the_vs_fashion_show_under_here/,njplj7v,t3_1o7q8oa,Okay the butterfly top gave me good y2k vibes,5,1760572147.0,User_1129
1879,https://www.reddit.com/r/VictoriasSecret/comments/1o7q8oa/discuss_the_vs_fashion_show_under_here/,njpm4rj,t3_1o7q8oa,Dumb question but did Madison perform yet? Unfortunately I joined late (like 6:30 CT),5,1760572346.0,User_1191
1880,https://www.reddit.com/r/VictoriasSecret/comments/1o7q8oa/discuss_the_vs_fashion_show_under_here/,njpow5a,t3_1o7q8oa,The pink outfits were awful. The first set with Madison was my fave and Carol g’s,4,1760573264.0,User_1162
1881,https://www.reddit.com/r/VictoriasSecret/comments/1o7q8oa/discuss_the_vs_fashion_show_under_here/,njppkf9,t3_1o7q8oa,Bella’s 2nd walk looked so uncomfortable :(,4,1760573482.0,User_1196
1882,https://www.reddit.com/r/VictoriasSecret/comments/1o7q8oa/discuss_the_vs_fashion_show_under_here/,njppom6,t3_1o7q8oa,"The shows used to be amazing, good music, confident women, amazing scenery. But as of right now I don’t know what I just watched….",4,1760573520.0,User_1197
1883,https://www.reddit.com/r/VictoriasSecret/comments/1o7q8oa/discuss_the_vs_fashion_show_under_here/,njr38uc,t3_1o7q8oa,"Okay this is going to be a LONG post. 
A couple of reminders people seem to be forgetting 

1. Gone are the days of the “OG VSFS”. People forget in the early 2000’s aka the peak of VS the idea of a supermodel was much more narrowed. We can’t have “better models” whilst having the modern take on models. 
We all LOVE the OG Angels and they’ll always be iconic and exciting to have in the show. HOWEVER, supermodels were really a thing of the 80s–late 90s, and that had a lot to do with the fact that social media didn’t exist. We saw “normal” people far more often, so when we saw someone with the rare beauty of a Gisele, Naomi, or Claudia, it felt unreachable. The only way that kind of beauty was consumed was through magazines and TV. There were only a select few women who could be seen on that kind of scale. Hence the term “supermodel.” 
Those names are household icons because they existed in a time when beauty was limited to a few faces. Then social media came along, and beauty standards shifted. With how oversaturated and highly stimulating social media is, the “out-of-reach” look became more common and more accessible. So while those OG names will always be legendary, it makes sense to include new household names like Angel Reese, Quenlin Blackwell, and Gabriela Moura…who, by the way, KILLED it.
If we tried to bring back the “old” VSFS style exactly as it was, it would mean throwing away body positivity and excluding models like Alex Consani or shorter women. While some fans argue that exclusivity is the “premise” of VS, first of all, it’s a brand… they can’t afford to do that. And second, for every OG fan who’d love it, there’d be millions ready to boycott for lack of inclusivity.

2. About the creative direction.
2023’s head creative director, Raúl Martinez.  hot take, but I HATED that show. It went completely against the premise of what the VSFS has always been. I appreciate the artistic approach, but it just wasn’t VS.
2024 head creative director Adam Selman. He returned for 2025. 2024 was wildly unpopular amongst fans for many reasons. Let’s talk about some of mine and others main ones, the hair, the wings, plus size models being more perceivably mid size, less spectacle, less of the “sex” appeal, etc. 
But 2025 fixed a lot of that. Some details were still missing (like the Pink dogs and glitter), but overall, it was a clear improvement. No slick-backs, the models had blowouts again. Some wings were still hit or miss, but they brought back more OG-style wings, like Bella’s ending look. Precious Lee’s debut was INCREDIBLE! She looked stunning and it showed that they actually listened to feedback.

Karol G’s set was in my humble opinion SEXY and was a great way to show that sex appeal that the OG VS campaigns used to emulate and embrace. 

All the complaints whilst valid because not everyone can be pleased in my opinion come off slightly nitpicking. The music was incredible in my opinion, it did feel slow at times but frankly live music and runway is hard and VS has always been one of the only to do it. 
Side note. The layering on some of the models particularly Quenlin Blackwell could’ve had a lot to die with the fact that she has a curvier frame and they frankly might not have wanted any slips on live television. Every girl knows the struggle of bikinis on bigger busts or hips it’s a risk.. lol. It’s not that deep and honestly I kinda liked it. 

People forget that while details matter, being overly disappointed when there were clear improvements from last year is counterproductive. They listened. They brought back blowouts, OGs, wings, and energy. If they hadn’t done that, I’d get the frustration but this time, they actually did.
A few things people overlook:
A) VS separated from their parent company, L Brands, in 2021. They had a major drop in business, and partnering with Amazon is what even made the show possible again.
B) Constant disapproval risks bringing in new management or another creative overhaul, which could make things even worse.
C) Change is healthy. We can have aspects of the old show, and I think they did that this year, but it’s physically not possible to fully bring it back. Some of the old models had serious health issues from maintaining those standards, and the wings were literally painful to wear. Bella looked stunning in her last walk but you could tell it wasn’t comfortable.

Again I know this is long but it’s physically paining me that people keep nitpicking small details and disappointments rather than looking at the bigger picture or the show which in my opinion again, was that the show was a great improvement to last year. 
I loved the inclusion and realism to the show whilst highlighting the illusion and fantasy that is VS. 
side note including Jasmine Tookes in the beginning isn’t as much fantasy as it was womanhood and I thought it was BEAUTIFUL.",4,1760594552.0,User_1198
1884,https://www.reddit.com/r/VictoriasSecret/comments/1o7q8oa/discuss_the_vs_fashion_show_under_here/,njxec5x,t3_1o7q8oa,I loved seeing Adriana Lima !!😍❤️,5,1760680608.0,User_1199
1885,https://www.reddit.com/r/VictoriasSecret/comments/1o7q8oa/discuss_the_vs_fashion_show_under_here/,njpkqgl,t3_1o7q8oa,Singers 👏 should 👏 not 👏 have 👏 a 👏 walk 👏,11,1760571879.0,User_1128
1886,https://www.reddit.com/r/VictoriasSecret/comments/1o7q8oa/discuss_the_vs_fashion_show_under_here/,njpiyna,t3_1o7q8oa,Bro I’m sorry but the off-key singing is making this really unwatchable,13,1760571287.0,User_1165
1887,https://www.reddit.com/r/VictoriasSecret/comments/1o7q8oa/discuss_the_vs_fashion_show_under_here/,njph9or,t3_1o7q8oa,It’s all very costumey…. Some of the accessories are giving crystals from Hobby Lobby,7,1760570702.0,User_1152
1888,https://www.reddit.com/r/VictoriasSecret/comments/1o7q8oa/discuss_the_vs_fashion_show_under_here/,njpiwhv,t3_1o7q8oa,Not Iris law walking like she’s playing dress to impress LMAOOO,9,1760571266.0,User_1137
1889,https://www.reddit.com/r/VictoriasSecret/comments/1o7q8oa/discuss_the_vs_fashion_show_under_here/,njpjdrb,t3_1o7q8oa,wait guys it might be getting good now,7,1760571428.0,User_1200
1890,https://www.reddit.com/r/VictoriasSecret/comments/1o7q8oa/discuss_the_vs_fashion_show_under_here/,njpji7i,t3_1o7q8oa,"My queen Bella, showing the girls how it’s done",5,1760571469.0,User_1143
1891,https://www.reddit.com/r/VictoriasSecret/comments/1o7q8oa/discuss_the_vs_fashion_show_under_here/,njpkjpw,t3_1o7q8oa,Not the bbl 💀,6,1760571816.0,User_1201
1892,https://www.reddit.com/r/VictoriasSecret/comments/1o7q8oa/discuss_the_vs_fashion_show_under_here/,njpknto,t3_1o7q8oa,"The pink section was so bad, the VS parts are good but the singing doesn’t help",8,1760571855.0,User_1154
1893,https://www.reddit.com/r/VictoriasSecret/comments/1o7q8oa/discuss_the_vs_fashion_show_under_here/,njpkt83,t3_1o7q8oa,Who’s this??,5,1760571904.0,User_1137
1894,https://www.reddit.com/r/VictoriasSecret/comments/1o7q8oa/discuss_the_vs_fashion_show_under_here/,njpl619,t3_1o7q8oa,So much better with just music and not a performer.,6,1760572023.0,User_1
1895,https://www.reddit.com/r/VictoriasSecret/comments/1o7q8oa/discuss_the_vs_fashion_show_under_here/,njplics,t3_1o7q8oa,OMG ANGEL REESE ATEEEEE,6,1760572139.0,User_1144
1896,https://www.reddit.com/r/VictoriasSecret/comments/1o7q8oa/discuss_the_vs_fashion_show_under_here/,njpnhki,t3_1o7q8oa,Goddamnit I love Missy Elliot,7,1760572797.0,User_1165
1897,https://www.reddit.com/r/VictoriasSecret/comments/1o7q8oa/discuss_the_vs_fashion_show_under_here/,njpntcs,t3_1o7q8oa,Missy knows how to perform. It’s the most entertaining. Like we all went to her concert.,7,1760572908.0,User_1159
1898,https://www.reddit.com/r/VictoriasSecret/comments/1o7q8oa/discuss_the_vs_fashion_show_under_here/,njpnvr1,t3_1o7q8oa,I’m so confused the show is about to end and my models are missing,7,1760572930.0,User_1144
1899,https://www.reddit.com/r/VictoriasSecret/comments/1o7q8oa/discuss_the_vs_fashion_show_under_here/,njpomnj,t3_1o7q8oa,Somehow worse than last year ???? sooo much time was wasted with the singers and performers and loooong segments of just the performers. I watch for the models not the random singers.,7,1760573179.0,User_1128
1900,https://www.reddit.com/r/VictoriasSecret/comments/1o7q8oa/discuss_the_vs_fashion_show_under_here/,njpou1q,t3_1o7q8oa,Okay maybe I’m wrong wtf that’s it 😭,8,1760573245.0,User_1166
1901,https://www.reddit.com/r/VictoriasSecret/comments/1o7q8oa/discuss_the_vs_fashion_show_under_here/,njppwqz,t3_1o7q8oa,Bring back the bling. Throw out the boring ass clothes. Make the shows fun and high energy again. And Bring better performers to the shows! ,8,1760573596.0,User_22
1902,https://www.reddit.com/r/VictoriasSecret/comments/1o7q8oa/discuss_the_vs_fashion_show_under_here/,njprw2c,t3_1o7q8oa,"Honestly, I don’t get why everyone’s tearing apart the 2025 Victoria’s Secret Fashion Show. I actually thought it was amazing way better than the 2024 one. The vibe, production, and creativity felt so much stronger this year That said, I do have a few critiques. Some of the models’ walks weren’t really giving that 2000s/2010s energy. Back then, every model had that supermodel confidence And I really, really wish they’d bring back more color. The visuals were kind of muted. I miss that bold, bright, *saturated* look those pops of neon pink, red, and sparkle that made VS shows so iconic. I get that softer tones are more “in” right now, but if anyone could make bold colors trendy again, it’s Victoria’s Secret. That vibrant, fun energy fits their brand perfectly.",7,1760574290.0,User_1202
1903,https://www.reddit.com/r/VictoriasSecret/comments/1o7q8oa/discuss_the_vs_fashion_show_under_here/,njpoqfp,t3_1o7q8oa,This show was 100x better than last years but nothing will ever top the 2000s and 2010s shows.,9,1760573212.0,User_1203
1904,https://www.reddit.com/r/VictoriasSecret/comments/1o7q8oa/discuss_the_vs_fashion_show_under_here/,njpizzq,t3_1o7q8oa,Madison beer did well and her outfit was cute. That kpop group is awful. Very off pitch and they should’ve turned their auto tune ON. Don’t get why they’re performing. It doesn’t go well with VS/Pink. Seems random and out of place.,11,1760571300.0,User_1159
1905,https://www.reddit.com/r/VictoriasSecret/comments/1o7q8oa/discuss_the_vs_fashion_show_under_here/,njpkn09,t3_1o7q8oa,Why are these singers getting wings and walking? It makes no sense.,11,1760571847.0,User_1142
1906,https://www.reddit.com/r/VictoriasSecret/comments/1o7q8oa/discuss_the_vs_fashion_show_under_here/,njpligh,t3_1o7q8oa,Twice was so bad i cant,11,1760572140.0,User_1204
1907,https://www.reddit.com/r/VictoriasSecret/comments/1o7q8oa/discuss_the_vs_fashion_show_under_here/,njpqztc,t3_1o7q8oa,"Loved it! 

IMO- A million times better than last year. It felt naturally inclusive, not pandering. It felt like it was for women by women this year. Starting the show with the pregnant model was incredible - a reminder that we're goddesses who can literally give life. The angel wings & outfits were more creative this year. All in all, I felt like it captured the joy of the old shows, while bringing up to 2025.",10,1760573967.0,User_1205
1908,https://www.reddit.com/r/VictoriasSecret/comments/1o7q8oa/discuss_the_vs_fashion_show_under_here/,njpj4o4,t3_1o7q8oa,Can anyone understand law roach? I swear the man is illiterate.,8,1760571343.0,User_1206
1909,https://www.reddit.com/r/VictoriasSecret/comments/1o7q8oa/discuss_the_vs_fashion_show_under_here/,njpjpqh,t3_1o7q8oa,Bella and gigi the only og girls who’ve got it imo,6,1760571539.0,User_1128
1910,https://www.reddit.com/r/VictoriasSecret/comments/1o7q8oa/discuss_the_vs_fashion_show_under_here/,njpkwka,t3_1o7q8oa,Hearing Britney gives me hope,5,1760571935.0,User_1129
1911,https://www.reddit.com/r/VictoriasSecret/comments/1o7q8oa/discuss_the_vs_fashion_show_under_here/,njpnclr,t3_1o7q8oa,Missy Elliot is 👏🏻,5,1760572751.0,User_1207
1912,https://www.reddit.com/r/VictoriasSecret/comments/1o7q8oa/discuss_the_vs_fashion_show_under_here/,njpnzjt,t3_1o7q8oa,Black is the worst runway color. I hate that i can see every oily spot on the floor,6,1760572966.0,User_1139
1913,https://www.reddit.com/r/VictoriasSecret/comments/1o7q8oa/discuss_the_vs_fashion_show_under_here/,njpo4qc,t3_1o7q8oa,I don’t mind that there were no models during Missy. A few of the older shows has performances with no models and also how in the hell were they supposed to walk to that,7,1760573015.0,User_1143
1914,https://www.reddit.com/r/VictoriasSecret/comments/1o7q8oa/discuss_the_vs_fashion_show_under_here/,njpo7sx,t3_1o7q8oa,I just realized one was pregnant. That's wild,7,1760573043.0,User_1160
1915,https://www.reddit.com/r/VictoriasSecret/comments/1o7q8oa/discuss_the_vs_fashion_show_under_here/,njpimbf,t3_1o7q8oa,Who are these people,7,1760571171.0,User_1132
1916,https://www.reddit.com/r/VictoriasSecret/comments/1o7q8oa/discuss_the_vs_fashion_show_under_here/,njpjwj7,t3_1o7q8oa,i’m bored,6,1760571602.0,User_1208
1917,https://www.reddit.com/r/VictoriasSecret/comments/1o7q8oa/discuss_the_vs_fashion_show_under_here/,njpmhti,t3_1o7q8oa,Barbara Palvin is stunninggggg,8,1760572467.0,User_1209
1918,https://www.reddit.com/r/VictoriasSecret/comments/1o7q8oa/discuss_the_vs_fashion_show_under_here/,njpn5w0,t3_1o7q8oa,is this a runway or full on concert..?,7,1760572689.0,User_1210
1919,https://www.reddit.com/r/VictoriasSecret/comments/1o7q8oa/discuss_the_vs_fashion_show_under_here/,njpnxjs,t3_1o7q8oa,why are we getting a concert 😭,7,1760572947.0,User_1211
1920,https://www.reddit.com/r/VictoriasSecret/comments/1o7q8oa/discuss_the_vs_fashion_show_under_here/,njpfu7g,t3_1o7q8oa,I thought it was starting like 4x,3,1760570195.0,User_1212
1921,https://www.reddit.com/r/VictoriasSecret/comments/1o7q8oa/discuss_the_vs_fashion_show_under_here/,njpfug2,t3_1o7q8oa,"The shows are usually 45 ish minutes long, so technically it’s on time to end at 8",3,1760570198.0,User_1143
1922,https://www.reddit.com/r/VictoriasSecret/comments/1o7q8oa/discuss_the_vs_fashion_show_under_here/,njpgfpt,t3_1o7q8oa,Love all the gold sparkle,3,1760570410.0,User_1
1923,https://www.reddit.com/r/VictoriasSecret/comments/1o7q8oa/discuss_the_vs_fashion_show_under_here/,njpjkh5,t3_1o7q8oa,where are you guys watching? im on tiktok but i think its behind and its cutting off parts of the screen smh,3,1760571490.0,User_1149
1924,https://www.reddit.com/r/VictoriasSecret/comments/1o7q8oa/discuss_the_vs_fashion_show_under_here/,njplrb7,t3_1o7q8oa,i thought missy elliot was performing as well,3,1760572221.0,User_1173
1925,https://www.reddit.com/r/VictoriasSecret/comments/1o7q8oa/discuss_the_vs_fashion_show_under_here/,njpls01,t3_1o7q8oa,These transitions are INSANE 💕🪽💕,3,1760572228.0,User_1155
1926,https://www.reddit.com/r/VictoriasSecret/comments/1o7q8oa/discuss_the_vs_fashion_show_under_here/,njplu4k,t3_1o7q8oa,was that frankie stark on screen?,3,1760572248.0,User_1186
1927,https://www.reddit.com/r/VictoriasSecret/comments/1o7q8oa/discuss_the_vs_fashion_show_under_here/,njpnfsp,t3_1o7q8oa,Bella’s wings looked like a teddy fleece,3,1760572781.0,User_1159
1928,https://www.reddit.com/r/VictoriasSecret/comments/1o7q8oa/discuss_the_vs_fashion_show_under_here/,njpohyb,t3_1o7q8oa,Just OK! Some performances were weird ,3,1760573137.0,User_22
1929,https://www.reddit.com/r/VictoriasSecret/comments/1o7q8oa/discuss_the_vs_fashion_show_under_here/,njpuf0o,t3_1o7q8oa,It's over?,3,1760575202.0,User_1213
1930,https://www.reddit.com/r/VictoriasSecret/comments/1o7q8oa/discuss_the_vs_fashion_show_under_here/,njq0jpz,t3_1o7q8oa,"MADISON BEER ATE! SINGING LIVE AND KAROL G! LOVE LOVE LOVE. 

ALSO, I BADLY WANT LANA DEL REY TO PERFORM IN VSFS.",3,1760577426.0,User_1214
1931,https://www.reddit.com/r/VictoriasSecret/comments/1o7q8oa/discuss_the_vs_fashion_show_under_here/,njq5e38,t3_1o7q8oa,"Post show but like what was that, I felt like half the time I was just watching the singers like what. There was way to much time spent without any models walking and just singers onstage. And some of the outfits were… not it. But 2 specifically were just awful, the bra UNDER the bathing suit took me out and then the tshirt under the bra oh my lord. And other thing the amount of models felt sparse, that may just be a me thing but it really did not feel like I saw an hours worth of models. Maybe its because of the amount of blah outfits. Anyways I did enjoy it but it really didn’t feel Victorias Secret special, especially because of all the lounge wear.",3,1760579216.0,User_1215
1932,https://www.reddit.com/r/VictoriasSecret/comments/1o7q8oa/discuss_the_vs_fashion_show_under_here/,njqoryo,t3_1o7q8oa,"Everyone wanted Ed Razek gone and now that he is, everyone is begging for his ideas back lol",3,1760587085.0,User_1216
1933,https://www.reddit.com/r/VictoriasSecret/comments/1o7q8oa/discuss_the_vs_fashion_show_under_here/,njqp8z7,t3_1o7q8oa,"I miss the fun, colors, and glamour and models who looked like they wanted to be there besides the ogs",3,1760587305.0,User_1217
1934,https://www.reddit.com/r/VictoriasSecret/comments/1o7q8oa/discuss_the_vs_fashion_show_under_here/,njqrnv6,t3_1o7q8oa,"WAY BETTER than 2023’s little whatever that was and last year’s VSFS! i hope they continue to lean towards the 2000 to 2010’s and runways models who ✨truly deserve✨ to be there! some walks were slow and horrible as was Pink! 

ANOK YAI? my jaw dropped she’s what they need and should center for the new generation of VS angels!!! i also loved seeing the OG VS angels they finally brought back their og vibes with no ponytails etc but we NEED GISELE CATWALKS!!! 💕

missy elliot!!!! she made the performance so much better god",3,1760588448.0,User_1218
1935,https://www.reddit.com/r/VictoriasSecret/comments/1o7q8oa/discuss_the_vs_fashion_show_under_here/,njqrr3n,t3_1o7q8oa,not sure how i felt about bras layered under bras and lingerie pieces… also why are we letting influencers walk,3,1760588491.0,User_1219
1936,https://www.reddit.com/r/VictoriasSecret/comments/1o7q8oa/discuss_the_vs_fashion_show_under_here/,njrffne,t3_1o7q8oa,"Can We Please Bring Back the Magic of the Old Victoria’s Secret Fashion Shows?

I watched this year’s Victoria’s Secret show, and while I’ll admit it was better than last year… it’s still missing the spark. Everything feels so stiff, overly produced, and honestly, BORING.

Whatever happened to the supermodel angels, the Swarovski crystal fantasy bra, the glitter runway, and lingerie that felt like pure fantasy? The whole point of the show used to be over-the-top glamour and that iconic “only VS could pull this off” energy. Now it just feels like a watered-down version of itself.

The show has gone so far downhill trying to reinvent itself that it lost the actual magic people loved. Bring back the original concept, the wings, the drama, the supermodel-era energy. That’s what we all tuned in for. That’s what we want to see.",3,1760601857.0,User_1220
1937,https://www.reddit.com/r/VictoriasSecret/comments/1o7q8oa/discuss_the_vs_fashion_show_under_here/,nk08h4o,t3_1o7q8oa,So this entire thread is just complaining. Yikes.,3,1760722270.0,User_39
1938,https://www.reddit.com/r/VictoriasSecret/comments/1o7q8oa/discuss_the_vs_fashion_show_under_here/,njpgw8i,t3_1o7q8oa,HUGE improvement from last year,7,1760570571.0,User_1173
1939,https://www.reddit.com/r/VictoriasSecret/comments/1o7q8oa/discuss_the_vs_fashion_show_under_here/,njpkinr,t3_1o7q8oa,Did they fire the old outfit designers for the shows like?😭😭,3,1760571807.0,User_1160
1940,https://www.reddit.com/r/VictoriasSecret/comments/1o7q8oa/discuss_the_vs_fashion_show_under_here/,njpkx6e,t3_1o7q8oa,Kinda like this theme ngl,5,1760571941.0,User_1132
1941,https://www.reddit.com/r/VictoriasSecret/comments/1o7q8oa/discuss_the_vs_fashion_show_under_here/,njpnl56,t3_1o7q8oa,Missy keeping the ballerinas employed by featuring them in a song with the phrase “chocha” god I love her,5,1760572830.0,User_1165
1942,https://www.reddit.com/r/VictoriasSecret/comments/1o7q8oa/discuss_the_vs_fashion_show_under_here/,njpp32m,t3_1o7q8oa,Angel Reese looked damn good 😍😍😍,7,1760573327.0,User_1221
1943,https://www.reddit.com/r/VictoriasSecret/comments/1o7q8oa/discuss_the_vs_fashion_show_under_here/,njppq8g,t3_1o7q8oa,okay def better than last year…. loved the OG’s being back…. but the nostalgia i feel towards the old shows i just don’t know if it’ll ever be the same!,5,1760573535.0,User_1178
1944,https://www.reddit.com/r/VictoriasSecret/comments/1o7q8oa/discuss_the_vs_fashion_show_under_here/,njpyiub,t3_1o7q8oa,"What happened to fun?!! Where was the glitter? Sparkles? Big hair?! Fun makeup? Extravagant set designs? Why are the performers getting more screen time than the models? Everyone over on Twitter is praising this show saying, “we’re so back” but this felt just as bland as the last shows they’ve had 😭 I miss the 2000s VS. Not everything has to be so high fashion runway…",4,1760576686.0,User_1222
1945,https://www.reddit.com/r/VictoriasSecret/comments/1o7q8oa/discuss_the_vs_fashion_show_under_here/,njq3j8h,t3_1o7q8oa,"I haven’t watched since the 2010s but watched this year because everyone was like ‘they are bringing back old VS!!’ And also saw all the discourse on VS going ‘woke’ and it ruining the shows - NEWS FLASH diff body types is not what’s dragging these shows down - they are just boring. 

The models all look sad with no personality (aside from a couple, I think Amelia & Bella did give a glimpse of the og VS charm at some points), the outfits suck (like why was every outfit just something straight off the rack + a weird avant garde headpiece or shawl) and the (not even existent) themes suck. Bring back the CAMP of it all. Give us proper themes. And tell the models to be bratty and girly and fun when they’re walking the runway - it’s Victoria Secret not Mugler. 

Don’t even get me started on the PINK section. They did that poor girl SO dirty in the grey sweats and sideways hat. 

Also who let Twice do their own vocals… there’s no shame in lipsyncing.

VS seems to think that making it feel high fashion will gain them the audience and respect they want but really they’re putting off a disjointed, overly produced, lacklustre show.",5,1760578528.0,User_1223
1946,https://www.reddit.com/r/VictoriasSecret/comments/1o7q8oa/discuss_the_vs_fashion_show_under_here/,njpn4t0,t3_1o7q8oa,These dancers- oh my gosh I literally can’t take it anymore lol. Bye gang ✌️,9,1760572679.0,User_1171
1947,https://www.reddit.com/r/VictoriasSecret/comments/1o7q8oa/discuss_the_vs_fashion_show_under_here/,njpkv91,t3_1o7q8oa,BRITNEY,6,1760571923.0,User_1144
1948,https://www.reddit.com/r/VictoriasSecret/comments/1o7q8oa/discuss_the_vs_fashion_show_under_here/,njpfk77,t3_1o7q8oa,Cool to see Barbie Ferreira is walking tonight!!,6,1760570096.0,User_621
1949,https://www.reddit.com/r/VictoriasSecret/comments/1o7q8oa/discuss_the_vs_fashion_show_under_here/,njpjgax,t3_1o7q8oa,Karol g looks so good omggg,6,1760571452.0,User_1212
1950,https://www.reddit.com/r/VictoriasSecret/comments/1o7q8oa/discuss_the_vs_fashion_show_under_here/,njpkqhl,t3_1o7q8oa,Where are y’all watching?? YouTube crashed,4,1760571879.0,User_1224
1951,https://www.reddit.com/r/VictoriasSecret/comments/1o7q8oa/discuss_the_vs_fashion_show_under_here/,njplh3q,t3_1o7q8oa,i love twice but cmon yall 😭😭😭😭,6,1760572127.0,User_1225
1952,https://www.reddit.com/r/VictoriasSecret/comments/1o7q8oa/discuss_the_vs_fashion_show_under_here/,njpmkhs,t3_1o7q8oa,TATTTTEEE,4,1760572491.0,User_1177
1953,https://www.reddit.com/r/VictoriasSecret/comments/1o7q8oa/discuss_the_vs_fashion_show_under_here/,njqbio1,t3_1o7q8oa,Literal nightmare. The wings budget was TIGHT.,4,1760581512.0,User_1226
1954,https://www.reddit.com/r/VictoriasSecret/comments/1o7q8oa/discuss_the_vs_fashion_show_under_here/,njqbj57,t3_1o7q8oa,Ugh I was underwhelmed for most of it. Loved Barbara and Candice tho they’re SO hot … I don’t wanna see nepo celebs and people who don’t know how to walk. Honestly it’ll never be what it was because of woke culture but at least I can go back and watch the old shows . Watched vs 2009 after this. It was better than last years tho,3,1760581518.0,User_1227
1955,https://www.reddit.com/r/VictoriasSecret/comments/1o7q8oa/discuss_the_vs_fashion_show_under_here/,njpqoof,t3_1o7q8oa,That was lowkey bad like there were a LOT of slip ups. Plus Twice's vocals were so bad ngl,6,1760573861.0,User_1228
1956,https://www.reddit.com/r/VictoriasSecret/comments/1o7q8oa/discuss_the_vs_fashion_show_under_here/,njpq37x,t3_1o7q8oa,"Maybe a 6.5/10? I don't think missy elliot was necessary, her dancers and her songs dont fit the feminine vibe. I wish there was more of a theme, and maybe a fantasy bra to close out the show. I love the OGs and i think thats the first time someone visibly pregnant has been walking? I could be wrong though. Either way it was decent but couldve been improved a lot.",3,1760573655.0,User_1229
1957,https://www.reddit.com/r/VictoriasSecret/comments/1o7q8oa/discuss_the_vs_fashion_show_under_here/,njpevi3,t3_1o7q8oa,UTS STARTING,2,1760569854.0,User_1144
1958,https://www.reddit.com/r/VictoriasSecret/comments/1o7q8oa/discuss_the_vs_fashion_show_under_here/,njpfbo6,t3_1o7q8oa,Do you think they we will see any shine straps in the show?,2,1760570012.0,User_1230
1959,https://www.reddit.com/r/VictoriasSecret/comments/1o7q8oa/discuss_the_vs_fashion_show_under_here/,njpfi7i,t3_1o7q8oa,Why is this taking forever lol,2,1760570077.0,User_1212
1960,https://www.reddit.com/r/VictoriasSecret/comments/1o7q8oa/discuss_the_vs_fashion_show_under_here/,njpfktu,t3_1o7q8oa,"I’m literally at the edge of my seat. I’m so excited, they need to start it now!",2,1760570103.0,User_1231
1961,https://www.reddit.com/r/VictoriasSecret/comments/1o7q8oa/discuss_the_vs_fashion_show_under_here/,njpfobm,t3_1o7q8oa,Aaaaa,2,1760570137.0,User_1232
1962,https://www.reddit.com/r/VictoriasSecret/comments/1o7q8oa/discuss_the_vs_fashion_show_under_here/,njpfp75,t3_1o7q8oa,Who do you think is opening the show?,2,1760570146.0,User_1132
1963,https://www.reddit.com/r/VictoriasSecret/comments/1o7q8oa/discuss_the_vs_fashion_show_under_here/,njpfr4r,t3_1o7q8oa,GUYS 25 SECONDS,2,1760570165.0,User_1144
1964,https://www.reddit.com/r/VictoriasSecret/comments/1o7q8oa/discuss_the_vs_fashion_show_under_here/,njpfrnc,t3_1o7q8oa,👀👀,2,1760570170.0,User_1161
1965,https://www.reddit.com/r/VictoriasSecret/comments/1o7q8oa/discuss_the_vs_fashion_show_under_here/,njpitwm,t3_1o7q8oa,QUEENNN BABYYYY YESSS,2,1760571242.0,User_1161
1966,https://www.reddit.com/r/VictoriasSecret/comments/1o7q8oa/discuss_the_vs_fashion_show_under_here/,njpj40v,t3_1o7q8oa,THESE MODELS ARE ALL SO GORGEOUSSSS WOW,2,1760571337.0,User_1144
1967,https://www.reddit.com/r/VictoriasSecret/comments/1o7q8oa/discuss_the_vs_fashion_show_under_here/,njq0qyy,t3_1o7q8oa,"Honestly, while it’s still not like the 2000s era, this is way better than last year. The outfits look to actually cost some $$$",2,1760577499.0,User_1233
1968,https://www.reddit.com/r/VictoriasSecret/comments/1o7q8oa/discuss_the_vs_fashion_show_under_here/,njqkknn,t3_1o7q8oa,"Hot show! Loved the Angels. Law Roach bombed the interviews, super cringe, stumbling over every word.",2,1760585209.0,User_1234
1969,https://www.reddit.com/r/VictoriasSecret/comments/1o7q8oa/discuss_the_vs_fashion_show_under_here/,njr3kst,t3_1o7q8oa,Not worth watching,2,1760594739.0,User_1235
1970,https://www.reddit.com/r/VictoriasSecret/comments/1o7q8oa/discuss_the_vs_fashion_show_under_here/,njs8laj,t3_1o7q8oa,The models looked great but the show doesn’t feel like a fantasy anymore.. the custom looks that were a one off and the archival peices made the show a fantasy with the best artists performing with the angles.. now it’s just too focused on making money and being “relevant” which is not iconic like in the 2000s.. but I’m glad they are being diverse with their models still,2,1760617327.0,User_1236
1971,https://www.reddit.com/r/VictoriasSecret/comments/1o7q8oa/discuss_the_vs_fashion_show_under_here/,njsifhh,t3_1o7q8oa,Why did Missy bring MEN to the stage 💀,2,1760620914.0,User_1237
1972,https://www.reddit.com/r/VictoriasSecret/comments/1o7q8oa/discuss_the_vs_fashion_show_under_here/,njt87vr,t3_1o7q8oa,Candice the woman you are today absolutely sickening how gorgeous she is,2,1760629000.0,User_1238
1973,https://www.reddit.com/r/VictoriasSecret/comments/1o7q8oa/discuss_the_vs_fashion_show_under_here/,njtmd0a,t3_1o7q8oa,"felt like theyre trying too hard to be ""inclusive"". too many additions that couldve been for the real angels. just my 2 cents

but totally better than last years.",2,1760633181.0,User_1239
1974,https://www.reddit.com/r/VictoriasSecret/comments/1o7q8oa/discuss_the_vs_fashion_show_under_here/,njtyjh7,t3_1o7q8oa,"The “themes” were very lackluster, no clear direction really, the “red” section was hard to really see the looks with the red lights and giant triangle screen. 

There was maybe 3 actual good lingerie looks, like Candace’s black one. 

Hair was not giving what the vision was supposedly “new take on bombshell blowout” it looked flat. I remember when I was a teen googling how to get big bombshell curls and watching YouTube videos to learn. That was part of their identity (although do appreciate keeping it natural for some ladies) 

The music choices were not great, ending the show with missy and no true finale look was the wrong choice. The budget they spent on 3 people they should have tried to get someone like Tate or Sabrina. 

The pink carpet seemed to really hype up the looks and over exaggerated that they were shoppable on Amazon. Felt disappointed with majority of the looks and frankly confused as what was going on. 

Hope people at VS see these comments and get a different creative director for the show next year as this years was not it at all.",2,1760636694.0,User_1240
1975,https://www.reddit.com/r/VictoriasSecret/comments/1o7q8oa/discuss_the_vs_fashion_show_under_here/,njyjca8,t3_1o7q8oa,"It looked cheap and rushed. VS had a huge downfall and it was giving : let’s put any trendy song in there , just so we can get back. 
Honestly , love body positivity. But VS should have sticked to their skinny models. Hot take but the truth. Gabriela did not fit at all , it looked like Fruit of the loom with a quick printed PINK outfit. Unfortunately VS will only be iconic with artists that aren’t reachable for influencers , beautiful face , skinny body.",2,1760703052.0,user_deleted
1976,https://www.reddit.com/r/VictoriasSecret/comments/1o7q8oa/discuss_the_vs_fashion_show_under_here/,njpjxsa,t3_1o7q8oa,That one twice member with the big eyes and long curly hair looked tired or like she lowk didn’t want to be there? It was kind of awkward,5,1760571613.0,user_deleted
1977,https://www.reddit.com/r/VictoriasSecret/comments/1o7q8oa/discuss_the_vs_fashion_show_under_here/,njpkp5f,t3_1o7q8oa,sometimes the performers are doing so much i cant tell if they're a model or not 😭 yall should not be moving more and having better outfits than the models themselves,3,1760571867.0,User_1149
1978,https://www.reddit.com/r/VictoriasSecret/comments/1o7q8oa/discuss_the_vs_fashion_show_under_here/,njpkrfc,t3_1o7q8oa,Karol G I wasn’t familiar with your game 🤭,6,1760571888.0,User_1176
1979,https://www.reddit.com/r/VictoriasSecret/comments/1o7q8oa/discuss_the_vs_fashion_show_under_here/,njpo5n6,t3_1o7q8oa,Tate and Sabrina performing would be moneyyyyyyyy,4,1760573023.0,User_1241
1980,https://www.reddit.com/r/VictoriasSecret/comments/1o7q8oa/discuss_the_vs_fashion_show_under_here/,njpo00o,t3_1o7q8oa,Why didnt they get Katseye or Sabrina Carpenter????,7,1760572970.0,User_1189
1981,https://www.reddit.com/r/VictoriasSecret/comments/1o7q8oa/discuss_the_vs_fashion_show_under_here/,njph3e1,t3_1o7q8oa,wow Madison looks rlly pretty,2,1760570640.0,user_deleted
1982,https://www.reddit.com/r/VictoriasSecret/comments/1o7q8oa/discuss_the_vs_fashion_show_under_here/,njplqxb,t3_1o7q8oa,Where are the singers lmao,3,1760572218.0,User_1132
1983,https://www.reddit.com/r/VictoriasSecret/comments/1o7q8oa/discuss_the_vs_fashion_show_under_here/,njpmq63,t3_1o7q8oa,Out of all the new models I love Barbie 😭,4,1760572545.0,User_1166
1984,https://www.reddit.com/r/VictoriasSecret/comments/1o7q8oa/discuss_the_vs_fashion_show_under_here/,njpo480,t3_1o7q8oa,wtf is going on lol,4,1760573010.0,User_1128
1985,https://www.reddit.com/r/VictoriasSecret/comments/1o7q8oa/discuss_the_vs_fashion_show_under_here/,njppg02,t3_1o7q8oa,Why were there no banger songs?? (Thinking of the show where they played sexy back) Also WHERE WERE THE THEMES😩 I really hoped for these old over the top kinda themes!,4,1760573443.0,User_1190
1986,https://www.reddit.com/r/VictoriasSecret/comments/1o7q8oa/discuss_the_vs_fashion_show_under_here/,njpph0g,t3_1o7q8oa,Barbara looked so confident and good!,4,1760573452.0,User_1196
1987,https://www.reddit.com/r/VictoriasSecret/comments/1o7q8oa/discuss_the_vs_fashion_show_under_here/,njpph0j,t3_1o7q8oa,Why we are giving wings to the singers cmonnn 😭😭 this way the wings’ losing their power/message,3,1760573452.0,User_1242
1988,https://www.reddit.com/r/VictoriasSecret/comments/1o7q8oa/discuss_the_vs_fashion_show_under_here/,njppq56,t3_1o7q8oa,"waiting for the next model to come out then seeing them all come out together, wow shock",5,1760573535.0,User_1148
1989,https://www.reddit.com/r/VictoriasSecret/comments/1o7q8oa/discuss_the_vs_fashion_show_under_here/,njphkrm,t3_1o7q8oa,madison beer needs to get off this damn stage,3,1760570809.0,User_1141
1990,https://www.reddit.com/r/VictoriasSecret/comments/1o7q8oa/discuss_the_vs_fashion_show_under_here/,njpk869,t3_1o7q8oa,I’m living for the spicy vibes being served 🔥,3,1760571709.0,User_1243
1991,https://www.reddit.com/r/VictoriasSecret/comments/1o7q8oa/discuss_the_vs_fashion_show_under_here/,njpq8in,t3_1o7q8oa,overall the production and effort was def elevated compared to last year. they actually included a PINK section and the football theme was cute.,4,1760573705.0,User_1244
1992,https://www.reddit.com/r/VictoriasSecret/comments/1o7q8oa/discuss_the_vs_fashion_show_under_here/,njpowoo,t3_1o7q8oa,Wait guys I actually liked the show,2,1760573269.0,User_1245
1993,https://www.reddit.com/r/VictoriasSecret/comments/1o7q8oa/discuss_the_vs_fashion_show_under_here/,njpl4nm,t3_1o7q8oa,Twice sounded so bad oh my god😭😭😭 but the pink segment outfits are my favorite so far,4,1760572011.0,User_1164
1994,https://www.reddit.com/r/VictoriasSecret/comments/1o7q8oa/discuss_the_vs_fashion_show_under_here/,njpmvl9,t3_1o7q8oa,im gonna throw up why is everything high waisted,4,1760572595.0,User_1177
1995,https://www.reddit.com/r/VictoriasSecret/comments/1o7q8oa/discuss_the_vs_fashion_show_under_here/,njpm2q8,t3_1o7q8oa,"Thoughts... full of khias, fatties, short women, and bitches who cant walk. The noveltys worn off tbh its more like a parade than a fashion show and I know we have this same tired convo EVERY year but i really miss how exclusive vsfs felt pre 2014/2015 where VSFS was all about unattainable bodies and gorgeous/commercial modelesque faces... n now there's literal 5'3 fatties in cheap wigs defiling the runway.. giving very much sharquisha's secret... Feels like the zeus network baddies cast is walking. anyway Love the old girls on there but theyre past their prime no shade. The only 'new' girl thats wow-ing me is anok yai. Alex consani is also too high fashion looking for VS.

Clothes = nothing to enquire about really


Edit: is that it 😭… girl bye",4,1760572327.0,user_deleted
1996,https://www.reddit.com/r/VictoriasSecret/comments/1o7q8oa/discuss_the_vs_fashion_show_under_here/,njpigxl,t3_1o7q8oa,Wow the PINK foil set is adorable,2,1760571118.0,User_1130
1997,https://www.reddit.com/r/VictoriasSecret/comments/1o7q8oa/discuss_the_vs_fashion_show_under_here/,njpj337,t3_1o7q8oa,Barbie 😍😍😍,2,1760571328.0,User_1129
1998,https://www.reddit.com/r/VictoriasSecret/comments/1o7q8oa/discuss_the_vs_fashion_show_under_here/,njpj41j,t3_1o7q8oa,I want that naughty-ish shirt,2,1760571337.0,User_1
1999,https://www.reddit.com/r/VictoriasSecret/comments/1o7q8oa/discuss_the_vs_fashion_show_under_here/,njpndeg,t3_1o7q8oa,"MISSY ELLIOTT!!! Whaaaaaa 

Best show ever!",2,1760572758.0,User_1135
2000,https://www.reddit.com/r/VictoriasSecret/comments/1o7q8oa/discuss_the_vs_fashion_show_under_here/,njqsv9j,t3_1o7q8oa,"Okay, well HUGE improvement since last year, almost no TEMU outfits (not going to comment on pink), BUT yes lets be inclusive, but WTH were some of these walks?? Hello? Were they not rehearsing at all? It was such a striking difference when we saw OGs or really good models and then someone who has no idea how to walk.. Also Why didnt they open with Missy Eliot?? That would be an epic, like old times opening. Karol G segment was nice and fitting, but sorry not sorry not Madison not Twice, it was just giving nothing, no energy.",2,1760589043.0,User_1246
2001,https://www.reddit.com/r/VictoriasSecret/comments/1o7q8oa/discuss_the_vs_fashion_show_under_here/,njpntyi,t3_1o7q8oa,Ashley Graham though!!!! She was so stunning!!!,1,1760572913.0,User_1247
2002,https://www.reddit.com/r/VictoriasSecret/comments/1o7q8oa/discuss_the_vs_fashion_show_under_here/,njpo54s,t3_1o7q8oa,"Love this missy segment, looks so fun !!",2,1760573018.0,User_1155
2003,https://www.reddit.com/r/VictoriasSecret/comments/1o7q8oa/discuss_the_vs_fashion_show_under_here/,njpprpn,t3_1o7q8oa,"It brought down the whole YouTube, so I guess it’s a huge success",1,1760573549.0,User_1248
2004,https://www.reddit.com/r/VictoriasSecret/comments/1o7q8oa/discuss_the_vs_fashion_show_under_here/,njpxz9n,t3_1o7q8oa,Did i see a 4ft philippina in the pink show? Im all for inclusivity but im starting to understand why models should be tall… even lila moss seem short,2,1760576492.0,User_1183
2005,https://www.reddit.com/r/VictoriasSecret/comments/1o7q8oa/discuss_the_vs_fashion_show_under_here/,njph0vz,t3_1o7q8oa,Okay Madison sounds so good,2,1760570616.0,User_1249
2006,https://www.reddit.com/r/VictoriasSecret/comments/1o7q8oa/discuss_the_vs_fashion_show_under_here/,njq2aiw,t3_1o7q8oa,Worth the wait! Let’s just forget 2024 happened and pretend this was their comeback show! And Candice?!?! 🥵,1,1760578070.0,User_1250
2007,https://www.reddit.com/r/VictoriasSecret/comments/1o7q8oa/discuss_the_vs_fashion_show_under_here/,njqicwz,t3_1o7q8oa,I wonder if anyone knows about that one model’s face and post seems cut from online streaming ( in Karol G performance),1,1760584261.0,User_1251
2008,https://www.reddit.com/r/VictoriasSecret/comments/1o7q8oa/discuss_the_vs_fashion_show_under_here/,njquxr6,t3_1o7q8oa,"Better than last year. But I feel most of models have no soul. 
The fact, Maddison Beer walked better than Gigi Hadid, Irina Shayk. Also, I've never liked the over fabriced amateur influencers who walked during Twice's performance. What a waste of time. Also, it was very sad that the model who walked behind Alex Consani only appeared on screen for a second.",1,1760590081.0,User_1252
2009,https://www.reddit.com/r/VictoriasSecret/comments/1o7q8oa/discuss_the_vs_fashion_show_under_here/,njr1e1j,t3_1o7q8oa,Karla G walked before than some of the models 😗😗😗,1,1760593514.0,User_1253
2010,https://www.reddit.com/r/VictoriasSecret/comments/1o7q8oa/discuss_the_vs_fashion_show_under_here/,njr7emt,t3_1o7q8oa,I think Madison Beer did so great!!! Also Candice and Bella were amazing. Ardianas silver wings made me speechless❤️❤️❤️,1,1760596963.0,User_1254
2011,https://www.reddit.com/r/VictoriasSecret/comments/1o7q8oa/discuss_the_vs_fashion_show_under_here/,njs2ulx,t3_1o7q8oa,They will never recapture the old VS. It was better this yesr but maybe only by 20% we need more glamour and glitter and more FUN and there were too many models as well,1,1760614970.0,User_1255
2012,https://www.reddit.com/r/VictoriasSecret/comments/1o7q8oa/discuss_the_vs_fashion_show_under_here/,njtv204,t3_1o7q8oa,I think Amelia Gray had some of the best looks. She walks with such confidence and gives OG vs angel,1,1760635691.0,User_361
2013,https://www.reddit.com/r/VictoriasSecret/comments/1o7q8oa/discuss_the_vs_fashion_show_under_here/,njuern0,t3_1o7q8oa,Absolute flop,1,1760641519.0,User_1256
2014,https://www.reddit.com/r/VictoriasSecret/comments/1o7q8oa/discuss_the_vs_fashion_show_under_here/,njyrelw,t3_1o7q8oa,Why most of the models are walking so bad and in a cringe way??,1,1760706032.0,User_1257
2015,https://www.reddit.com/r/VictoriasSecret/comments/1o7q8oa/discuss_the_vs_fashion_show_under_here/,njyroqr,t3_1o7q8oa,"Inclusivity is not the problem here, it’s good that they’re brining different types of ppl to walk the show !!!! I think it’s the whole aesthetic, it’s just to minimalistic even when they try to add colour it just gives off a little dull vibe. We need vibrancy, shabang and wow factor 😭😭",1,1760706131.0,User_1258
2016,https://www.reddit.com/r/VictoriasSecret/comments/1o7q8oa/discuss_the_vs_fashion_show_under_here/,nk2c10s,t3_1o7q8oa,Who was the pink model wearing the red skirt?,1,1760747316.0,User_1259
2017,https://www.reddit.com/r/VictoriasSecret/comments/1o7q8oa/discuss_the_vs_fashion_show_under_here/,nk7musa,t3_1o7q8oa,"I love Gigi and Bella but why do they keep on making those girls wear the heaviest most awkward wings???! Like give them something they can actually walk in fiercely and comfortable. Gigi's white wings looked so awkward. They did nothing for her it was stupid. WTH! They did that to her last year too, even though she looked gorgeous last year (you could tell they were so heavy she was trying not to freaking fall). Like give her something like Adriana was wearing. Adriana was flawless in her beautiful silver glitter wings at the end.",1,1760825410.0,User_1260
2018,https://www.reddit.com/r/VictoriasSecret/comments/1o7q8oa/discuss_the_vs_fashion_show_under_here/,nka1slq,t3_1o7q8oa,"better than last year, which is... about all i have to say about it 😭",1,1760864140.0,User_1261
2019,https://www.reddit.com/r/VictoriasSecret/comments/1o7q8oa/discuss_the_vs_fashion_show_under_here/,nkkaw3t,t3_1o7q8oa,"The whole show felt so low quality in terms of production. Their stages used to genuinely be works of art e.g 2018 Rita Ora's Section with little waterfalls, 2012 opening with Acrobats. Not to mention some of the models seemed a bit awkward when walking, they've kinda lost the charm that VS angels had in terms of energy. Some of the outfits also lacked (i'd say majority of this was in the PINK section as some of the outfits were sooo questionable) while some were top-notch. It seems that there is no quality control anymore and feels like they've just gone ""here, damn!"" with some of the performances and the way the show was scheduled. Nonetheless, congratulations to all the girls who walked !",1,1761030243.0,User_1262
2020,https://www.reddit.com/r/VictoriasSecret/comments/1o7q8oa/discuss_the_vs_fashion_show_under_here/,nkrilhv,t3_1o7q8oa,Quen's outfit. Why did they put her in two layers...,1,1761134449.0,User_1263
2021,https://www.reddit.com/r/VictoriasSecret/comments/1o7q8oa/discuss_the_vs_fashion_show_under_here/,njpj2hp,t3_1o7q8oa,TWICE LOOKS AMAZING THE OUTFITS OMFG,1,1760571323.0,User_1264
2022,https://www.reddit.com/r/VictoriasSecret/comments/1o7q8oa/discuss_the_vs_fashion_show_under_here/,njpkk7f,t3_1o7q8oa,madison should not have lip synced she’s so talented :(,0,1760571821.0,User_1208
2023,https://www.reddit.com/r/VictoriasSecret/comments/1o7q8oa/discuss_the_vs_fashion_show_under_here/,njppk8w,t3_1o7q8oa,Huge missed opportunity for Missy to do pass that dutch,1,1760573481.0,User_1265
2024,https://www.reddit.com/r/VictoriasSecret/comments/1o7q8oa/discuss_the_vs_fashion_show_under_here/,njpqei3,t3_1o7q8oa,twice’s singing threw me off,1,1760573763.0,User_1266
2025,https://www.reddit.com/r/VictoriasSecret/comments/1o7q8oa/discuss_the_vs_fashion_show_under_here/,njq1k7c,t3_1o7q8oa,"There was some improvement. I loved that the first segment honoring Jasmine’s surprise pregnancy and original angels. I think Ed Razek back in the day didn’t allow the Angel’s  to walk when they were obviously pregnant They totally forgot about Stella Maxwell in the first  segment. I wish they gave a story line of the segment  the segment’s names 

Pink has been disasterous all year - they need a new designer.

I did not understand bringing Ashley Graham after her diss back then. She shouldn’t even walk at all. Ban her. 
I don’t understand the influencers and actresses. 

I want to see the 1% supreme beauty of the world. Not a lip filler Instagram woman. 

There was a lot more curves and hum
this year.",1,1760577798.0,User_1267
2026,https://www.reddit.com/r/VictoriasSecret/comments/1o7q8oa/discuss_the_vs_fashion_show_under_here/,njpo67u,t3_1o7q8oa,OK THIS US NICEEEE,1,1760573028.0,User_1144
2027,https://www.reddit.com/r/VictoriasSecret/comments/1o7q8oa/discuss_the_vs_fashion_show_under_here/,njpo8kj,t3_1o7q8oa,Did Barbie walk? I didn’t see her,1,1760573050.0,User_1130
2028,https://www.reddit.com/r/VictoriasSecret/comments/1o7q8oa/discuss_the_vs_fashion_show_under_here/,njpofyt,t3_1o7q8oa,Abby Champion was STUNNING omfg my favorite,1,1760573119.0,user_deleted
2029,https://www.reddit.com/r/VictoriasSecret/comments/1o7q8oa/discuss_the_vs_fashion_show_under_here/,njpoowy,t3_1o7q8oa,okay guys which was worse this year or last year?,1,1760573199.0,User_1149
2030,https://www.reddit.com/r/VictoriasSecret/comments/1o7q8oa/discuss_the_vs_fashion_show_under_here/,njppgps,t3_1o7q8oa,Heidi is shaking in her boots rn,1,1760573449.0,User_1268
2031,https://www.reddit.com/r/VictoriasSecret/comments/1o7q8oa/discuss_the_vs_fashion_show_under_here/,njppvkq,t3_1o7q8oa,Who are these two?,1,1760573585.0,User_1269
2032,https://www.reddit.com/r/VictoriasSecret/comments/1o7q8oa/discuss_the_vs_fashion_show_under_here/,njptcj9,t3_1o7q8oa,"ok so i never even walked into a VS until i was an adult (like the year after they stopped doing the fashion shows), and never grew up watching the shows, but as of last years show i was working at a VS (still am) so i watched it for the first time out of sense of obligation and so i enjoyed watching it quite a lot this year but can’t compare it to old shows that i never saw.  i loved that they did have some 2000s music, helped me feel more like i belonged watching it since i haven’t even heard of any of this years performers besides Missy Elliot…

it was fun as a worker to recognize a lot of the product, and be like “i have that!” to a couple of the things, but i understand that there used to be a lot more stuff exclusive to the show?  i personally liked recognizing stuff from my closet on the runway and wish i could buy a couple pieces from the show that have never been sold and it annoys me that i can’t.  i don’t understand why i’d want to watch a fashion show of my own job with stuff that i can’t even buy",1,1760574816.0,User_1270
2033,https://www.reddit.com/r/VictoriasSecret/comments/1o7q8oa/discuss_the_vs_fashion_show_under_here/,njq170z,t3_1o7q8oa,Hair was a flop imo,1,1760577662.0,User_1271
2034,https://www.reddit.com/r/VictoriasSecret/comments/1o7q8oa/discuss_the_vs_fashion_show_under_here/,njq1h36,t3_1o7q8oa,"They did Stella so dirty with her fit 

Loved Madison but agree, why did it become a full on concert? ESP with Karol g?

2010s still reigns supreme",1,1760577766.0,User_1272
2035,https://www.reddit.com/r/VictoriasSecret/comments/1o7q8oa/discuss_the_vs_fashion_show_under_here/,njqp6uf,t3_1o7q8oa,"I hate how they let the singers walk the runway. LOL, Rihanna did it first, and now it seems like every singer that comes has to walk the runway. I want to see the models walk, lol. Also, I thought Madison Beer was boring! Even though there was no glitter runway at the end they did give a digital glitter runway 😹 I guess that’s close enough! 
I was expecting at least a surprise special guest but it’s okay they definitely tried and did well in my opinion",1,1760587277.0,User_1273
2036,https://www.reddit.com/r/VictoriasSecret/comments/1o7q8oa/discuss_the_vs_fashion_show_under_here/,njpq5vx,t3_1o7q8oa,"I loved it, I loved Madison's part and the pink section and everything omg they're so stunning",0,1760573680.0,User_1274
2037,https://www.reddit.com/r/VictoriasSecret/comments/1o7q8oa/discuss_the_vs_fashion_show_under_here/,njpqhvg,t3_1o7q8oa,‼️Lowkey they should have done Napoleon or idk circus/military/officer as one of the themes (would have looked dope and matched the hype around these type of jackets at paris fashion week) They could have done an underwear version out of that. Would have been better than whatever these themes were fs. And more memorable and idk more like the shows back in the days🤩🤩!,0,1760573794.0,User_1190
2038,https://www.reddit.com/r/VictoriasSecret/comments/1o7q8oa/discuss_the_vs_fashion_show_under_here/,njphmhq,t3_1o7q8oa,who is the singer?,0,1760570826.0,User_1244
2039,https://www.reddit.com/r/VictoriasSecret/comments/1o7q8oa/discuss_the_vs_fashion_show_under_here/,nk3fjrf,t3_1o7q8oa,just felt cheap and tacky AF while also being boring. “affordable luxury” is one thing but this was different. barbara tho 💖,0,1760763813.0,User_1275
2040,https://www.reddit.com/r/VictoriasSecret/comments/1o7q8oa/discuss_the_vs_fashion_show_under_here/,njpoekq,t3_1o7q8oa,I feel like the “bring back the real models” or “singers shouldn’t have wings/walks” is such a gatekeeping mindset lmao so many of yall don’t like to try change it’s insane,-10,1760573106.0,User_10
2041,https://www.reddit.com/r/VictoriasSecret/comments/1o7q8oa/discuss_the_vs_fashion_show_under_here/,njplq95,t3_1o7q8oa,KAROL G ATE THAT SHIT UP she did not take away from any models with no dumbass props and back up singers everywhere,-1,1760572212.0,User_1276
2042,https://www.reddit.com/r/VictoriasSecret/comments/1o7q8oa/discuss_the_vs_fashion_show_under_here/,njpo3vc,t3_1o7q8oa,Mariah ????,-1,1760573007.0,User_1146
2043,https://www.reddit.com/r/VictoriasSecret/comments/1o7q8oa/discuss_the_vs_fashion_show_under_here/,njppb7y,t3_1o7q8oa,Where was Kendall???,-6,1760573400.0,User_1196
2044,https://www.reddit.com/r/VictoriasSecret/comments/1o7q8oa/discuss_the_vs_fashion_show_under_here/,njprxzh,t1_njpmdta,I was SO MAD for Quenlin Blackwell… she is so stunning and they put her in a damn pink bikini WITH A BLACK BRA AND PANTIES UNDERNEATH… WHO TF APPROVED THAT??,26,1760574309.0,User_1277
2045,https://www.reddit.com/r/VictoriasSecret/comments/1o7q8oa/discuss_the_vs_fashion_show_under_here/,nk7leq9,t1_njpmdta,I couldn't agree more! My friend I were saying the same exact thing. It is a dream to be on Victoria's Secret runway show and they dress you like a fool!,1,1760824900.0,User_1260
2046,https://www.reddit.com/r/VictoriasSecret/comments/1o7q8oa/discuss_the_vs_fashion_show_under_here/,njppdi6,t1_njpp412,It’s always a red flag to me when I feel like I could afford more than 50% of the things being worn lol,19,1760573421.0,User_1128
2047,https://www.reddit.com/r/VictoriasSecret/comments/1o7q8oa/discuss_the_vs_fashion_show_under_here/,nk890we,t1_njpp412,The PINK section just felt so…. Awkward.,2,1760833502.0,User_1278
2048,https://www.reddit.com/r/VictoriasSecret/comments/1o7q8oa/discuss_the_vs_fashion_show_under_here/,njppfp0,t1_njpobpj,I said the same thing!  They really need a host/narrator and they need to flash the model's names at the bottom of the screen.,25,1760573440.0,User_1279
2049,https://www.reddit.com/r/VictoriasSecret/comments/1o7q8oa/discuss_the_vs_fashion_show_under_here/,njpp24n,t1_njpobpj,"It would have been epic if she was the host, and Giselle made a surprise appearance as the final model to walk out",8,1760573319.0,User_1138
2050,https://www.reddit.com/r/VictoriasSecret/comments/1o7q8oa/discuss_the_vs_fashion_show_under_here/,nk2mzep,t1_njpobpj,"Or the backstage cam where the director would be like “Candice, you’re up” and they were rushing to get out there",2,1760751463.0,User_1280
2051,https://www.reddit.com/r/VictoriasSecret/comments/1o7q8oa/discuss_the_vs_fashion_show_under_here/,njpprxm,t1_njplvy4,The classics were absolutely stunning.,25,1760573551.0,User_1197
2052,https://www.reddit.com/r/VictoriasSecret/comments/1o7q8oa/discuss_the_vs_fashion_show_under_here/,njpmwgy,t1_njplvy4,Her and Bella 🙏,10,1760572603.0,User_1142
2053,https://www.reddit.com/r/VictoriasSecret/comments/1o7q8oa/discuss_the_vs_fashion_show_under_here/,njphjjm,t1_njph7q6,Same theres no glitter,38,1760570798.0,User_1201
2054,https://www.reddit.com/r/VictoriasSecret/comments/1o7q8oa/discuss_the_vs_fashion_show_under_here/,njq8108,t1_njph7q6,Same I want to be a vs model so bad but I don’t really want to until it’s like the early 2000’s to 2018,2,1760580181.0,User_1175
2055,https://www.reddit.com/r/VictoriasSecret/comments/1o7q8oa/discuss_the_vs_fashion_show_under_here/,nk0839g,t1_njph7q6,Yall will complain about everything move on,0,1760722155.0,User_39
2056,https://www.reddit.com/r/VictoriasSecret/comments/1o7q8oa/discuss_the_vs_fashion_show_under_here/,njpmmir,t1_njplb18,"i cant even tell what era this is. so much black and so much high waisted everything, and why so much full lace bodysuit/sleeve??? its hideous 😭",16,1760572511.0,User_1149
2057,https://www.reddit.com/r/VictoriasSecret/comments/1o7q8oa/discuss_the_vs_fashion_show_under_here/,njq8ewr,t1_njpnta7,"Fr to me it felt more like a mini concert, on my vs post I wrote about how I was getting hype and if I was a model I’d be excited to walk down the runway and she sung but….no? They just went and on and then suddenly it was the end of the show",10,1760580323.0,User_1175
2058,https://www.reddit.com/r/VictoriasSecret/comments/1o7q8oa/discuss_the_vs_fashion_show_under_here/,njpzbqt,t1_njpix4x,Because it is one 😭,7,1760576981.0,User_1281
2059,https://www.reddit.com/r/VictoriasSecret/comments/1o7q8oa/discuss_the_vs_fashion_show_under_here/,njxn7nz,t1_njpix4x,Shhh 🤫 they wanna be inclusive and realistic lol,1,1760685657.0,User_1282
2060,https://www.reddit.com/r/VictoriasSecret/comments/1o7q8oa/discuss_the_vs_fashion_show_under_here/,njplni9,t1_njpkcpy,Bella hadid was orange lmaoooo,34,1760572186.0,User_1283
2061,https://www.reddit.com/r/VictoriasSecret/comments/1o7q8oa/discuss_the_vs_fashion_show_under_here/,njpl1hm,t1_njpkyz9,was just abt to say this,10,1760571981.0,User_1161
2062,https://www.reddit.com/r/VictoriasSecret/comments/1o7q8oa/discuss_the_vs_fashion_show_under_here/,njpl8uj,t1_njpkyz9,Groundbreaking,10,1760572049.0,User_1152
2063,https://www.reddit.com/r/VictoriasSecret/comments/1o7q8oa/discuss_the_vs_fashion_show_under_here/,njqqzha,t1_njpkyz9,Poor song choice for the visuals but the orchid wings were 🔥 (huge orchid fan over here),4,1760588121.0,User_1284
2064,https://www.reddit.com/r/VictoriasSecret/comments/1o7q8oa/discuss_the_vs_fashion_show_under_here/,njpx2i7,t1_njpkyz9,I loved that part. I loved those cherry blossom wings.,3,1760576164.0,User_19
2065,https://www.reddit.com/r/VictoriasSecret/comments/1o7q8oa/discuss_the_vs_fashion_show_under_here/,njplrpx,t1_njplgdm,"I was desperately hoping we got this back this year. Like how are you going to build up the excitement for the brand and the show without introducing new angels? The OGs aren’t going to hero coming back and if they don’t give us someone new to look forward to, the show won’t last much longer",15,1760572225.0,User_1143
2066,https://www.reddit.com/r/VictoriasSecret/comments/1o7q8oa/discuss_the_vs_fashion_show_under_here/,njpmgtl,t1_njplgdm,"yes like the 2000 show covered every model and a little bit abt their discovery and personality. or one year when they asked the girls abt their first kiss!!! we don't know anything about these girls besides the ones who have walked before which sucks. vs used to launch careers for models, now vs needs the models to launch THEM",12,1760572458.0,User_1149
2067,https://www.reddit.com/r/VictoriasSecret/comments/1o7q8oa/discuss_the_vs_fashion_show_under_here/,njplzil,t1_njplxj3,YESSSS!!,9,1760572298.0,User_1146
2068,https://www.reddit.com/r/VictoriasSecret/comments/1o7q8oa/discuss_the_vs_fashion_show_under_here/,njpnv5j,t1_njpnp32,i honestly don’t even see space for them to walk with the dancers taking up the space lol,11,1760572925.0,User_1173
2069,https://www.reddit.com/r/VictoriasSecret/comments/1o7q8oa/discuss_the_vs_fashion_show_under_here/,njpnvs3,t1_njpnp32,It’s the halftime performance,10,1760572930.0,User_1243
2070,https://www.reddit.com/r/VictoriasSecret/comments/1o7q8oa/discuss_the_vs_fashion_show_under_here/,njpwosa,t1_njpj7tv,Very stiff and bored!!!,7,1760576025.0,User_1285
2071,https://www.reddit.com/r/VictoriasSecret/comments/1o7q8oa/discuss_the_vs_fashion_show_under_here/,njvlyyz,t1_njpj7tv,The walks are insanelyyyyyyyyyyyy bad I’m shocked. With all the cheap and ugly outfits this just looks like a dumpster fire,1,1760655262.0,User_1286
2072,https://www.reddit.com/r/VictoriasSecret/comments/1o7q8oa/discuss_the_vs_fashion_show_under_here/,nk2mr0e,t1_njpj7tv,I also felt that the poses weren’t giving the way the did in the past. Everyone was doing hearts and blowing kisses but it felt really forced.,1,1760751371.0,User_1280
2073,https://www.reddit.com/r/VictoriasSecret/comments/1o7q8oa/discuss_the_vs_fashion_show_under_here/,njpi9as,t1_njpht04,madison beer's outfit looked better than some like the one model who just had plain vlack bra and undies like??? where is the decor 😭😭😭,24,1760571045.0,User_1149
2074,https://www.reddit.com/r/VictoriasSecret/comments/1o7q8oa/discuss_the_vs_fashion_show_under_here/,njpk703,t1_njpjyby,"The theme rn appears to just be ""red"" 🫩",17,1760571698.0,User_1151
2075,https://www.reddit.com/r/VictoriasSecret/comments/1o7q8oa/discuss_the_vs_fashion_show_under_here/,njpkj3r,t1_njpjyby,I guess it’s just red….. 🤦🏽‍♀️,7,1760571811.0,User_1152
2076,https://www.reddit.com/r/VictoriasSecret/comments/1o7q8oa/discuss_the_vs_fashion_show_under_here/,njq8yq6,t1_njpmzs7,"Fr and it’s fucking ridiculous that they give them the tiniest and thinnest stiletto heels, that’s so dangerous and they should also prioritise the models safety, you could see her ankles shaking and mine would be too, I would be grateful getting wings but give me a thicker heel at least",4,1760580527.0,User_1175
2077,https://www.reddit.com/r/VictoriasSecret/comments/1o7q8oa/discuss_the_vs_fashion_show_under_here/,njq1yl6,t1_njpl9bl,They’re been up all day preparing,-2,1760577947.0,User_1267
2078,https://www.reddit.com/r/VictoriasSecret/comments/1o7q8oa/discuss_the_vs_fashion_show_under_here/,njpmiek,t1_njpm69t,I think the tee + bra combo was worse 🫢,19,1760572472.0,User_1189
2079,https://www.reddit.com/r/VictoriasSecret/comments/1o7q8oa/discuss_the_vs_fashion_show_under_here/,njpm9c2,t1_njpm69t,Lowkey what the fuck 😭,13,1760572388.0,User_1146
2080,https://www.reddit.com/r/VictoriasSecret/comments/1o7q8oa/discuss_the_vs_fashion_show_under_here/,nk2nflf,t1_njpm69t,When they sent Stella out in that tshirt dress I almost lost it. The disrespect to someone who has been working closely with the brand for the better part of a decade,1,1760751645.0,User_1280
2081,https://www.reddit.com/r/VictoriasSecret/comments/1o7q8oa/discuss_the_vs_fashion_show_under_here/,njq8o25,t1_njpmtks,"This. At least they know what they’re doing and look like they want to be there. I actually miss when they had little segments in between talking about and showing the casting process, designing the fantasy bra, determining who wears what outfit, talking about the themes, etc, ",3,1760580417.0,User_14
2082,https://www.reddit.com/r/VictoriasSecret/comments/1o7q8oa/discuss_the_vs_fashion_show_under_here/,nk7mifc,t1_njpmtks,"The OG girls are what made it... I'd rather them just let the older girls do it for now on,  if they can't have young girls actually do it right. The young girls couldn't walk, they all look cheap, they were not sexy- They were awkward. It was hard to watch. And then the OG role model took over and it was like THANK GOD.",1,1760825289.0,User_1260
2083,https://www.reddit.com/r/VictoriasSecret/comments/1o7q8oa/discuss_the_vs_fashion_show_under_here/,njq950x,t1_njpodts,"Same, I wanna be a model especially a vs model but I don’t even want to start until I know for sure that they’re going to bring back the 2000’s -2018 like effort and styles",-1,1760580594.0,User_1175
2084,https://www.reddit.com/r/VictoriasSecret/comments/1o7q8oa/discuss_the_vs_fashion_show_under_here/,njpqohv,t1_njppcuo,No fantasy bra either...I miss the old fashion show,9,1760573859.0,User_15
2085,https://www.reddit.com/r/VictoriasSecret/comments/1o7q8oa/discuss_the_vs_fashion_show_under_here/,njpenwq,t1_njpekso,That’s what I was going to ask. I’m over the interviews ,13,1760569778.0,User_1287
2086,https://www.reddit.com/r/VictoriasSecret/comments/1o7q8oa/discuss_the_vs_fashion_show_under_here/,njpff3x,t1_njpekso,No seriously 😭 I wonder what happened.,8,1760570046.0,User_1146
2087,https://www.reddit.com/r/VictoriasSecret/comments/1o7q8oa/discuss_the_vs_fashion_show_under_here/,njpp3gy,t1_njpovhp,Seemed like they were all trying to interview for a regular model agency. Which isn’t what this is supposed to be,4,1760573331.0,User_1288
2088,https://www.reddit.com/r/VictoriasSecret/comments/1o7q8oa/discuss_the_vs_fashion_show_under_here/,njpp9bf,t1_njpp1pq,HARD agree. Was better as a recorded production.,6,1760573383.0,User_1
2089,https://www.reddit.com/r/VictoriasSecret/comments/1o7q8oa/discuss_the_vs_fashion_show_under_here/,njpptgb,t1_njpp1pq,"They HAVE to go back to pre-recording and running the show twice and editing. It doesn’t work live or we get nonsense like that TWICE performance. And on the second walk, the models are probably feeling more confident and were more likely to get the good runway poses.",5,1760573565.0,User_1143
2090,https://www.reddit.com/r/VictoriasSecret/comments/1o7q8oa/discuss_the_vs_fashion_show_under_here/,njpp6o1,t1_njpoohs,Huge improvement from last year's but I agree it felt so disconnected... when the OGs walked I felt that nostalgia and wished they would've kept that vibe going.,7,1760573359.0,User_1146
2091,https://www.reddit.com/r/VictoriasSecret/comments/1o7q8oa/discuss_the_vs_fashion_show_under_here/,njpk9e2,t1_njpiqxp,It’s giving “Justice” lol,17,1760571721.0,User_1171
2092,https://www.reddit.com/r/VictoriasSecret/comments/1o7q8oa/discuss_the_vs_fashion_show_under_here/,njpk60u,t1_njpiqxp,And they used that bikini they sold in store!! What happened to the fashion show exclusive stuff 😭,9,1760571689.0,User_1145
2093,https://www.reddit.com/r/VictoriasSecret/comments/1o7q8oa/discuss_the_vs_fashion_show_under_here/,njpj7la,t1_njpiqxp,Literally wtf was this,10,1760571371.0,User_1152
2094,https://www.reddit.com/r/VictoriasSecret/comments/1o7q8oa/discuss_the_vs_fashion_show_under_here/,njq8jx5,t1_njpiqxp,This and jeans I was like bro get the jeans out of here nowwwww,2,1760580375.0,User_1175
2095,https://www.reddit.com/r/VictoriasSecret/comments/1o7q8oa/discuss_the_vs_fashion_show_under_here/,njqa51q,t1_njpom6l,"Fr likes to I feel like it’s going to take a decade to get to where it once was, they were stupid to discontinue the shows because now they’ve just feel tf off, they’ve lost a shit ton of creativity and they’ve lost about 95% of their budget",1,1760580977.0,User_1175
2096,https://www.reddit.com/r/VictoriasSecret/comments/1o7q8oa/discuss_the_vs_fashion_show_under_here/,njpwksg,t1_njpj1jv,"Exactly. I miss the actual themes. Like Paris themed, calendar girls, etc.",3,1760575984.0,User_19
2097,https://www.reddit.com/r/VictoriasSecret/comments/1o7q8oa/discuss_the_vs_fashion_show_under_here/,njq1y1f,t1_njpj1jv,what were the themes again in the early VS shows in the 90s?,2,1760577941.0,User_1289
2098,https://www.reddit.com/r/VictoriasSecret/comments/1o7q8oa/discuss_the_vs_fashion_show_under_here/,njpnafo,t1_njpmtkg,She looked like she was about to cry 😭 she made a face like she was in pain a couple times. I hope she’s okay omg she was just in the hospital recently too,21,1760572731.0,user_deleted
2099,https://www.reddit.com/r/VictoriasSecret/comments/1o7q8oa/discuss_the_vs_fashion_show_under_here/,njpmwmi,t1_njpmtkg,Wings are too heavy for her,14,1760572604.0,User_1128
2100,https://www.reddit.com/r/VictoriasSecret/comments/1o7q8oa/discuss_the_vs_fashion_show_under_here/,njpn0re,t1_njpmtkg,she looks so nervous and could barely look up,9,1760572642.0,User_1137
2101,https://www.reddit.com/r/VictoriasSecret/comments/1o7q8oa/discuss_the_vs_fashion_show_under_here/,njpmzgh,t1_njpmtkg,The wings looked heavy af,10,1760572630.0,User_1146
2102,https://www.reddit.com/r/VictoriasSecret/comments/1o7q8oa/discuss_the_vs_fashion_show_under_here/,njpn1uz,t1_njpmtkg,She looked like she was going to fall over!!,8,1760572652.0,User_1127
2103,https://www.reddit.com/r/VictoriasSecret/comments/1o7q8oa/discuss_the_vs_fashion_show_under_here/,njq0lz8,t1_njpmtkg,She as ill in the hospital a few weeks ago.  I pray for her,2,1760577448.0,User_1267
2104,https://www.reddit.com/r/VictoriasSecret/comments/1o7q8oa/discuss_the_vs_fashion_show_under_here/,njpnt94,t1_njpn9em,Where tf are the models what’s up with this missy performance,8,1760572907.0,User_1145
2105,https://www.reddit.com/r/VictoriasSecret/comments/1o7q8oa/discuss_the_vs_fashion_show_under_here/,njpp14b,t1_njpn9em,my thoughts exactly 😂😂,4,1760573310.0,User_1290
2106,https://www.reddit.com/r/VictoriasSecret/comments/1o7q8oa/discuss_the_vs_fashion_show_under_here/,njpnlz4,t1_njpnat5,Right why’s it taking so long to show the models walking 😞,8,1760572838.0,User_1142
2107,https://www.reddit.com/r/VictoriasSecret/comments/1o7q8oa/discuss_the_vs_fashion_show_under_here/,njpogek,t1_njpnat5,Can’t believe they ended with that yikes,8,1760573123.0,User_1145
2108,https://www.reddit.com/r/VictoriasSecret/comments/1o7q8oa/discuss_the_vs_fashion_show_under_here/,njpom6e,t1_njpnat5,It’s not even giving VS either 😭,5,1760573175.0,User_1291
2109,https://www.reddit.com/r/VictoriasSecret/comments/1o7q8oa/discuss_the_vs_fashion_show_under_here/,njpka98,t1_njpjgd2,Stunning,4,1760571729.0,User_1129
2110,https://www.reddit.com/r/VictoriasSecret/comments/1o7q8oa/discuss_the_vs_fashion_show_under_here/,njplekg,t1_njpjgd2,"I didn’t know she was on the list, I’m so happy to see her she’s looking gorgeousssss",3,1760572103.0,User_1142
2111,https://www.reddit.com/r/VictoriasSecret/comments/1o7q8oa/discuss_the_vs_fashion_show_under_here/,njpk76y,t1_njpifje,Off-key is an understatement 😅  I feel like that segment felt really rushed and not really thought through when they were planning the show. Barbie said she got called in 3 weeks before to walk in the show lol.,15,1760571700.0,User_1146
2112,https://www.reddit.com/r/VictoriasSecret/comments/1o7q8oa/discuss_the_vs_fashion_show_under_here/,njpiihm,t1_njpifje,frrrr 😭,7,1760571133.0,User_1292
2113,https://www.reddit.com/r/VictoriasSecret/comments/1o7q8oa/discuss_the_vs_fashion_show_under_here/,njpjzu7,t1_njpifje,Why not just live auto-tune? It kinda ruined the vibe,9,1760571632.0,User_1243
2114,https://www.reddit.com/r/VictoriasSecret/comments/1o7q8oa/discuss_the_vs_fashion_show_under_here/,njpj2ky,t1_njpifje,they’re so bad,16,1760571324.0,User_1211
2115,https://www.reddit.com/r/VictoriasSecret/comments/1o7q8oa/discuss_the_vs_fashion_show_under_here/,njpkect,t1_njpifje,At the very least it was live instead of lip-synched like Madison and Karol G 😭,11,1760571766.0,User_1291
2116,https://www.reddit.com/r/VictoriasSecret/comments/1o7q8oa/discuss_the_vs_fashion_show_under_here/,njpj0ep,t1_njpifje,First thing my husband said 💀,13,1760571304.0,User_1152
2117,https://www.reddit.com/r/VictoriasSecret/comments/1o7q8oa/discuss_the_vs_fashion_show_under_here/,njpmw7o,t1_njpifje,I wonder if there were tech issue for Twice or something because their volume didn’t seem synced between the girls,4,1760572601.0,user_deleted
2118,https://www.reddit.com/r/VictoriasSecret/comments/1o7q8oa/discuss_the_vs_fashion_show_under_here/,njq97zd,t1_njpifje,They were terrible,2,1760580625.0,User_5
2119,https://www.reddit.com/r/VictoriasSecret/comments/1o7q8oa/discuss_the_vs_fashion_show_under_here/,njpf2py,t1_njpexp0,"Maybe when they get funding up it could be more fun, like interviewing celebrities or watching hair tutorials as they are happening or fun sneak peeks",3,1760569925.0,User_1144
2120,https://www.reddit.com/r/VictoriasSecret/comments/1o7q8oa/discuss_the_vs_fashion_show_under_here/,njpg0f0,t1_njpexp0,"They didn’t do any behind the scenes last year, so I’m glad they did something this year!",1,1760570258.0,User_1244
2121,https://www.reddit.com/r/VictoriasSecret/comments/1o7q8oa/discuss_the_vs_fashion_show_under_here/,njproar,t1_njpj3wk,"In my opinion it was nice to see new people be given the chance, but the VIBES were off. PINK is supposed to be the fun and vibrant part of the show. They were lacking movement and excitement.",3,1760574212.0,User_1155
2122,https://www.reddit.com/r/VictoriasSecret/comments/1o7q8oa/discuss_the_vs_fashion_show_under_here/,njq1qem,t1_njpj3wk,I only knew Lila Moss. I have no idea who the other girls were.,1,1760577862.0,User_1267
2123,https://www.reddit.com/r/VictoriasSecret/comments/1o7q8oa/discuss_the_vs_fashion_show_under_here/,njri44q,t1_njpj3wk,don’t dog on twice like that they ATE up their performance,0,1760603550.0,User_1293
2124,https://www.reddit.com/r/VictoriasSecret/comments/1o7q8oa/discuss_the_vs_fashion_show_under_here/,njpom6n,t1_njpkuas,I thought I was going crazy because I saw a gorgeous women in a backless red shiny dress walking BACK and I skipped back because I thought I missed her and NEVER SAW HER COMING UP,6,1760573175.0,User_1164
2125,https://www.reddit.com/r/VictoriasSecret/comments/1o7q8oa/discuss_the_vs_fashion_show_under_here/,njq295p,t1_njpmplo,The mask wings  were so cool,2,1760578056.0,User_1267
2126,https://www.reddit.com/r/VictoriasSecret/comments/1o7q8oa/discuss_the_vs_fashion_show_under_here/,njpo0lv,t1_njpnrfk,I'm dying the ears are taking me out 😂,6,1760572976.0,User_1146
2127,https://www.reddit.com/r/VictoriasSecret/comments/1o7q8oa/discuss_the_vs_fashion_show_under_here/,njpi88f,t1_njpi0pi,I don’t think singers should do a walk or have wings tbh 😬,32,1760571035.0,User_1128
2128,https://www.reddit.com/r/VictoriasSecret/comments/1o7q8oa/discuss_the_vs_fashion_show_under_here/,njpi5cu,t1_njpi0pi,Omg yes.  I don’t like the trend of the singers having wings either.  I miss when only angels got wings.,21,1760571007.0,User_1129
2129,https://www.reddit.com/r/VictoriasSecret/comments/1o7q8oa/discuss_the_vs_fashion_show_under_here/,njpjh2f,t1_njpi0pi,I think she had a better walk than some of the models during the PINK section hot take 😬,14,1760571459.0,User_1294
2130,https://www.reddit.com/r/VictoriasSecret/comments/1o7q8oa/discuss_the_vs_fashion_show_under_here/,njpi39s,t1_njpi0pi,LMAO fr like you ain’t all that,8,1760570987.0,User_1130
2131,https://www.reddit.com/r/VictoriasSecret/comments/1o7q8oa/discuss_the_vs_fashion_show_under_here/,njpkouc,t1_njpj350,They were definitely trying to recreate those 2000s looks that were winter inspired but it did not work,8,1760571864.0,User_1145
2132,https://www.reddit.com/r/VictoriasSecret/comments/1o7q8oa/discuss_the_vs_fashion_show_under_here/,nk2nnaz,t1_njpmnmo,"Ppl have been talking about Madison (she did good), but Karol G took the show imo",1,1760751729.0,User_1280
2133,https://www.reddit.com/r/VictoriasSecret/comments/1o7q8oa/discuss_the_vs_fashion_show_under_here/,njpl9xg,t1_njpl7ex,Oh no 💀,6,1760572060.0,User_1128
2134,https://www.reddit.com/r/VictoriasSecret/comments/1o7q8oa/discuss_the_vs_fashion_show_under_here/,njpop9r,t1_njpo50g,Yeah they should add that next year to make the show longer and get RID OF the jeans,2,1760573202.0,User_1155
2135,https://www.reddit.com/r/VictoriasSecret/comments/1o7q8oa/discuss_the_vs_fashion_show_under_here/,njq9z2u,t1_njplysk,Frrr 😂,1,1760580913.0,User_1175
2136,https://www.reddit.com/r/VictoriasSecret/comments/1o7q8oa/discuss_the_vs_fashion_show_under_here/,njpi63d,t1_njpgoby,I would have rioted if they put Candice and Adriana in that fuck ass slick back again,4,1760571014.0,User_1143
2137,https://www.reddit.com/r/VictoriasSecret/comments/1o7q8oa/discuss_the_vs_fashion_show_under_here/,njpncsh,t1_njpn6je,Yep Missy right now,3,1760572753.0,User_1138
2138,https://www.reddit.com/r/VictoriasSecret/comments/1o7q8oa/discuss_the_vs_fashion_show_under_here/,njpndj2,t1_njpn6je,That’s where I am,3,1760572760.0,User_1129
2139,https://www.reddit.com/r/VictoriasSecret/comments/1o7q8oa/discuss_the_vs_fashion_show_under_here/,njpnfai,t1_njpn6je,Your live! I feel like this is so random,3,1760572776.0,User_1146
2140,https://www.reddit.com/r/VictoriasSecret/comments/1o7q8oa/discuss_the_vs_fashion_show_under_here/,njppeug,t1_njpor2b,That would've been insane 😭,2,1760573433.0,User_1146
2141,https://www.reddit.com/r/VictoriasSecret/comments/1o7q8oa/discuss_the_vs_fashion_show_under_here/,njpixzu,t1_njpiir7,"The walking is so bad, at least in this Pink segment",13,1760571280.0,User_1129
2142,https://www.reddit.com/r/VictoriasSecret/comments/1o7q8oa/discuss_the_vs_fashion_show_under_here/,njpl0k3,t1_njpiir7,"I personally think Iman Hammam, Bella Hadid, Alex Consani, Barbara Palvin and Yasmin Wijnaldum have all killed it so far. Also loving Karol G and her vibe",4,1760571972.0,User_10
2143,https://www.reddit.com/r/VictoriasSecret/comments/1o7q8oa/discuss_the_vs_fashion_show_under_here/,njpodgr,t1_njpiir7,Gigi looked a little crabby. I wonder if it was just her game face or if she was upset about something.,2,1760573096.0,User_1241
2144,https://www.reddit.com/r/VictoriasSecret/comments/1o7q8oa/discuss_the_vs_fashion_show_under_here/,njpl23y,t1_njpkb0p,Hahaha I saw that 😂😂 that was hilarious trying to be sexy and it flopped,5,1760571987.0,User_1142
2145,https://www.reddit.com/r/VictoriasSecret/comments/1o7q8oa/discuss_the_vs_fashion_show_under_here/,njpm0p1,t1_njplvuw,You used to have to earn those wings! and 80% of the girls on stage wouldn’t have lol,8,1760572308.0,User_1128
2146,https://www.reddit.com/r/VictoriasSecret/comments/1o7q8oa/discuss_the_vs_fashion_show_under_here/,njpm474,t1_njplvuw,"Edit: in past shows not this mess

It was so fun seeing some of the models surprised with wings/angel status before the show",2,1760572340.0,User_1129
2147,https://www.reddit.com/r/VictoriasSecret/comments/1o7q8oa/discuss_the_vs_fashion_show_under_here/,njpq9jw,t1_njpn44v,she was the only one who gave old VS fashion show charm and vibes,3,1760573715.0,User_1295
2148,https://www.reddit.com/r/VictoriasSecret/comments/1o7q8oa/discuss_the_vs_fashion_show_under_here/,njpm8m8,t1_njpku7k,The outfits did not match the song,4,1760572382.0,User_15
2149,https://www.reddit.com/r/VictoriasSecret/comments/1o7q8oa/discuss_the_vs_fashion_show_under_here/,njpp0xq,t1_njpmuj6,A lot of the headpieces were tacky I’m afraid,3,1760573308.0,User_1133
2150,https://www.reddit.com/r/VictoriasSecret/comments/1o7q8oa/discuss_the_vs_fashion_show_under_here/,njpnq6l,t1_njpn78f,And Gigi’s 😒 looked like she was carrying a mattress on her back,2,1760572877.0,User_1142
2151,https://www.reddit.com/r/VictoriasSecret/comments/1o7q8oa/discuss_the_vs_fashion_show_under_here/,njpqrzy,t1_njpqi5l,Yeah I was like what the hell when Missy was done and they all walked out! ,7,1760573892.0,User_22
2152,https://www.reddit.com/r/VictoriasSecret/comments/1o7q8oa/discuss_the_vs_fashion_show_under_here/,njq0wv4,t1_njpxvj8,Other than that the models were giving Barbie it was very prettyy,2,1760577559.0,User_1169
2153,https://www.reddit.com/r/VictoriasSecret/comments/1o7q8oa/discuss_the_vs_fashion_show_under_here/,njqioo0,t1_njpxvj8,I fast forwarded through the weird pointless interviews and influencer yapping as I watched it later after work. A full hour of fast forwarding... sorry to anyone who had to sit through that!,1,1760584398.0,User_1296
2154,https://www.reddit.com/r/VictoriasSecret/comments/1o7q8oa/discuss_the_vs_fashion_show_under_here/,njpoul5,t1_njpogaq,"Missy straight up got in front of Adriana!!! Like girl, what????",6,1760573250.0,User_1152
2155,https://www.reddit.com/r/VictoriasSecret/comments/1o7q8oa/discuss_the_vs_fashion_show_under_here/,njppplo,t1_njpok20,Literally like why do i need to watch missy somebody for like 7 minutes,3,1760573530.0,User_1242
2156,https://www.reddit.com/r/VictoriasSecret/comments/1o7q8oa/discuss_the_vs_fashion_show_under_here/,njpldcw,t1_njpjpgg,"HATED that shirt. When she started lifting it, I was really hoping it was going to get pulled off to reveal a beautiful lingerie set 🥲",8,1760572091.0,User_1297
2157,https://www.reddit.com/r/VictoriasSecret/comments/1o7q8oa/discuss_the_vs_fashion_show_under_here/,njplsur,t1_njpjpgg,Yeeeees oh my gosh the Temu quality 😭,5,1760572236.0,User_1171
2158,https://www.reddit.com/r/VictoriasSecret/comments/1o7q8oa/discuss_the_vs_fashion_show_under_here/,njpljk5,t1_njplda4,It’s really obvious. The og angels look so confident and good and the new girls look so timid and stiff.,11,1760572150.0,User_1128
2159,https://www.reddit.com/r/VictoriasSecret/comments/1o7q8oa/discuss_the_vs_fashion_show_under_here/,njplmj2,t1_njplda4,lmaoooo give them an hour with ms banks they be walking like candice gave birth to them,4,1760572177.0,User_1137
2160,https://www.reddit.com/r/VictoriasSecret/comments/1o7q8oa/discuss_the_vs_fashion_show_under_here/,njpnbf6,t1_njpmsz5,Sameee especially Sabrina! And if I’m remembering right she wore some vintage VS during her tour,5,1760572740.0,User_1191
2161,https://www.reddit.com/r/VictoriasSecret/comments/1o7q8oa/discuss_the_vs_fashion_show_under_here/,njpnt5m,t1_njpmsz5,"tate at a vs show would be insaneeee, her walk at her miss possessive tour would eat up for whatever her last song is at the show!",3,1760572906.0,user_deleted
2162,https://www.reddit.com/r/VictoriasSecret/comments/1o7q8oa/discuss_the_vs_fashion_show_under_here/,njpnv58,t1_njpmsz5,This!! I miss performers from back then that sang while angels walked past them not full on concerts.,2,1760572924.0,User_1176
2163,https://www.reddit.com/r/VictoriasSecret/comments/1o7q8oa/discuss_the_vs_fashion_show_under_here/,njps6qm,t1_njpmsz5,They likely didn't have the budget,2,1760574396.0,User_1298
2164,https://www.reddit.com/r/VictoriasSecret/comments/1o7q8oa/discuss_the_vs_fashion_show_under_here/,njpo9uq,t1_njpmsz5,Don’t disrespect Karol G with that shi,1,1760573063.0,User_1283
2165,https://www.reddit.com/r/VictoriasSecret/comments/1o7q8oa/discuss_the_vs_fashion_show_under_here/,njpoq4s,t1_njpnouy,Whenever my wife said she was performing I said zero chance missy would share the stage. Pretty much called it,2,1760573210.0,User_1288
2166,https://www.reddit.com/r/VictoriasSecret/comments/1o7q8oa/discuss_the_vs_fashion_show_under_here/,njphxt8,t1_njphvao,Yes,10,1760570936.0,User_1137
2167,https://www.reddit.com/r/VictoriasSecret/comments/1o7q8oa/discuss_the_vs_fashion_show_under_here/,njpnuvp,t1_njpndk4,it’s really a free for all this year. Like literally just do whatever tf u want up there,6,1760572922.0,User_1137
2168,https://www.reddit.com/r/VictoriasSecret/comments/1o7q8oa/discuss_the_vs_fashion_show_under_here/,njplfp3,t1_njpj3xi,LOLL,3,1760572113.0,User_1145
2169,https://www.reddit.com/r/VictoriasSecret/comments/1o7q8oa/discuss_the_vs_fashion_show_under_here/,njqkkeu,t1_njpl7pa,Tyra is busy eating hot ice cream.,1,1760585206.0,User_1296
2170,https://www.reddit.com/r/VictoriasSecret/comments/1o7q8oa/discuss_the_vs_fashion_show_under_here/,njpex5t,t1_njpesrx,IT SAYS ITS ABOUT TO BEGIN OMG!!,3,1760569870.0,User_1144
2171,https://www.reddit.com/r/VictoriasSecret/comments/1o7q8oa/discuss_the_vs_fashion_show_under_here/,njplt8h,t1_njplne8,I just wish they titled them like on the shop the show page,3,1760572239.0,User_1
2172,https://www.reddit.com/r/VictoriasSecret/comments/1o7q8oa/discuss_the_vs_fashion_show_under_here/,njppb28,t1_njposd4,A lot of them looked 3D printed. Then the pillow top mattress lol,3,1760573399.0,User_1288
2173,https://www.reddit.com/r/VictoriasSecret/comments/1o7q8oa/discuss_the_vs_fashion_show_under_here/,njppc02,t1_njpp20o,Yes !! The cute sexy era 🥲,2,1760573407.0,User_1163
2174,https://www.reddit.com/r/VictoriasSecret/comments/1o7q8oa/discuss_the_vs_fashion_show_under_here/,nk08jjj,t1_njpysdq,All anyone wants to do is complain lol. She looked amazing!,2,1760722290.0,User_39
2175,https://www.reddit.com/r/VictoriasSecret/comments/1o7q8oa/discuss_the_vs_fashion_show_under_here/,njribbw,t1_njpiiz3,you try dancing and singing live then comment about “pitchy” 💀,0,1760603678.0,User_1293
2176,https://www.reddit.com/r/VictoriasSecret/comments/1o7q8oa/discuss_the_vs_fashion_show_under_here/,njpovqs,t1_njpodxx,Missy is an icon but her time is over that performance was WEIRD and  clashed with the victorias secret aesthetic 😣,5,1760573260.0,User_22
2177,https://www.reddit.com/r/VictoriasSecret/comments/1o7q8oa/discuss_the_vs_fashion_show_under_here/,njpf4is,t1_njpf2lz,sigh it is what it is,1,1760569943.0,User_1144
2178,https://www.reddit.com/r/VictoriasSecret/comments/1o7q8oa/discuss_the_vs_fashion_show_under_here/,njpfnul,t1_njpfi97,ITSVSTARUING,1,1760570132.0,User_1144
2179,https://www.reddit.com/r/VictoriasSecret/comments/1o7q8oa/discuss_the_vs_fashion_show_under_here/,njpopjo,t1_njpms3o,she was like one of the only models with good stage presence frrrr,2,1760573205.0,User_1208
2180,https://www.reddit.com/r/VictoriasSecret/comments/1o7q8oa/discuss_the_vs_fashion_show_under_here/,njpo0au,t1_njpnu3i,Also Candice,1,1760572973.0,User_1132
2181,https://www.reddit.com/r/VictoriasSecret/comments/1o7q8oa/discuss_the_vs_fashion_show_under_here/,njpo2da,t1_njpnu3i,and more volume!!,1,1760572993.0,User_1210
2182,https://www.reddit.com/r/VictoriasSecret/comments/1o7q8oa/discuss_the_vs_fashion_show_under_here/,njpvv45,t1_njpsgyl,Right lol like I need to go watch the 2005 show to cleanse my soul,2,1760575724.0,User_1145
2183,https://www.reddit.com/r/VictoriasSecret/comments/1o7q8oa/discuss_the_vs_fashion_show_under_here/,njpjxjw,t1_njpjm5e,"For real, conservative isn’t a word I normally think of her but this outfit kinda is.",3,1760571611.0,User_1
2184,https://www.reddit.com/r/VictoriasSecret/comments/1o7q8oa/discuss_the_vs_fashion_show_under_here/,njpmo0v,t1_njpmfp4,Ooo good call!!,3,1760572525.0,User_1154
2185,https://www.reddit.com/r/VictoriasSecret/comments/1o7q8oa/discuss_the_vs_fashion_show_under_here/,njpp85i,t1_njposlf,Well they spent it all on a finale of missy elliot. Very out of touch,2,1760573372.0,User_1288
2186,https://www.reddit.com/r/VictoriasSecret/comments/1o7q8oa/discuss_the_vs_fashion_show_under_here/,njpnsqw,t1_njpnkfi,I was thinking Tate or Sabrina would've been performing this year,7,1760572902.0,User_1146
2187,https://www.reddit.com/r/VictoriasSecret/comments/1o7q8oa/discuss_the_vs_fashion_show_under_here/,njq14sl,t1_njpnkfi,I was just thinking this,1,1760577639.0,User_1299
2188,https://www.reddit.com/r/VictoriasSecret/comments/1o7q8oa/discuss_the_vs_fashion_show_under_here/,njri7ty,t1_njpiqzy,don’t dog on twice like that they’ve been performing non stop for over 2 years and it’s only half the group,0,1760603616.0,User_1293
2189,https://www.reddit.com/r/VictoriasSecret/comments/1o7q8oa/discuss_the_vs_fashion_show_under_here/,njpk39s,t1_njpjv4l,"Color, glitter, and personality!",4,1760571663.0,User_1129
2190,https://www.reddit.com/r/VictoriasSecret/comments/1o7q8oa/discuss_the_vs_fashion_show_under_here/,njriljl,t1_njq83wl,yeah don’t dog on twice like that when you obviously have never seen a performance of theirs,-1,1760603861.0,User_1293
2191,https://www.reddit.com/r/VictoriasSecret/comments/1o7q8oa/discuss_the_vs_fashion_show_under_here/,njpm7ix,t1_njpm4rj,Yes she did,3,1760572371.0,User_1138
2192,https://www.reddit.com/r/VictoriasSecret/comments/1o7q8oa/discuss_the_vs_fashion_show_under_here/,njpmbki,t1_njpm4rj,Yes she did! She was the first performer,3,1760572409.0,User_1146
2193,https://www.reddit.com/r/VictoriasSecret/comments/1o7q8oa/discuss_the_vs_fashion_show_under_here/,njppr6j,t1_njppkf9,The wings probably weighed more than her 😮,2,1760573544.0,User_1163
2194,https://www.reddit.com/r/VictoriasSecret/comments/1o7q8oa/discuss_the_vs_fashion_show_under_here/,njpqyq2,t1_njppkf9,She was not having a good time 🥲,1,1760573956.0,User_22
2195,https://www.reddit.com/r/VictoriasSecret/comments/1o7q8oa/discuss_the_vs_fashion_show_under_here/,njtgx1d,t1_njr38uc,Thank you so much for this. You said it perfectly,2,1760631570.0,User_1300
2196,https://www.reddit.com/r/VictoriasSecret/comments/1o7q8oa/discuss_the_vs_fashion_show_under_here/,njpntk3,t1_njpkqgl,"It only works when it’s organic, like Rihanna randomly doing it as her song was ending. Other than that, performers should not be walking and they certainly shouldn’t have wings!",5,1760572910.0,User_1143
2197,https://www.reddit.com/r/VictoriasSecret/comments/1o7q8oa/discuss_the_vs_fashion_show_under_here/,njpnlba,t1_njpji7i,"Until they gave her the big ass, unstable wings 😭 She really killed it though dealing with that",1,1760572831.0,User_10
2198,https://www.reddit.com/r/VictoriasSecret/comments/1o7q8oa/discuss_the_vs_fashion_show_under_here/,njpkz1d,t1_njpkt83,Idk but she's doing too much,5,1760571959.0,User_1174
2199,https://www.reddit.com/r/VictoriasSecret/comments/1o7q8oa/discuss_the_vs_fashion_show_under_here/,njrij18,t1_njpligh,bro they’ve been performing/on tour for over 2 years and they legit flew in from korea like yesterday so they’re obviously tired asl.. you try dancing all out and singing live,1,1760603815.0,User_1293
2200,https://www.reddit.com/r/VictoriasSecret/comments/1o7q8oa/discuss_the_vs_fashion_show_under_here/,njq3r8q,t1_njpqztc,"Agree!! People are so critical of this show meanwhile they never even step foot into a VS store. What are yall expecting exactly? They aren’t making the same money did they in 2010. 

I think they executed it great for the budget they had. The performances need improvement and I’d prefer it not live so they can edit it and have models do 2 takes (Bella would’ve needed it this year since her wings were having issues). 

I’m sure we’ll see even more of what we want next year.",1,1760578612.0,User_1301
2201,https://www.reddit.com/r/VictoriasSecret/comments/1o7q8oa/discuss_the_vs_fashion_show_under_here/,njpo5s5,t1_njpnzjt,Was just thinking that the floor looks so bad this year,2,1760573025.0,User_1131
2202,https://www.reddit.com/r/VictoriasSecret/comments/1o7q8oa/discuss_the_vs_fashion_show_under_here/,njpogv0,t1_njpo7sx,Jasmine Tookes,5,1760573127.0,User_1132
2203,https://www.reddit.com/r/VictoriasSecret/comments/1o7q8oa/discuss_the_vs_fashion_show_under_here/,njpobrf,t1_njpo7sx,The opening model,3,1760573080.0,User_1201
2204,https://www.reddit.com/r/VictoriasSecret/comments/1o7q8oa/discuss_the_vs_fashion_show_under_here/,njpjuxp,t1_njpjkh5,Youtube https://www.youtube.com/watch?v=SdSSPF1S-Uc,5,1760571587.0,User_1302
2205,https://www.reddit.com/r/VictoriasSecret/comments/1o7q8oa/discuss_the_vs_fashion_show_under_here/,njpjndh,t1_njpjkh5,watch on their youtube,2,1760571517.0,User_1303
2206,https://www.reddit.com/r/VictoriasSecret/comments/1o7q8oa/discuss_the_vs_fashion_show_under_here/,njpk8rh,t1_njpjkh5,Prime,2,1760571715.0,User_1129
2207,https://www.reddit.com/r/VictoriasSecret/comments/1o7q8oa/discuss_the_vs_fashion_show_under_here/,njpjp12,t1_njpjkh5,YouTube,1,1760571532.0,User_1160
2208,https://www.reddit.com/r/VictoriasSecret/comments/1o7q8oa/discuss_the_vs_fashion_show_under_here/,njpjr1n,t1_njpjkh5,Try youtube,1,1760571551.0,User_1304
2209,https://www.reddit.com/r/VictoriasSecret/comments/1o7q8oa/discuss_the_vs_fashion_show_under_here/,njqu1dq,t1_njqp8z7,Same watching the 2025 show inspired me to go watch early 2000s shows on youtube. 2005 was absolutely amazing like candyland so colorful and exciting 🧸🍭🍬💖,2,1760589627.0,User_22
2210,https://www.reddit.com/r/VictoriasSecret/comments/1o7q8oa/discuss_the_vs_fashion_show_under_here/,njpl4d2,t1_njpkx6e,wtf is it ?,2,1760572008.0,User_1137
2211,https://www.reddit.com/r/VictoriasSecret/comments/1o7q8oa/discuss_the_vs_fashion_show_under_here/,njpkgy6,t1_njpkaj4,💀,4,1760571791.0,User_1305
2212,https://www.reddit.com/r/VictoriasSecret/comments/1o7q8oa/discuss_the_vs_fashion_show_under_here/,njpfoih,t1_njpfk77,She’s GORGEOUS,2,1760570139.0,User_1144
2213,https://www.reddit.com/r/VictoriasSecret/comments/1o7q8oa/discuss_the_vs_fashion_show_under_here/,njplleh,t1_njpfk77,They gave her something so ugly it’s SO unfortunate 😭,2,1760572167.0,User_10
2214,https://www.reddit.com/r/VictoriasSecret/comments/1o7q8oa/discuss_the_vs_fashion_show_under_here/,njpks62,t1_njpkqhl,Prime,3,1760571895.0,User_1129
2215,https://www.reddit.com/r/VictoriasSecret/comments/1o7q8oa/discuss_the_vs_fashion_show_under_here/,njpmskd,t1_njpkqhl,watch the pink stream it has less viewers,1,1760572567.0,User_1149
2216,https://www.reddit.com/r/VictoriasSecret/comments/1o7q8oa/discuss_the_vs_fashion_show_under_here/,njriqyd,t1_njplh3q,bruh they legit flew in like yesterday they’re obviously tired from being on tour 💀,1,1760603957.0,User_1293
2217,https://www.reddit.com/r/VictoriasSecret/comments/1o7q8oa/discuss_the_vs_fashion_show_under_here/,njqkk29,t1_njqbj57,what part of 'woke culture' made it underwhleming for you?,3,1760585202.0,User_1306
2218,https://www.reddit.com/r/VictoriasSecret/comments/1o7q8oa/discuss_the_vs_fashion_show_under_here/,njql8e1,t1_njqbj57,"What's ""woke culture""?",3,1760585498.0,User_2
2219,https://www.reddit.com/r/VictoriasSecret/comments/1o7q8oa/discuss_the_vs_fashion_show_under_here/,njriu6c,t1_njpqoof,well considering they just flew in like the day before from being on tour they’re obviously gonna be tired and not sound perfect,1,1760604014.0,User_1293
2220,https://www.reddit.com/r/VictoriasSecret/comments/1o7q8oa/discuss_the_vs_fashion_show_under_here/,njpfpns,t1_njpevi3,Why is it still taking so long 😭,3,1760570150.0,User_1287
2221,https://www.reddit.com/r/VictoriasSecret/comments/1o7q8oa/discuss_the_vs_fashion_show_under_here/,njpfgoa,t1_njpfbo6,Most likely,1,1760570062.0,User_1144
2222,https://www.reddit.com/r/VictoriasSecret/comments/1o7q8oa/discuss_the_vs_fashion_show_under_here/,njpfnrs,t1_njpfbo6,Yes. Shop the show is live and has a bunch of shine merchandise.,1,1760570132.0,User_1
2223,https://www.reddit.com/r/VictoriasSecret/comments/1o7q8oa/discuss_the_vs_fashion_show_under_here/,njpfo7y,t1_njpfktu,YES,1,1760570136.0,User_1231
2224,https://www.reddit.com/r/VictoriasSecret/comments/1o7q8oa/discuss_the_vs_fashion_show_under_here/,njpjpb6,t1_njpitwm,NO WAY SHE CAME OUT I DIDNT SEE I HOPE I SEE HER AGAIN,1,1760571535.0,User_1144
2225,https://www.reddit.com/r/VictoriasSecret/comments/1o7q8oa/discuss_the_vs_fashion_show_under_here/,njpopv8,t1_njpojik,YouTube is showing a “thanks for watching”,3,1760573207.0,User_1
2226,https://www.reddit.com/r/VictoriasSecret/comments/1o7q8oa/discuss_the_vs_fashion_show_under_here/,njrj3s2,t1_njpjxsa,well considering they’ve been on tour and just flew into the country yesterday they’re obviously gonna be tired..,1,1760604191.0,User_1293
2227,https://www.reddit.com/r/VictoriasSecret/comments/1o7q8oa/discuss_the_vs_fashion_show_under_here/,njrju8z,t1_njrhjc8,same and ik i’m gonna get downvoted but like no one wants to see big people modeling the lingerie 😭 like i wanna see the supermodels like VS used to have that made the show exclusive,2,1760604661.0,User_1293
2228,https://www.reddit.com/r/VictoriasSecret/comments/1o7q8oa/discuss_the_vs_fashion_show_under_here/,njq4h90,t1_njpnpng,"The performers actually were the worst part of the show lol. The outfits were a lot better and models were gorgeous. They need to book better singers and we’ll have a really fun show.

Madison did good though",1,1760578877.0,User_1301
2229,https://www.reddit.com/r/VictoriasSecret/comments/1o7q8oa/discuss_the_vs_fashion_show_under_here/,njpr0cz,t1_njpnpng,Karol G killed that though,1,1760573972.0,User_10
2230,https://www.reddit.com/r/VictoriasSecret/comments/1o7q8oa/discuss_the_vs_fashion_show_under_here/,njpi4b8,t1_njphkrm,It was a little cringe that she walked down the stage like a model,1,1760570997.0,User_15
2231,https://www.reddit.com/r/VictoriasSecret/comments/1o7q8oa/discuss_the_vs_fashion_show_under_here/,njphqju,t1_njphkrm,right no shade but i’m ready for twice,-4,1760570866.0,User_1173
2232,https://www.reddit.com/r/VictoriasSecret/comments/1o7q8oa/discuss_the_vs_fashion_show_under_here/,njpp6u4,t1_njpowoo,Better than last year for sure,4,1760573361.0,User_1138
2233,https://www.reddit.com/r/VictoriasSecret/comments/1o7q8oa/discuss_the_vs_fashion_show_under_here/,njppwuq,t1_njpowoo,"Much better than last year, still not touching the older shows unfortunately",2,1760573596.0,User_1143
2234,https://www.reddit.com/r/VictoriasSecret/comments/1o7q8oa/discuss_the_vs_fashion_show_under_here/,njrjesp,t1_njpl4nm,they’re obviously jet lagged and tired from being on tour 💀,0,1760604389.0,User_1293
2235,https://www.reddit.com/r/VictoriasSecret/comments/1o7q8oa/discuss_the_vs_fashion_show_under_here/,njpna8r,t1_njpmvl9,high waists have been in since the early 2010s 😭we need low waist to come back to mainstream asap,3,1760572729.0,User_1179
2236,https://www.reddit.com/r/VictoriasSecret/comments/1o7q8oa/discuss_the_vs_fashion_show_under_here/,njpr8im,t1_njpm2q8,"Nah. I like the changes, it shouldn’t be how it was because that was not sustainable. Just because so many people are resistant to change doesn’t mean it won’t happen. It’s better this way.",3,1760574052.0,User_10
2237,https://www.reddit.com/r/VictoriasSecret/comments/1o7q8oa/discuss_the_vs_fashion_show_under_here/,njpmjla,t1_njpm2q8,“fatties” drop ur measurements rn then,8,1760572483.0,User_1141
2238,https://www.reddit.com/r/VictoriasSecret/comments/1o7q8oa/discuss_the_vs_fashion_show_under_here/,njpmrwa,t1_njpm2q8,"Agree.  I miss the crazy, unrealistically perfect looking models",4,1760572560.0,User_1138
2239,https://www.reddit.com/r/VictoriasSecret/comments/1o7q8oa/discuss_the_vs_fashion_show_under_here/,njrji4b,t1_njpm2q8,fr no one likes to see fat women in lingerie like that defeats the long time exclusivity of the VSFS,1,1760604447.0,User_1293
2240,https://www.reddit.com/r/VictoriasSecret/comments/1o7q8oa/discuss_the_vs_fashion_show_under_here/,njpj9m3,t1_njpj41j,Who is she? She’s stunningggg,5,1760571389.0,User_621
2241,https://www.reddit.com/r/VictoriasSecret/comments/1o7q8oa/discuss_the_vs_fashion_show_under_here/,njrj6vz,t1_njqsv9j,“giving no energy” goes crazy when twice’s was the most hype performance 😭,1,1760604248.0,User_1293
2242,https://www.reddit.com/r/VictoriasSecret/comments/1o7q8oa/discuss_the_vs_fashion_show_under_here/,njq2m94,t1_njpxz9n,Its Filipina btw not Philippina. and nope there was no Filipina in the show.,2,1760578189.0,User_1289
2243,https://www.reddit.com/r/VictoriasSecret/comments/1o7q8oa/discuss_the_vs_fashion_show_under_here/,njq9k5h,t1_njpxz9n,That was Olympic gymnast Suni Lee,2,1760580755.0,User_1307
2244,https://www.reddit.com/r/VictoriasSecret/comments/1o7q8oa/discuss_the_vs_fashion_show_under_here/,njq2k5r,t1_njpxz9n,ha? Pink segment was more influencers.,1,1760578168.0,User_1289
2245,https://www.reddit.com/r/VictoriasSecret/comments/1o7q8oa/discuss_the_vs_fashion_show_under_here/,njpinew,t1_njph0vz,lmao I would too if I was lip syncing,7,1760571181.0,User_1137
2246,https://www.reddit.com/r/VictoriasSecret/comments/1o7q8oa/discuss_the_vs_fashion_show_under_here/,njpje8m,t1_njpj2hp,They didn’t sound amazing though god bless them,5,1760571432.0,User_1165
2247,https://www.reddit.com/r/VictoriasSecret/comments/1o7q8oa/discuss_the_vs_fashion_show_under_here/,njpoafb,t1_njpo8kj,She did during the red segment,1,1760573068.0,User_1304
2248,https://www.reddit.com/r/VictoriasSecret/comments/1o7q8oa/discuss_the_vs_fashion_show_under_here/,njpob34,t1_njpo8kj,Yeah she was with the 2nd performer - last walker,1,1760573074.0,User_1129
2249,https://www.reddit.com/r/VictoriasSecret/comments/1o7q8oa/discuss_the_vs_fashion_show_under_here/,njpox2x,t1_njpoowy,"no absolutely not, last year was something... i feel like theyre just going to get better as the years go by",5,1760573273.0,user_deleted
2250,https://www.reddit.com/r/VictoriasSecret/comments/1o7q8oa/discuss_the_vs_fashion_show_under_here/,njpostv,t1_njpoowy,"This year was worse for sure, last year was atleast all models & stunnnning fits",3,1760573235.0,User_1154
2251,https://www.reddit.com/r/VictoriasSecret/comments/1o7q8oa/discuss_the_vs_fashion_show_under_here/,njq2ekb,t1_njq170z,thats your opinion.,1,1760578112.0,User_1289
2252,https://www.reddit.com/r/VictoriasSecret/comments/1o7q8oa/discuss_the_vs_fashion_show_under_here/,njq2cqb,t1_njq1h36,nah. 2000-2006 were better rhan the 2010s. 2010s were so costumy.,2,1760578093.0,User_1289
2253,https://www.reddit.com/r/VictoriasSecret/comments/1o7q8oa/discuss_the_vs_fashion_show_under_here/,njphp7l,t1_njphmhq,madison beer,1,1760570853.0,User_1173
2254,https://www.reddit.com/r/VictoriasSecret/comments/1o7q8oa/discuss_the_vs_fashion_show_under_here/,njpokmq,t1_njpoekq,Same and I hate the fact that I keep seeing the word “fatties” like hello? We can dislike something and still be respectful about it,6,1760573161.0,User_1191
2255,https://www.reddit.com/r/VictoriasSecret/comments/1o7q8oa/discuss_the_vs_fashion_show_under_here/,njrjqft,t1_njpoekq,nah cause no one wants to see plus size people in lingerie 😭 we wanna see the supermodel bodies that VS used to be known for,-1,1760604593.0,User_1293
2256,https://www.reddit.com/r/VictoriasSecret/comments/1o7q8oa/discuss_the_vs_fashion_show_under_here/,njpujd7,t1_njprxzh,Oh Christ that too!!! I first thought it was perhaps because it was being live streamed then I saw another model had her entire cheeks out! Why even make a model wear that if you’re gonna completely kill the look.,10,1760575247.0,User_1126
2257,https://www.reddit.com/r/VictoriasSecret/comments/1o7q8oa/discuss_the_vs_fashion_show_under_here/,nk7lmfs,t1_njprxzh,It looked so bad. They did that to so many of the models. And it really made their bodies look weird. It made it look like they didn't know how to drive and it made it look really tacky,2,1760824974.0,User_1260
2258,https://www.reddit.com/r/VictoriasSecret/comments/1o7q8oa/discuss_the_vs_fashion_show_under_here/,nk88yei,t1_njprxzh,I just saw this and was wondering the same thing. It looked like some cover up for a wardrobe malfunction,2,1760833475.0,User_1278
2259,https://www.reddit.com/r/VictoriasSecret/comments/1o7q8oa/discuss_the_vs_fashion_show_under_here/,njpp5iv,t1_njpp24n,Yes!,3,1760573349.0,User_1127
2260,https://www.reddit.com/r/VictoriasSecret/comments/1o7q8oa/discuss_the_vs_fashion_show_under_here/,njqpggf,t1_njphjjm,"The outfits and wings had glitter! However, they did do a glitter runway at the end it was pink but digital",2,1760587403.0,User_1273
2261,https://www.reddit.com/r/VictoriasSecret/comments/1o7q8oa/discuss_the_vs_fashion_show_under_here/,njq83e0,t1_njpmmir,This and jeans,3,1760580206.0,User_1175
2262,https://www.reddit.com/r/VictoriasSecret/comments/1o7q8oa/discuss_the_vs_fashion_show_under_here/,nk363hi,t1_njpmmir,They tried too hard to be PC.,0,1760759199.0,User_1308
2263,https://www.reddit.com/r/VictoriasSecret/comments/1o7q8oa/discuss_the_vs_fashion_show_under_here/,njpmyqs,t1_njplni9,Such a shame too… her hair was gorgeous but against the orange skin was not it,12,1760572624.0,User_1133
2264,https://www.reddit.com/r/VictoriasSecret/comments/1o7q8oa/discuss_the_vs_fashion_show_under_here/,njpywnj,t1_njplni9,I was NOT fan of Bellas tan with the blonde. It wasn't a good combo.,6,1760576827.0,User_1306
2265,https://www.reddit.com/r/VictoriasSecret/comments/1o7q8oa/discuss_the_vs_fashion_show_under_here/,njporpj,t1_njplni9,Lowkey green also,3,1760573224.0,User_1190
2266,https://www.reddit.com/r/VictoriasSecret/comments/1o7q8oa/discuss_the_vs_fashion_show_under_here/,njq218h,t1_njplni9,And why'd they do that to her hairrrr she looks so good in a dark brown,2,1760577973.0,User_1309
2267,https://www.reddit.com/r/VictoriasSecret/comments/1o7q8oa/discuss_the_vs_fashion_show_under_here/,njtzpd5,t1_njplni9,DJT setting 2025 fashion trends,1,1760637027.0,User_1310
2268,https://www.reddit.com/r/VictoriasSecret/comments/1o7q8oa/discuss_the_vs_fashion_show_under_here/,njpmfc1,t1_njplrpx,"yes!! When they used to introduce a new angel, I was like I can't wait to see them next year!!",4,1760572444.0,User_1134
2269,https://www.reddit.com/r/VictoriasSecret/comments/1o7q8oa/discuss_the_vs_fashion_show_under_here/,njxn15c,t1_njplrpx,"I thought they dropped the whole angle (contract) thing when they stopped the show, no? I don’t think any of the OGs are active “angels” anymore.",1,1760685548.0,User_1282
2270,https://www.reddit.com/r/VictoriasSecret/comments/1o7q8oa/discuss_the_vs_fashion_show_under_here/,njpomcw,t1_njpnvs3,It was the finale lmao these show runners are so unbearably out of touch,5,1760573176.0,User_1288
2271,https://www.reddit.com/r/VictoriasSecret/comments/1o7q8oa/discuss_the_vs_fashion_show_under_here/,njpl2u0,t1_njpi9as,The perfume bottle earrings they keep reusing are not it either,5,1760571994.0,User_1145
2272,https://www.reddit.com/r/VictoriasSecret/comments/1o7q8oa/discuss_the_vs_fashion_show_under_here/,njpl1pq,t1_njpkj3r,Ok why is the theme now sunset / mermaid,3,1760571983.0,User_1137
2273,https://www.reddit.com/r/VictoriasSecret/comments/1o7q8oa/discuss_the_vs_fashion_show_under_here/,njq74z9,t1_njq1yl6,"Babe thats not an excuse these are supposed to be high quality models, the best models u can find.. THE VS ANGELS. & they gave me the shein models.",8,1760579857.0,User_1139
2274,https://www.reddit.com/r/VictoriasSecret/comments/1o7q8oa/discuss_the_vs_fashion_show_under_here/,njpmn24,t1_njpmiek,the worst,6,1760572516.0,User_1141
2275,https://www.reddit.com/r/VictoriasSecret/comments/1o7q8oa/discuss_the_vs_fashion_show_under_here/,njpya8w,t1_njpmiek,"What was that horrible tee and black fur thing combo?
🤢",2,1760576601.0,User_1311
2276,https://www.reddit.com/r/VictoriasSecret/comments/1o7q8oa/discuss_the_vs_fashion_show_under_here/,nkwicqw,t1_njpmiek,"They really thought they were doing something 😭 


I can't believe how uncool the show was",1,1761192949.0,User_1312
2277,https://www.reddit.com/r/VictoriasSecret/comments/1o7q8oa/discuss_the_vs_fashion_show_under_here/,nk7m8vr,t1_nk2nflf,I was so pissed she actually had to wear that during the closing ceremony. That is the only thing she wore. They gave models that had no right being there better outfits than her. She has an amazing body and face what were they doing??! It's like they wanted to sabotage her. It didn't look anything good for the brand PINK. It just looked dumb and honestly even though she walked it off I could tell she was not happy about it.,1,1760825195.0,User_1260
2278,https://www.reddit.com/r/VictoriasSecret/comments/1o7q8oa/discuss_the_vs_fashion_show_under_here/,njqii4m,t1_njq950x,But they're not. It's time to move on lmao.,5,1760584321.0,User_2
2279,https://www.reddit.com/r/VictoriasSecret/comments/1o7q8oa/discuss_the_vs_fashion_show_under_here/,njpr4va,t1_njpqohv,"“WHERE IS THE FANTASY BRA!?” I scream, as they drag me away. 

Angels, wings and the fantasy bra are what makes the show. Clearly they don’t have the budget, because how has it not come back two years in a row.",14,1760574017.0,User_1143
2280,https://www.reddit.com/r/VictoriasSecret/comments/1o7q8oa/discuss_the_vs_fashion_show_under_here/,njpeue7,t1_njpenwq,I rushed through traffic for thissss im so excited it gotta hurry,7,1760569842.0,User_1144
2281,https://www.reddit.com/r/VictoriasSecret/comments/1o7q8oa/discuss_the_vs_fashion_show_under_here/,njpfiey,t1_njpff3x,Hitting 15 minutes lol,5,1760570079.0,User_1144
2282,https://www.reddit.com/r/VictoriasSecret/comments/1o7q8oa/discuss_the_vs_fashion_show_under_here/,njs8bgu,t1_njpn0yj,"Not sure the source, but apparently it was 60 pounds.",1,1760617218.0,User_1313
2283,https://www.reddit.com/r/VictoriasSecret/comments/1o7q8oa/discuss_the_vs_fashion_show_under_here/,njpzjwf,t1_njpp3gy,Yes they were being too “high-fashion” if that makes sense. They should be having fun and didn’t look like they were tbh 🥲,2,1760577063.0,User_1222
2284,https://www.reddit.com/r/VictoriasSecret/comments/1o7q8oa/discuss_the_vs_fashion_show_under_here/,njpqmoi,t1_njpptgb,"Yes! Also at the end of the day this runway show, used to be, a one hour long commercial for their Holiday looks. It still is but the optics are different slightly. Having it be recorded and edited allows for better shots of the pieces for sale! 

I want to buy the things! Let me see them better.",8,1760573841.0,User_9
2285,https://www.reddit.com/r/VictoriasSecret/comments/1o7q8oa/discuss_the_vs_fashion_show_under_here/,njqqt3v,t1_njpk9e2,LMFAOOOOO 😭,2,1760588036.0,User_1314
2286,https://www.reddit.com/r/VictoriasSecret/comments/1o7q8oa/discuss_the_vs_fashion_show_under_here/,njpjkk8,t1_njpj7la,"Yes it’s so bad 😭 My brain said, “huh??”",7,1760571491.0,User_1171
2287,https://www.reddit.com/r/VictoriasSecret/comments/1o7q8oa/discuss_the_vs_fashion_show_under_here/,njqj82h,t1_njqa51q,"They ""discontinued"" the shows because they were about to go bankrupt lmao. Times changed and they had to change with it.",2,1760584626.0,User_2
2288,https://www.reddit.com/r/VictoriasSecret/comments/1o7q8oa/discuss_the_vs_fashion_show_under_here/,njpj42n,t1_njpiihm,"Like I’m not trying to be rude, but they do not sound good. The PINK models are also not walking very well. This is not my favorite segment.",21,1760571337.0,User_1143
2289,https://www.reddit.com/r/VictoriasSecret/comments/1o7q8oa/discuss_the_vs_fashion_show_under_here/,njpqbkt,t1_njpjzu7,I think Madison Beer was lip-syncing. They definitely should have gone that route because the love vocals were not hitting.,7,1760573734.0,User_1143
2290,https://www.reddit.com/r/VictoriasSecret/comments/1o7q8oa/discuss_the_vs_fashion_show_under_here/,njpl8ff,t1_njpkect,i love twice but maybe that was a better idea,11,1760572046.0,User_1225
2291,https://www.reddit.com/r/VictoriasSecret/comments/1o7q8oa/discuss_the_vs_fashion_show_under_here/,njpqqbr,t1_njpkect,"I fear lip-syncing would have been better 🫣 since this isn’t a concert I actually don’t mind if they lip-sync. I want my focus to be on the looks and the models, but all I could focus on were the off key vocals.

But the models and the looks for the pink section also weren’t good. So all in all, the segment was bad.",2,1760573876.0,User_1143
2292,https://www.reddit.com/r/VictoriasSecret/comments/1o7q8oa/discuss_the_vs_fashion_show_under_here/,njpfc6m,t1_njpf2py,Totally get it. But I feel like they already did all their interviews on tik tok with the OGs. This just seemed def very chaotic and unorganized.,6,1760570017.0,User_1152
2293,https://www.reddit.com/r/VictoriasSecret/comments/1o7q8oa/discuss_the_vs_fashion_show_under_here/,njpozjr,t1_njpom6n,I did the same! Was the piece I’m most interested in and I didn’t even get to see it.,3,1760573295.0,User_1
2294,https://www.reddit.com/r/VictoriasSecret/comments/1o7q8oa/discuss_the_vs_fashion_show_under_here/,njpih3n,t1_njpi88f,agree 👏,8,1760571120.0,User_1137
2295,https://www.reddit.com/r/VictoriasSecret/comments/1o7q8oa/discuss_the_vs_fashion_show_under_here/,njpicac,t1_njpi88f,I did love Rihanna’s walk but she’s Rihanna 😍,11,1760571073.0,User_1129
2296,https://www.reddit.com/r/VictoriasSecret/comments/1o7q8oa/discuss_the_vs_fashion_show_under_here/,njpptwd,t1_njpi88f,girl what all these models had on were not VS wings they were some cheap ass shit,3,1760573569.0,User_1295
2297,https://www.reddit.com/r/VictoriasSecret/comments/1o7q8oa/discuss_the_vs_fashion_show_under_here/,njpxtuf,t1_njpi88f,Totally agree,1,1760576440.0,User_1315
2298,https://www.reddit.com/r/VictoriasSecret/comments/1o7q8oa/discuss_the_vs_fashion_show_under_here/,njpj5pu,t1_njpi5cu,"the singers should perform in between not during, ik they did that in the 2010s but it is super distracting. i prefer the early 00s when they had performances between segments.",5,1760571353.0,User_1149
2299,https://www.reddit.com/r/VictoriasSecret/comments/1o7q8oa/discuss_the_vs_fashion_show_under_here/,njpkjfq,t1_njpi5cu,Aaaand Karol G just walked out with some wings on too 🙄 wtf,2,1760571814.0,User_1145
2300,https://www.reddit.com/r/VictoriasSecret/comments/1o7q8oa/discuss_the_vs_fashion_show_under_here/,njq9x2m,t1_njpi5cu,"Literally like you had to work hard to get the honour of wearing their wings and nowadays it just given, and then you gets that model like last year upset because she didn’t get her wings but honestly I didn’t care, she should be elegant not acting like a brat, like I get it but you can’t expect to be asked to come back if your going to act like that, their wings should stay exclusive to hard working models that have spent hard earned time, effort and years on the vs runway and showing their dedication to the company",1,1760580892.0,User_1175
2301,https://www.reddit.com/r/VictoriasSecret/comments/1o7q8oa/discuss_the_vs_fashion_show_under_here/,njpnqv1,t1_njpnfai,me too i love missy but NONE of the artists they had so far have worked i feel like. i like the models dancing backstage though!!!,2,1760572884.0,User_1149
2302,https://www.reddit.com/r/VictoriasSecret/comments/1o7q8oa/discuss_the_vs_fashion_show_under_here/,njpnt4v,t1_njpnfai,me too i love missy but NONE of the artists they had so far have worked i feel like. i like the models dancing backstage though!!!,2,1760572906.0,User_1149
2303,https://www.reddit.com/r/VictoriasSecret/comments/1o7q8oa/discuss_the_vs_fashion_show_under_here/,njpj1x4,t1_njpixzu,Horrendous. Especially when you have the og girls walk first and they are a different class.,8,1760571318.0,User_1128
2304,https://www.reddit.com/r/VictoriasSecret/comments/1o7q8oa/discuss_the_vs_fashion_show_under_here/,njq8a4e,t1_njq0wv4,Also I don’t really associate Missy Elliott with Victoria secret so that was kinda weird and unnecessarily long,3,1760580275.0,User_1169
2305,https://www.reddit.com/r/VictoriasSecret/comments/1o7q8oa/discuss_the_vs_fashion_show_under_here/,njq9jnm,t1_njpoul5,"Fr I was like missy your amazing babe but please move you had your time to shine and a lot of it to, like more than all the models combined",1,1760580750.0,User_1175
2306,https://www.reddit.com/r/VictoriasSecret/comments/1o7q8oa/discuss_the_vs_fashion_show_under_here/,njprf8g,t1_njpldcw,"All I could think is, imagine being asked to be in a VS show and having to wear a t-shirt",5,1760574119.0,User_1316
2307,https://www.reddit.com/r/VictoriasSecret/comments/1o7q8oa/discuss_the_vs_fashion_show_under_here/,njqgv1m,t1_njpljk5,Were they giving us the Gen Z stares? 👀,1,1760583642.0,User_1317
2308,https://www.reddit.com/r/VictoriasSecret/comments/1o7q8oa/discuss_the_vs_fashion_show_under_here/,njpf6ah,t1_njpex5t,"i’m so excited!! I’m watching it on Tiktok, I hope it better than last year",3,1760569960.0,User_1318
2309,https://www.reddit.com/r/VictoriasSecret/comments/1o7q8oa/discuss_the_vs_fashion_show_under_here/,njpf9xn,t1_njpex5t,Andddd back to waiting,3,1760569995.0,User_1165
2310,https://www.reddit.com/r/VictoriasSecret/comments/1o7q8oa/discuss_the_vs_fashion_show_under_here/,nju6rx3,t1_njribbw,"I’m a vocal music graduate and teach kids music. I am quite literally certified in music education and performance. I have tried it and I do it daily, but thanks for your input!!",1,1760639124.0,User_1165
2311,https://www.reddit.com/r/VictoriasSecret/comments/1o7q8oa/discuss_the_vs_fashion_show_under_here/,njuicfk,t1_njribbw,Also you calling literal *models* “fatties” really shows how insecure you are. Defending an obviously pitchy performance so hard in the comments meanwhile berating professionals is **tacky**. Maybe you’re not on the right dosage of Lexapro or it just didn’t work for your truly nasty soul. Hope life treats you the way you deserve!,0,1760642596.0,User_1165
2312,https://www.reddit.com/r/VictoriasSecret/comments/1o7q8oa/discuss_the_vs_fashion_show_under_here/,njpndd5,t1_njpmo0v,Sports car is def a sexy song & idk what theyre doin 🤣 i woulda used that to my advantage. It woulda gave those first models a confidence. The beat. Everything,3,1760572758.0,User_1139
2313,https://www.reddit.com/r/VictoriasSecret/comments/1o7q8oa/discuss_the_vs_fashion_show_under_here/,njpxknx,t1_njpp85i,Yeah I could go without ever hearing any one of her hit songs ever again. Played tf out.,1,1760576349.0,User_1206
2314,https://www.reddit.com/r/VictoriasSecret/comments/1o7q8oa/discuss_the_vs_fashion_show_under_here/,njprsrd,t1_njpnsqw,When I saw Madison’s performance I instantly thought tell me you couldn’t get Sabrina bc that part would have been perfect for her!!,0,1760574256.0,User_1319
2315,https://www.reddit.com/r/VictoriasSecret/comments/1o7q8oa/discuss_the_vs_fashion_show_under_here/,njsbi5t,t1_njriljl,Their singing was objectively bad and offkey lol cope,2,1760618453.0,User_1195
2316,https://www.reddit.com/r/VictoriasSecret/comments/1o7q8oa/discuss_the_vs_fashion_show_under_here/,njpmbp4,t1_njpm7ix,Thanks! I thought so but wasn’t 1000% sure,2,1760572410.0,User_1191
2317,https://www.reddit.com/r/VictoriasSecret/comments/1o7q8oa/discuss_the_vs_fashion_show_under_here/,njplarq,t1_njpkz1d,I thought she was a performer,6,1760572068.0,User_1137
2318,https://www.reddit.com/r/VictoriasSecret/comments/1o7q8oa/discuss_the_vs_fashion_show_under_here/,njpjxmm,t1_njpjr1n,i think theres too many people watching i keep getting an error trying to pull it up,2,1760571612.0,User_1149
2319,https://www.reddit.com/r/VictoriasSecret/comments/1o7q8oa/discuss_the_vs_fashion_show_under_here/,njpl9kz,t1_njpl4d2,Okay I liked the first 3 outfits then wtf is it,1,1760572056.0,User_1132
2320,https://www.reddit.com/r/VictoriasSecret/comments/1o7q8oa/discuss_the_vs_fashion_show_under_here/,njppq42,t1_njplleh,She looked amazing though! I couldn’t keep my eyes off her in the group shot,2,1760573534.0,User_621
2321,https://www.reddit.com/r/VictoriasSecret/comments/1o7q8oa/discuss_the_vs_fashion_show_under_here/,njr98r1,t1_njqkk29,The man,1,1760598018.0,User_1227
2322,https://www.reddit.com/r/VictoriasSecret/comments/1o7q8oa/discuss_the_vs_fashion_show_under_here/,njr97r6,t1_njql8e1,People who think like u,-2,1760598002.0,User_1227
2323,https://www.reddit.com/r/VictoriasSecret/comments/1o7q8oa/discuss_the_vs_fashion_show_under_here/,njpoyom,t1_njpopv8,Amazon is showing more but wow I guess it’s wrong! That was so short 😭,2,1760573287.0,User_1166
2324,https://www.reddit.com/r/VictoriasSecret/comments/1o7q8oa/discuss_the_vs_fashion_show_under_here/,njpj0gv,t1_njphqju,twice sounds horrible 😭,6,1760571304.0,User_1211
2325,https://www.reddit.com/r/VictoriasSecret/comments/1o7q8oa/discuss_the_vs_fashion_show_under_here/,njpnz5j,t1_njpmjla,I’m 182cm 75kg hunti… but I’m not a VS model babes so it’s irrelevant rlly.,-2,1760572961.0,user_deleted
2326,https://www.reddit.com/r/VictoriasSecret/comments/1o7q8oa/discuss_the_vs_fashion_show_under_here/,njrjkkw,t1_njpmrwa,literally like these charity hires are giving NOTHING bring back the iconic angels who are literally drop dead gorgeous,3,1760604491.0,User_1293
2327,https://www.reddit.com/r/VictoriasSecret/comments/1o7q8oa/discuss_the_vs_fashion_show_under_here/,njpo3t5,t1_njpmrwa,They’re gonna downvote u but that’s literally what MODELLING is about. Unhealthy or not it’s meant to be for the unrealistically beautiful people,2,1760573006.0,user_deleted
2328,https://www.reddit.com/r/VictoriasSecret/comments/1o7q8oa/discuss_the_vs_fashion_show_under_here/,njrq8tm,t1_njrj6vz,"I mean they might have been energetic, but the energy they were giving was messy tbh, they were so off key in some moments..",2,1760608613.0,User_1246
2329,https://www.reddit.com/r/VictoriasSecret/comments/1o7q8oa/discuss_the_vs_fashion_show_under_here/,njtts39,t1_njq2m94,Thank you for the correction! I didnt mean it in any bad way.,1,1760635321.0,User_1183
2330,https://www.reddit.com/r/VictoriasSecret/comments/1o7q8oa/discuss_the_vs_fashion_show_under_here/,njpofe5,t1_njpoafb,Oh the one segment I couldn’t see 💩,1,1760573114.0,User_1130
2331,https://www.reddit.com/r/VictoriasSecret/comments/1o7q8oa/discuss_the_vs_fashion_show_under_here/,njpozde,t1_njpokmq,"Yeah, the fatty comments need to stop.",6,1760573294.0,User_1143
2332,https://www.reddit.com/r/VictoriasSecret/comments/1o7q8oa/discuss_the_vs_fashion_show_under_here/,njprjfk,t1_njpokmq,Yup! And you can see it’s a mindset problem because the downvotes prove it; it’s so easy for them to be disrespectful behind a screen and feel like they’re powerful when they’re just people like all of us,-3,1760574162.0,User_10
2333,https://www.reddit.com/r/VictoriasSecret/comments/1o7q8oa/discuss_the_vs_fashion_show_under_here/,nk1prfz,t1_njrjqft,… I wanna see plus size people in lingerie! And others do too 🫶🏽,1,1760739063.0,User_10
2334,https://www.reddit.com/r/VictoriasSecret/comments/1o7q8oa/discuss_the_vs_fashion_show_under_here/,njqavce,t1_njq83e0,The jeans!! That killed me! ,2,1760581261.0,User_1287
2335,https://www.reddit.com/r/VictoriasSecret/comments/1o7q8oa/discuss_the_vs_fashion_show_under_here/,njpn2ox,t1_njpmyqs,Straight out of Florida ahahaha I like her dark hair!,5,1760572660.0,User_1283
2336,https://www.reddit.com/r/VictoriasSecret/comments/1o7q8oa/discuss_the_vs_fashion_show_under_here/,njqbnjg,t1_njq218h,I think that was her choice? She’s had that hair color for a bit now and it’s terrible,1,1760581565.0,User_1283
2337,https://www.reddit.com/r/VictoriasSecret/comments/1o7q8oa/discuss_the_vs_fashion_show_under_here/,njyomvh,t1_njxn15c,"Yeah, the OGs definitely aren’t active angels anymore. I would assume they stopped it, since we haven’t been introduced to new angels.",1,1760705054.0,User_1143
2338,https://www.reddit.com/r/VictoriasSecret/comments/1o7q8oa/discuss_the_vs_fashion_show_under_here/,njq79vk,t1_njq74z9,I am Aware. We need influencers to go bye bye,5,1760579907.0,User_1267
2339,https://www.reddit.com/r/VictoriasSecret/comments/1o7q8oa/discuss_the_vs_fashion_show_under_here/,nk84rb0,t1_nk7m8vr,It would be understandable if she was pissed. VS does such a bad job sometimes at rewarding the models who have done great work for the brand. I was just reminded of Barbara Palvin yesterday. Why did it take 6+ years for them to name her an angel?,1,1760831909.0,User_1280
2340,https://www.reddit.com/r/VictoriasSecret/comments/1o7q8oa/discuss_the_vs_fashion_show_under_here/,njpjzcx,t1_njpj42n,The outfits were so boring 😭,9,1760571628.0,User_1145
2341,https://www.reddit.com/r/VictoriasSecret/comments/1o7q8oa/discuss_the_vs_fashion_show_under_here/,njpxr3z,t1_njpqbkt,She def was lip syncing lol There was a moment her last song kept playing while she was just standing  and she didn’t have her mic near her mouth and in the next few seconds the sound was exactly the same with the mic near her mouth.,3,1760576413.0,User_1315
2342,https://www.reddit.com/r/VictoriasSecret/comments/1o7q8oa/discuss_the_vs_fashion_show_under_here/,njplxi6,t1_njpl8ff,Fr 😭,2,1760572279.0,User_1291
2343,https://www.reddit.com/r/VictoriasSecret/comments/1o7q8oa/discuss_the_vs_fashion_show_under_here/,njpige7,t1_njpicac,She is an EXCEPTION.,8,1760571113.0,User_1137
2344,https://www.reddit.com/r/VictoriasSecret/comments/1o7q8oa/discuss_the_vs_fashion_show_under_here/,njqgmiu,t1_njpj1x4,Iiss the OG Angels! They were 🔥💯,1,1760583543.0,User_1317
2345,https://www.reddit.com/r/VictoriasSecret/comments/1o7q8oa/discuss_the_vs_fashion_show_under_here/,njpf9po,t1_njpf6ah,Omg ikkk I think they r gonna fr listen to us this year Im so excited I love when brands listen to,3,1760569993.0,User_1144
2346,https://www.reddit.com/r/VictoriasSecret/comments/1o7q8oa/discuss_the_vs_fashion_show_under_here/,njpfs82,t1_njpf6ah,I hope so too! I think its weird there was hardly any press for the show. Last year amazon had the show plastered on the app and on prime.,1,1760570176.0,User_1146
2347,https://www.reddit.com/r/VictoriasSecret/comments/1o7q8oa/discuss_the_vs_fashion_show_under_here/,njpfdcl,t1_njpf9xn,💆‍♀️,3,1760570029.0,User_1144
2348,https://www.reddit.com/r/VictoriasSecret/comments/1o7q8oa/discuss_the_vs_fashion_show_under_here/,njtn6ik,t1_njsbi5t,well considering they’ve been on tour and have had jam packed schedules non stop and they just flew in from out of the country they did well,-1,1760633418.0,User_1293
2349,https://www.reddit.com/r/VictoriasSecret/comments/1o7q8oa/discuss_the_vs_fashion_show_under_here/,njpqb8x,t1_njppq42,"Oh she is stunning for sure, and loved seeing her smiling and dancing too",2,1760573730.0,User_10
2350,https://www.reddit.com/r/VictoriasSecret/comments/1o7q8oa/discuss_the_vs_fashion_show_under_here/,njs3ere,t1_njr97r6,You don’t even know me. What’s woke culture?,3,1760615208.0,User_2
2351,https://www.reddit.com/r/VictoriasSecret/comments/1o7q8oa/discuss_the_vs_fashion_show_under_here/,njrp3e2,t1_njrna8t,agreed so much ! it doesn’t look good on fat people and that’s okay to admit 😭 like i want the adriana lima body type models not the charity cases,2,1760607937.0,User_1293
2352,https://www.reddit.com/r/VictoriasSecret/comments/1o7q8oa/discuss_the_vs_fashion_show_under_here/,njpjma2,t1_njpj0gv,ykw i love twice but ur not wrong they did sound off,1,1760571507.0,User_1173
2353,https://www.reddit.com/r/VictoriasSecret/comments/1o7q8oa/discuss_the_vs_fashion_show_under_here/,njq0rs9,t1_njpnz5j,if you’re not a model or an agent you have zero business deciding what should be on a stage you have no place on,0,1760577508.0,User_1141
2354,https://www.reddit.com/r/VictoriasSecret/comments/1o7q8oa/discuss_the_vs_fashion_show_under_here/,njq5hcc,t1_njq4via,No the girl wearing it in the show hahah 😅,1,1760579249.0,User_621
2355,https://www.reddit.com/r/VictoriasSecret/comments/1o7q8oa/discuss_the_vs_fashion_show_under_here/,njtmlyy,t1_njrq8tm,they’ve been on tour so obviously they’re gonna be tired and their voices are gonna be messed up,0,1760633253.0,User_1293
2356,https://www.reddit.com/r/VictoriasSecret/comments/1o7q8oa/discuss_the_vs_fashion_show_under_here/,njqfj77,t1_njq79vk,Ikr the classic OG VS models carried the entire show 👏,5,1760583099.0,User_1317
2357,https://www.reddit.com/r/VictoriasSecret/comments/1o7q8oa/discuss_the_vs_fashion_show_under_here/,njq8iil,t1_njpjzcx,Frrrr,1,1760580360.0,User_1175
2358,https://www.reddit.com/r/VictoriasSecret/comments/1o7q8oa/discuss_the_vs_fashion_show_under_here/,njtbyp3,t1_njs3ere,"They’re a troll, don’t bother",1,1760630100.0,User_1306
2359,https://www.reddit.com/r/VictoriasSecret/comments/1o7q8oa/discuss_the_vs_fashion_show_under_here/,njtb2lx,t1_njs3ere,Why are you asking questions you know the answer to ? What are you trying to prove,-2,1760629839.0,User_1227
2360,https://www.reddit.com/r/VictoriasSecret/comments/1o7q8oa/discuss_the_vs_fashion_show_under_here/,njqii6l,t1_njqfj77,"fr! i'm for body positivity and inclusivity, but the new 'models' are just lacking. influencers have no place on the runway imo",6,1760584321.0,User_7
2361,https://www.reddit.com/r/VictoriasSecret/comments/1o7q8oa/discuss_the_vs_fashion_show_under_here/,njtbhha,t1_njtb2lx,Just answer the question lmfao what’s the problem? What’s woke culture?,3,1760629960.0,User_2
